timestamp,heart_rate,rr_intervals,sleep_stage,spo2,activity_level,time_in_bed_min,total_sleep_min
2023-12-01 00:00:00,75.9,"[1065.0590880414577, 1123.730309418324, 1020.6274842204879, 972.0021967649529, 976.6600711667852]",deep,96.6,4.7,480,450
2023-12-01 00:30:00,56.7,"[969.164310841416, 962.0206239832679, 978.267468135194, 986.3032893459186, 1176.1872310423619]",deep,96.1,3.1,480,450
2023-12-01 01:00:00,51.1,"[1020.3452808882518, 947.6113212793866, 826.1114538818482, 970.744925706935, 1034.2448829000348]",deep,95.9,4.4,480,450
2023-12-01 01:30:00,65.9,"[908.4598350989759, 1021.3379983457922, 1011.1126978216837, 972.0203908428261, 1095.9809518832508]",deep,95.9,5.8,480,450
2023-12-01 02:00:00,64.2,"[1012.2510107531263, 1054.3547810969042, 914.1289087308894, 1035.4525271793796, 978.1656186762594]",rem,95.2,5.8,480,450
2023-12-01 02:30:00,66.9,"[1039.1860815517348, 910.1715795439637, 1072.8702617878555, 1016.4179755739209, 1011.7156958976605]",rem,96.4,4.3,480,450
2023-12-01 03:00:00,59.0,"[912.0890277279211, 1015.6238250371755, 1002.1230229102763, 923.569616216178, 980.9175578507566]",rem,96.2,3.9,480,450
2023-12-01 03:30:00,56.8,"[1020.1515866454621, 976.8622216557209, 928.9299599077617, 931.222990907793, 977.7615244114211]",rem,95.6,9.0,480,450
2023-12-01 04:00:00,57.6,"[943.8684845708771, 949.050468676691, 1015.2679938819222, 914.8737418441077, 1077.224399674957]",light,96.1,4.1,480,450
2023-12-01 04:30:00,56.7,"[912.2507575946903, 951.3922809306946, 985.9856641766751, 869.4290060121218, 1019.8762648801022]",light,96.2,8.6,480,450
2023-12-01 05:00:00,51.5,"[1073.3017348755632, 1042.1633760820046, 934.7991113492327, 1036.3698758896135, 942.9815359862121]",light,96.6,4.4,480,450
2023-12-01 05:30:00,60.4,"[1017.8631032809458, 955.1801087780117, 1007.5703986797823, 1034.6707737568731, 1012.7783057487109]",light,96.8,3.7,480,450
2023-12-01 06:00:00,87.3,"[785.1642498241054, 783.2056844964864, 774.7949841816525, 828.2341323729618, 780.304658296]",awake,97.5,16.5,0,0
2023-12-01 06:30:00,84.4,"[924.5347688207374, 748.9390712935713, 806.6949611412767, 819.4981236037944, 785.3202465039665]",awake,98.9,22.4,0,0
2023-12-01 07:00:00,152.5,"[409.24591778437156, 445.87144490527766, 441.6646804400845, 389.03955860557244, 402.47830079217897]",awake,98.6,83.2,0,0
2023-12-01 07:30:00,138.6,"[450.76222220259905, 441.67821181866054, 452.586205941021, 395.6033044428947, 437.25632271218694]",awake,99.0,83.3,0,0
2023-12-01 08:00:00,145.8,"[414.19618803657875, 464.2430371617563, 451.33450842834725, 448.64957699352027, 432.841386268689]",awake,97.8,85.1,0,0
2023-12-01 08:30:00,155.2,"[421.5856242685645, 374.6456653206284, 432.4302878497439, 467.3531746815906, 473.8039672904]",awake,98.4,83.0,0,0
2023-12-01 09:00:00,92.8,"[755.312207519105, 739.0959373791102, 848.3493762616074, 852.5910019429892, 757.743323799862]",awake,98.1,17.6,0,0
2023-12-01 09:30:00,74.9,"[806.7825819861409, 801.1103083658566, 807.4792803767082, 817.3863186434478, 795.1774006118836]",awake,98.5,24.9,0,0
2023-12-01 10:00:00,77.6,"[814.0537302846229, 844.8048490929584, 847.9183084577826, 851.3685169318894, 796.5098171165882]",awake,98.1,17.4,0,0
2023-12-01 10:30:00,80.5,"[805.8420375706447, 816.2179227771286, 779.7583812123063, 753.2967157499968, 722.8702581896061]",awake,98.8,0.0,0,0
2023-12-01 11:00:00,75.7,"[831.3967228369918, 801.5521915289909, 776.7600869258855, 788.146053723668, 878.4501347458975]",awake,97.7,12.9,0,0
2023-12-01 11:30:00,66.7,"[776.1025191650074, 837.2649424232173, 763.7021747224862, 779.4943782477138, 785.8891757023983]",awake,97.9,7.3,0,0
2023-12-01 12:00:00,72.6,"[858.2499705540258, 776.6608418596085, 831.8227236143074, 759.8969704989772, 896.992043202691]",awake,98.2,36.8,0,0
2023-12-01 12:30:00,74.8,"[858.2575337555302, 809.9338514277399, 837.9873774488325, 821.5884953531784, 789.4155463929077]",awake,98.2,8.9,0,0
2023-12-01 13:00:00,66.6,"[793.0055839765959, 828.4703344029438, 825.3666228798545, 822.8349263654826, 819.2451196304831]",awake,97.6,30.0,0,0
2023-12-01 13:30:00,73.6,"[716.8482785342754, 881.0717130351161, 729.5745512113763, 777.9045613953507, 822.3199355220528]",awake,98.7,0.0,0,0
2023-12-01 14:00:00,88.7,"[700.7827238327939, 803.5672991979574, 721.4876414922982, 751.3338359150592, 816.1010968259193]",awake,97.6,28.2,0,0
2023-12-01 14:30:00,76.4,"[829.7074080755921, 775.0484991080954, 759.6205435643988, 858.1598623262171, 824.1161536709723]",awake,97.9,12.4,0,0
2023-12-01 15:00:00,70.9,"[745.328258876565, 802.6488637188036, 898.6731905072022, 792.9596990958526, 828.4274610429666]",awake,98.1,30.1,0,0
2023-12-01 15:30:00,69.3,"[789.1089431686377, 800.5485326268163, 774.6087822287778, 925.1721807195158, 748.9209385425894]",awake,98.3,28.6,0,0
2023-12-01 16:00:00,78.8,"[816.6016968095784, 778.9464668914509, 788.141008990986, 818.129115150976, 732.899828676998]",awake,96.6,30.6,0,0
2023-12-01 16:30:00,61.1,"[760.318836500481, 837.707910764596, 760.092849972032, 814.7567867882442, 793.9742271146762]",awake,98.2,34.3,0,0
2023-12-01 17:00:00,82.9,"[793.546714614652, 801.4117949999012, 810.2623759951126, 785.7815470215379, 796.1252961605124]",awake,98.2,23.5,0,0
2023-12-01 17:30:00,67.9,"[820.4691233479988, 802.5376283535254, 779.8781181536426, 851.7497398950378, 799.6633266878173]",awake,98.1,34.5,0,0
2023-12-01 18:00:00,65.8,"[820.5227465956161, 781.1987319654384, 849.6319738624818, 795.5568232928332, 772.3720898028014]",awake,97.8,14.7,0,0
2023-12-01 18:30:00,71.5,"[783.300073835063, 765.3386818578671, 813.387206055222, 810.4361065794848, 771.8015365640942]",awake,97.6,9.9,0,0
2023-12-01 19:00:00,85.6,"[764.5139945738448, 777.4321966941981, 798.6064162975356, 755.2172922367109, 822.5797722409654]",awake,98.3,23.3,0,0
2023-12-01 19:30:00,78.4,"[824.0382148813931, 784.0777019226351, 809.7622556156366, 837.9397828319337, 818.8941830591373]",awake,98.2,14.4,0,0
2023-12-01 20:00:00,59.2,"[764.5712282017666, 806.893473516892, 793.5589612787861, 804.3599592693731, 766.9838283238138]",awake,97.2,0.8,0,0
2023-12-01 20:30:00,68.6,"[792.5768775809851, 751.0621233447356, 870.982391097564, 767.1633017579437, 788.2024372955148]",awake,98.0,33.3,0,0
2023-12-01 21:00:00,73.7,"[861.0598526956377, 793.2198769008801, 810.3520516001569, 739.5023710613818, 814.5833214560537]",awake,98.1,25.2,0,0
2023-12-01 21:30:00,68.0,"[805.720857570783, 818.1960953368604, 823.2236855202722, 814.9899186306069, 848.5134858012739]",awake,98.1,20.1,0,0
2023-12-01 22:00:00,60.4,"[1057.5539170968477, 933.9397449446283, 1087.1777611297032, 951.417687792229, 996.2807566299505]",light,95.6,6.4,480,450
2023-12-01 22:30:00,66.1,"[1119.292858401283, 1010.5340699110455, 1007.1697507379669, 1043.0640480176376, 928.9039477014937]",light,96.0,5.7,480,450
2023-12-01 23:00:00,67.3,"[1022.6091031090382, 1045.572128858957, 1002.5697579304043, 1026.3774159455832, 1025.3794484971504]",light,95.4,7.9,480,450
2023-12-01 23:30:00,64.3,"[958.3565365080832, 1047.4395190343084, 1022.7650641593199, 951.5498007691417, 1020.108395119299]",light,96.4,3.0,480,450
2023-12-02 00:00:00,63.4,"[1043.2932962406524, 924.6221531804769, 933.9838266188502, 959.9864554245096, 1029.9486145131104]",deep,96.4,2.7,480,450
2023-12-02 00:30:00,56.8,"[964.4151655897987, 1029.0147336561688, 1043.7980269257494, 1024.87058503064, 1012.0170154620466]",deep,96.4,7.1,480,450
2023-12-02 01:00:00,56.5,"[1058.2398013569948, 974.6116883812065, 992.7140895796404, 953.4213567840623, 1054.7671896827055]",deep,95.3,3.5,480,450
2023-12-02 01:30:00,57.4,"[1028.3618618038884, 1014.7843910379081, 988.6975639533227, 1002.5226370154973, 997.9792354426072]",deep,95.1,2.3,480,450
2023-12-02 02:00:00,60.6,"[1009.0935338744287, 1046.4732516537715, 969.0766048382984, 1042.186220818432, 1000.451399367177]",rem,95.5,6.2,480,450
2023-12-02 02:30:00,57.2,"[986.9721448461039, 1044.257140684121, 994.9402221565022, 1000.549712591501, 1074.6493406112327]",rem,96.3,5.9,480,450
2023-12-02 03:00:00,66.1,"[980.6378357019466, 1013.6837868698439, 990.4488879868849, 1046.328109785914, 908.0390084624182]",rem,95.7,7.9,480,450
2023-12-02 03:30:00,74.4,"[1094.4003374746237, 999.8542601974483, 1015.3825781711255, 984.1991806685423, 942.3044879274314]",rem,95.5,5.6,480,450
2023-12-02 04:00:00,57.6,"[1000.7151010746321, 995.0241614121122, 983.3217965210843, 982.9291439462097, 978.2671331331197]",light,96.5,3.9,480,450
2023-12-02 04:30:00,60.2,"[970.2101105880074, 988.9856385403025, 980.5366309973814, 1014.029068937429, 952.955931381341]",light,96.5,4.8,480,450
2023-12-02 05:00:00,55.1,"[978.9800194770711, 991.3874918014001, 1019.0395381638409, 1001.6474311415724, 1084.863077284436]",light,96.4,8.8,480,450
2023-12-02 05:30:00,62.7,"[1040.4718528050937, 931.7002876361867, 1014.0128966776033, 1041.6988697916972, 987.7537607416305]",light,96.0,5.9,480,450
2023-12-02 06:00:00,84.1,"[758.3824709582084, 786.2826028355086, 742.624224175213, 796.5154232136734, 807.219600419416]",awake,97.0,31.3,0,0
2023-12-02 06:30:00,79.2,"[841.9688664674351, 827.5502505083176, 853.2088300274852, 773.7892734093568, 834.834914398499]",awake,97.2,13.6,0,0
2023-12-02 07:00:00,74.1,"[726.8125901808842, 795.7922435121169, 820.5690218504035, 753.6238649296424, 858.2954954077179]",awake,97.2,29.6,0,0
2023-12-02 07:30:00,87.8,"[823.3032538242584, 790.7060234891044, 709.5956552947474, 804.9694611518404, 804.0534875813174]",awake,97.3,6.9,0,0
2023-12-02 08:00:00,78.6,"[887.8938273634421, 774.6762153974588, 709.8214768014501, 778.3577630970534, 794.4737882525908]",awake,97.7,18.0,0,0
2023-12-02 08:30:00,80.1,"[787.0768782366499, 853.8815971439205, 831.9934590792349, 810.6818102690879, 809.454216917951]",awake,98.5,19.8,0,0
2023-12-02 09:00:00,65.4,"[805.2322266989225, 793.2435876007083, 841.0326658347341, 811.579789218857, 801.5477823118739]",awake,97.5,25.0,0,0
2023-12-02 09:30:00,63.1,"[830.8009763020909, 798.6075002552778, 818.4028401364627, 795.7023488475185, 772.4335086006266]",awake,98.4,16.1,0,0
2023-12-02 10:00:00,77.4,"[793.3429037368732, 791.4746364546589, 840.32586989255, 723.6547357779655, 740.6404590055621]",awake,98.0,12.8,0,0
2023-12-02 10:30:00,57.6,"[783.2744319054754, 785.9365770272188, 825.3139666270132, 814.1914982145181, 781.280207726056]",awake,97.6,19.4,0,0
2023-12-02 11:00:00,72.1,"[829.2836777666141, 806.8422051289734, 838.7985794270435, 752.9288901053361, 742.9827254867378]",awake,96.9,26.0,0,0
2023-12-02 11:30:00,70.7,"[825.7227471696025, 756.9394235917573, 778.1349954120084, 768.6349757635717, 818.4060591112288]",awake,97.4,24.5,0,0
2023-12-02 12:00:00,78.4,"[798.6051571649631, 846.4699183945003, 791.8467543768219, 793.601413457426, 788.5852440884188]",awake,98.7,11.4,0,0
2023-12-02 12:30:00,78.4,"[750.1924014283526, 781.5400510457944, 730.0891025233309, 792.744434874231, 735.3842325986581]",awake,98.1,16.9,0,0
2023-12-02 13:00:00,60.8,"[731.4374695714723, 804.6055475477251, 791.5907365133818, 818.5555132560415, 810.1552875422217]",awake,98.6,2.0,0,0
2023-12-02 13:30:00,58.4,"[785.6985416970568, 821.0188778973746, 906.6691130827429, 808.4833956741334, 825.6382063806865]",awake,99.0,18.0,0,0
2023-12-02 14:00:00,80.2,"[767.0014846758464, 823.3303555740816, 761.3834778857109, 759.3341433035287, 704.0474024023625]",awake,98.6,22.3,0,0
2023-12-02 14:30:00,72.0,"[781.5375380879746, 772.4274418882368, 855.0987647581103, 856.1098601899481, 817.1219976462808]",awake,97.4,11.6,0,0
2023-12-02 15:00:00,77.0,"[738.4125548568725, 867.5318790687534, 741.0210876773526, 819.0325554659598, 830.7931822434563]",awake,98.1,24.9,0,0
2023-12-02 15:30:00,90.6,"[812.2692240456007, 802.2999102272415, 818.2638502799925, 726.6175423805787, 882.6143452522931]",awake,97.4,19.0,0,0
2023-12-02 16:00:00,78.6,"[777.3956099906487, 756.1245475777606, 766.894093222575, 811.8928712602107, 820.2227881694563]",awake,98.4,12.6,0,0
2023-12-02 16:30:00,88.6,"[804.8421373782966, 738.9161502732752, 783.4302404118877, 818.7954258243244, 765.6359566644147]",awake,98.6,21.8,0,0
2023-12-02 17:00:00,71.0,"[782.0146204814658, 850.6309992057741, 779.2243956092053, 896.9526016152976, 744.6606719753507]",awake,97.9,25.9,0,0
2023-12-02 17:30:00,75.0,"[794.6951088742871, 814.0539499787697, 792.5720022206319, 800.9572276914377, 828.6263716315373]",awake,98.1,17.1,0,0
2023-12-02 18:00:00,76.4,"[783.3069547051883, 804.8693241623937, 771.4633457268471, 743.0096127726241, 731.5119069568613]",awake,97.6,37.0,0,0
2023-12-02 18:30:00,84.3,"[846.9681907914909, 780.9848710930185, 845.3733855371769, 829.6920496967139, 779.7817366131137]",awake,97.4,30.0,0,0
2023-12-02 19:00:00,70.8,"[807.3205157949477, 854.748779151798, 798.6709844327132, 771.9663241862805, 781.3996346728584]",awake,98.2,32.9,0,0
2023-12-02 19:30:00,79.9,"[818.7496907349235, 810.3520979968083, 863.4634641594942, 756.203573875557, 733.4830878638613]",awake,97.5,33.6,0,0
2023-12-02 20:00:00,65.1,"[756.944006484793, 842.116345312168, 818.9777370318604, 803.1924451724271, 797.0252591910486]",awake,97.0,28.7,0,0
2023-12-02 20:30:00,80.7,"[832.0889205499341, 784.8043550198164, 792.0410341886153, 773.9900704284307, 881.2411708294553]",awake,98.6,1.1,0,0
2023-12-02 21:00:00,71.0,"[869.1726633304261, 777.8346365205554, 825.0110865807912, 801.6077052173752, 794.4983358856023]",awake,97.7,21.0,0,0
2023-12-02 21:30:00,71.6,"[800.2670116286071, 839.2441453758915, 821.1045428537709, 805.6095561868276, 816.7719037745236]",awake,97.5,42.5,0,0
2023-12-02 22:00:00,62.4,"[1021.1137640597267, 1073.3632669553701, 979.1503768012705, 975.829742318044, 978.2234751980808]",light,96.7,4.7,480,450
2023-12-02 22:30:00,58.8,"[1019.6889051482245, 924.4362479513533, 1050.2971687870618, 999.8868168530065, 933.8237962293655]",light,95.9,9.8,480,450
2023-12-02 23:00:00,55.9,"[967.1538328724031, 1061.8624475445667, 1031.0600821004318, 1078.3621576621474, 1112.6720155288872]",light,96.5,6.1,480,450
2023-12-02 23:30:00,59.6,"[1054.660509925644, 1004.0469026531292, 1038.7438146609545, 930.5987451239321, 1011.3107558856875]",light,96.1,4.0,480,450
2023-12-03 00:00:00,60.6,"[960.8281923668488, 936.3251590972145, 994.6961117222395, 975.8666978298982, 957.7304658363414]",deep,96.3,2.4,480,450
2023-12-03 00:30:00,63.1,"[1015.7257867353194, 976.3963409012191, 1016.490459669886, 1070.3691858177153, 1065.453923066661]",deep,96.3,5.0,480,450
2023-12-03 01:00:00,59.6,"[1024.181830080172, 1074.5524158467263, 1067.9619991252994, 1025.841754980352, 997.3048986269297]",deep,95.7,4.1,480,450
2023-12-03 01:30:00,66.4,"[955.8178750015602, 1000.2060910335679, 1006.3637756030225, 956.6730962932543, 1009.6031371636502]",deep,95.9,9.1,480,450
2023-12-03 02:00:00,63.6,"[958.287067406033, 956.5221777027307, 1067.6476051810719, 1025.4866552736078, 1039.9129946530572]",rem,95.4,11.6,480,450
2023-12-03 02:30:00,57.8,"[1018.0057249546733, 994.2041425833726, 1058.7926322909111, 996.8257854391576, 983.2304336758314]",rem,95.4,5.4,480,450
2023-12-03 03:00:00,61.4,"[979.1287183754739, 1080.933715988488, 955.0699470635072, 1067.799306515124, 1032.0427611288453]",rem,95.6,2.3,480,450
2023-12-03 03:30:00,55.7,"[1028.2378840739702, 995.0660072787589, 967.5724479443917, 1080.5188464988148, 1012.7981802544475]",rem,95.6,2.5,480,450
2023-12-03 04:00:00,60.4,"[965.1914438634512, 1044.0480056660322, 902.1776915390753, 990.2970552686417, 1025.6695831834083]",light,95.8,8.0,480,450
2023-12-03 04:30:00,58.0,"[996.4583545664304, 992.2234852298491, 898.8660730800339, 939.165715757194, 1022.6566218140406]",light,96.5,3.5,480,450
2023-12-03 05:00:00,55.6,"[976.9583011689737, 1062.5267313671866, 1016.9229189968187, 956.1247363958345, 983.529238317672]",light,95.2,3.5,480,450
2023-12-03 05:30:00,51.7,"[884.9242745550246, 1026.48428834438, 975.6080471785382, 1030.8312662443568, 981.7428652183306]",light,95.2,4.4,480,450
2023-12-03 06:00:00,48.6,"[720.1696037674177, 775.710047336759, 832.304606137896, 798.1086844911674, 800.3480265148578]",awake,97.4,24.1,0,0
2023-12-03 06:30:00,76.7,"[768.3158508248526, 736.6956307243744, 790.402007942886, 807.4698766134751, 786.4875948183043]",awake,98.4,17.8,0,0
2023-12-03 07:00:00,89.1,"[771.1864560928408, 753.1257385555957, 791.3470009618056, 855.0384840536495, 750.4150668605258]",awake,96.9,40.1,0,0
2023-12-03 07:30:00,77.5,"[836.2948611040886, 833.0429268430347, 803.661380715926, 827.7575460216158, 799.1981146410398]",awake,98.7,11.5,0,0
2023-12-03 08:00:00,65.1,"[750.9261134919923, 803.2335501170463, 799.0032032451703, 740.4511113873787, 746.7238745887416]",awake,98.3,26.7,0,0
2023-12-03 08:30:00,83.9,"[822.5802764259556, 780.9860107764222, 753.2114531172585, 832.5723872674946, 772.2557486172343]",awake,97.9,18.2,0,0
2023-12-03 09:00:00,76.8,"[792.4280416350604, 819.4787649058246, 752.6909253364126, 880.8516857694685, 771.5620972022726]",awake,98.0,27.8,0,0
2023-12-03 09:30:00,75.4,"[700.5877227699782, 753.2942254634032, 842.3104439592674, 843.7395406685561, 862.5980611288845]",awake,97.5,24.0,0,0
2023-12-03 10:00:00,84.8,"[818.638246669063, 810.6038710405736, 838.4757190100223, 783.5994417989687, 810.5795024237281]",awake,98.4,30.9,0,0
2023-12-03 10:30:00,85.8,"[825.6452713741536, 795.2059877979968, 802.5131941094999, 753.8416709205655, 791.8655651640823]",awake,97.5,26.7,0,0
2023-12-03 11:00:00,86.1,"[784.8148181459151, 690.1859706108285, 695.4128583832957, 794.5857456073951, 797.2604364547802]",awake,98.6,22.1,0,0
2023-12-03 11:30:00,69.2,"[747.8918634301127, 806.6690291680306, 797.1935212384967, 766.4878209532442, 891.3812006752489]",awake,98.5,7.4,0,0
2023-12-03 12:00:00,89.0,"[737.0063575937265, 770.303617182895, 789.9162997820617, 761.767534618825, 819.6983388442641]",awake,98.6,0.0,0,0
2023-12-03 12:30:00,84.7,"[807.8441207753791, 809.3359160899766, 794.0512045942976, 831.9251422844901, 804.2958170874163]",awake,97.4,15.0,0,0
2023-12-03 13:00:00,76.1,"[798.5753450873602, 799.4167175322774, 827.1861048572392, 790.097271152936, 829.5885766440084]",awake,97.1,24.7,0,0
2023-12-03 13:30:00,66.0,"[768.8567559597402, 774.6649939202863, 818.2928479366657, 822.8159220550801, 826.2078751319617]",awake,97.9,15.1,0,0
2023-12-03 14:00:00,59.9,"[708.2019594346922, 805.4908015105214, 831.7552661026031, 868.2291867933852, 818.6636682280116]",awake,97.9,25.3,0,0
2023-12-03 14:30:00,79.0,"[764.0193351094904, 834.1796153781395, 860.2592606506844, 894.6017104133057, 801.3757552155984]",awake,98.2,25.7,0,0
2023-12-03 15:00:00,62.7,"[871.208555972823, 791.2308388699032, 846.3009014615733, 792.8642783814777, 779.1078048473335]",awake,98.3,35.1,0,0
2023-12-03 15:30:00,82.4,"[754.3390809057413, 740.5297450041215, 819.4325599286663, 800.3409973438502, 810.1784321259447]",awake,98.4,18.8,0,0
2023-12-03 16:00:00,71.5,"[890.3209331101777, 807.8388690844366, 809.8981016070778, 743.0918356102309, 809.9462569917243]",awake,97.2,14.3,0,0
2023-12-03 16:30:00,68.7,"[798.523385648466, 701.8873119558377, 810.2851032945133, 853.6683090776438, 756.2701630265589]",awake,97.7,21.9,0,0
2023-12-03 17:00:00,71.8,"[738.0134136129542, 890.2534576026912, 786.8881532921863, 744.5266661602733, 760.6184582361182]",awake,98.0,34.9,0,0
2023-12-03 17:30:00,80.7,"[824.1850069426675, 829.8229177440627, 810.8729654262345, 834.1745912981227, 766.3454221724531]",awake,98.2,17.2,0,0
2023-12-03 18:00:00,78.1,"[832.2022339260266, 781.6923204848192, 840.157808129488, 806.2930687357443, 818.2562778118394]",awake,98.3,26.4,0,0
2023-12-03 18:30:00,72.0,"[757.9730603520682, 838.6242962745307, 841.7377522892764, 798.5273425568921, 814.215047163988]",awake,98.3,27.7,0,0
2023-12-03 19:00:00,77.4,"[798.2304355886845, 828.3982388574857, 763.9991957768472, 815.9029500455591, 776.8500124068892]",awake,98.3,5.3,0,0
2023-12-03 19:30:00,67.6,"[731.1247588452021, 768.6555845763572, 642.2671952378519, 807.7786169915956, 820.2667906164598]",awake,97.9,12.1,0,0
2023-12-03 20:00:00,82.2,"[729.7540888250592, 832.512715523828, 777.514629820808, 768.501066674566, 797.6038538887]",awake,99.0,13.9,0,0
2023-12-03 20:30:00,87.2,"[791.932548657669, 769.9964375500091, 812.2335133600627, 771.4331948051828, 801.5917193941303]",awake,98.7,19.6,0,0
2023-12-03 21:00:00,94.0,"[850.5048754635881, 804.331287119351, 803.8319520363709, 829.6424910439912, 788.658570072213]",awake,98.4,0.0,0,0
2023-12-03 21:30:00,88.5,"[735.2135544356481, 785.3168571285388, 767.9648220692686, 812.4228354456086, 841.5548415939231]",awake,97.4,13.4,0,0
2023-12-03 22:00:00,70.7,"[957.8205375322295, 1035.9720563863095, 974.7469203627852, 955.7229398931885, 1041.493458923953]",light,95.8,3.9,480,450
2023-12-03 22:30:00,47.0,"[982.6402003258461, 971.6351143676079, 1038.6871831621202, 949.9791908585922, 1066.983688371903]",light,96.6,6.8,480,450
2023-12-03 23:00:00,57.2,"[982.419591430053, 1060.147027415139, 978.3637021909584, 997.1586595944334, 1045.2319225104961]",light,95.6,5.9,480,450
2023-12-03 23:30:00,63.0,"[1004.4030739674866, 991.3217262770496, 966.4335118905836, 998.2350363993958, 1053.307328654223]",light,95.9,6.0,480,450
2023-12-04 00:00:00,55.3,"[946.5679095520597, 1018.7569837813386, 979.0463107148685, 1029.1140805251678, 1018.3266875410707]",deep,95.4,4.5,480,450
2023-12-04 00:30:00,63.6,"[1032.4394382661203, 1083.7991443041572, 1067.3409871863716, 979.5958260871789, 1002.3410587541904]",deep,96.2,4.2,480,450
2023-12-04 01:00:00,61.7,"[973.3661540875316, 972.841805864697, 979.5620405138071, 954.7311476772846, 1019.9407929536227]",deep,96.3,5.4,480,450
2023-12-04 01:30:00,62.0,"[1006.902922382635, 987.555539164082, 989.2910265850451, 912.0486046950967, 941.7014871153192]",deep,96.6,1.8,480,450
2023-12-04 02:00:00,50.8,"[1062.0605737520623, 1045.8810986286687, 1079.9916107383538, 1009.6682495046969, 1026.3945851683065]",rem,95.1,0.6,480,450
2023-12-04 02:30:00,49.8,"[1076.194198188967, 928.433187317681, 887.1569627625879, 941.3834116042027, 982.2953453727636]",rem,95.7,5.8,480,450
2023-12-04 03:00:00,54.1,"[941.5284754798612, 953.9938214968892, 959.994107471087, 1032.110374140275, 968.3644804705316]",rem,95.7,1.0,480,450
2023-12-04 03:30:00,56.0,"[997.6811222580628, 974.5836581868507, 980.0346155342428, 978.5504956479517, 978.3712752181231]",rem,95.6,2.5,480,450
2023-12-04 04:00:00,56.9,"[1008.7303456017298, 971.5792235430614, 1034.5997127643893, 1004.3232350044595, 1058.4594426946821]",light,96.0,2.1,480,450
2023-12-04 04:30:00,62.9,"[982.3107694919943, 1017.5923275106337, 1057.4147010884649, 911.8015108990656, 982.4964228282979]",light,95.7,3.8,480,450
2023-12-04 05:00:00,69.1,"[928.6991044534659, 1053.733065816138, 1071.165393348393, 1023.3466831946093, 1063.6734240722476]",light,96.5,5.0,480,450
2023-12-04 05:30:00,57.5,"[964.1398212130782, 1038.969285736394, 949.4837428216312, 1004.6897385989121, 1053.0939984812348]",light,96.3,8.6,480,450
2023-12-04 06:00:00,67.0,"[763.3160829066112, 823.3140525255315, 758.1101265487251, 782.9755179480186, 848.7938281504889]",awake,98.3,12.0,0,0
2023-12-04 06:30:00,67.8,"[794.5380746088226, 844.1020493627357, 831.0961141735391, 817.997863086956, 761.0649727156169]",awake,98.2,34.2,0,0
2023-12-04 07:00:00,141.5,"[442.7646843451924, 386.9946941933382, 435.9456685683834, 425.6603502933508, 430.15887655705745]",awake,98.0,91.2,0,0
2023-12-04 07:30:00,138.1,"[419.90032588682163, 482.540302450446, 435.21147408107225, 429.0612959079336, 333.30585813985607]",awake,97.5,87.5,0,0
2023-12-04 08:00:00,151.1,"[498.77065683896853, 427.01216640352646, 417.0271556384668, 451.2267055605993, 391.2610646358262]",awake,98.3,80.8,0,0
2023-12-04 08:30:00,136.2,"[406.9149245412714, 382.4679413057934, 424.75928223079575, 450.56313271380964, 390.9350893538762]",awake,98.4,87.5,0,0
2023-12-04 09:00:00,76.3,"[800.5330881399846, 823.7015522359907, 771.4855030533855, 813.7511789178964, 784.8778663156003]",awake,97.9,26.4,0,0
2023-12-04 09:30:00,79.5,"[884.1674268026849, 731.5582975600317, 794.3050354929242, 871.7778348834152, 836.4866330749902]",awake,96.8,14.5,0,0
2023-12-04 10:00:00,65.4,"[774.310522776005, 760.4845868081271, 877.0456378125364, 828.8471519569654, 774.4868973040361]",awake,98.6,2.0,0,0
2023-12-04 10:30:00,73.1,"[828.2900990463025, 758.5315983948611, 792.8200145213098, 762.4332431119873, 769.3939949896591]",awake,98.7,20.2,0,0
2023-12-04 11:00:00,77.3,"[728.3798940341474, 828.0032455850037, 813.2437914222194, 816.1439512108243, 856.1207064004101]",awake,97.8,40.6,0,0
2023-12-04 11:30:00,73.2,"[794.6651606364406, 801.3633258325206, 830.2409741892455, 821.6741792055245, 743.2437070800679]",awake,98.0,19.2,0,0
2023-12-04 12:00:00,72.3,"[809.3217302976183, 794.259065592341, 801.6310204783691, 846.2355850466962, 762.7201687335523]",awake,97.5,25.9,0,0
2023-12-04 12:30:00,102.4,"[836.739015580073, 787.0668812442251, 817.9213608207111, 777.610982152006, 845.184771006387]",awake,98.0,16.4,0,0
2023-12-04 13:00:00,64.7,"[819.2853170970475, 867.7092560969168, 826.7207279274157, 810.2287754402305, 754.9599103606974]",awake,98.1,8.9,0,0
2023-12-04 13:30:00,77.3,"[796.1922660949278, 849.4833522774226, 773.3478513953803, 853.6806071842226, 784.8054587439177]",awake,98.1,23.3,0,0
2023-12-04 14:00:00,74.2,"[781.6246022031703, 797.7346103290982, 772.9376854754187, 793.8771128787632, 738.5305196423493]",awake,97.8,33.1,0,0
2023-12-04 14:30:00,83.6,"[811.6788151849461, 797.4329860950614, 786.0457257956009, 818.1158552143315, 751.7703212507841]",awake,97.2,28.8,0,0
2023-12-04 15:00:00,58.1,"[757.7787935272527, 776.8443332476589, 836.1798531586784, 841.393947671729, 780.2221180278061]",awake,98.6,18.9,0,0
2023-12-04 15:30:00,62.2,"[790.0475058042133, 767.4381181337358, 782.6457972271477, 770.892299597617, 782.6151615308282]",awake,97.5,13.3,0,0
2023-12-04 16:00:00,92.5,"[839.0685502320866, 779.2230143078094, 760.0369223018083, 842.1127884069911, 840.1901947970252]",awake,98.7,19.3,0,0
2023-12-04 16:30:00,74.4,"[858.3042093631249, 793.0631731045929, 840.9552459945949, 770.5638020374176, 787.1850800026604]",awake,98.8,19.6,0,0
2023-12-04 17:00:00,80.1,"[741.8419834533796, 764.369773842998, 823.3291417447074, 869.0346342348728, 837.9650628334913]",awake,97.6,36.2,0,0
2023-12-04 17:30:00,62.1,"[736.4271992122963, 784.2382833462156, 790.4843807164527, 835.8464189678739, 816.4821340404402]",awake,97.4,33.9,0,0
2023-12-04 18:00:00,79.1,"[808.9344572369868, 821.6051918686084, 736.734894940065, 875.2885871452553, 883.6863501775154]",awake,98.4,22.8,0,0
2023-12-04 18:30:00,77.5,"[806.7751935153523, 832.8079862167488, 784.2497342519538, 759.8010580926531, 779.7329726128844]",awake,98.0,15.5,0,0
2023-12-04 19:00:00,75.0,"[753.8046971456786, 842.2734000232663, 748.6608798325773, 827.6453913246229, 772.0821920207776]",awake,97.5,32.2,0,0
2023-12-04 19:30:00,93.8,"[781.6165057841023, 796.0701473234784, 849.037126704952, 801.185355329001, 770.4716873890247]",awake,98.1,23.6,0,0
2023-12-04 20:00:00,66.3,"[725.4743351940015, 865.4025960861267, 807.8986675803983, 765.6962771434539, 860.150835481656]",awake,98.0,26.2,0,0
2023-12-04 20:30:00,69.7,"[755.7435150065126, 835.9615985352091, 820.5445465651234, 888.9071136061077, 827.4404272195685]",awake,97.3,35.6,0,0
2023-12-04 21:00:00,94.8,"[834.9990622624447, 772.0299576979878, 719.6918971152328, 809.7168281100938, 778.1532105355092]",awake,97.3,21.2,0,0
2023-12-04 21:30:00,85.2,"[842.1014679509939, 845.29568298466, 810.4910036910096, 759.6077283580503, 771.6982454790552]",awake,98.2,23.1,0,0
2023-12-04 22:00:00,63.0,"[1066.676493673004, 944.2427052195102, 988.547022100319, 1042.8551707177614, 1040.4674131045838]",light,96.1,4.8,480,450
2023-12-04 22:30:00,62.4,"[937.5651761815072, 947.9822760177778, 948.1990857689228, 1006.1339970759869, 1029.2710465296702]",light,95.5,3.5,480,450
2023-12-04 23:00:00,60.7,"[997.1070975506417, 1003.0870747371606, 960.6488657893847, 1060.9436888875389, 1096.937948801575]",light,95.1,3.7,480,450
2023-12-04 23:30:00,66.1,"[1038.3059031271891, 992.37286236607, 1030.50612085179, 1114.3569922276602, 988.7020832951957]",light,95.7,7.3,480,450
2023-12-05 00:00:00,51.9,"[1097.2731643851282, 1029.0164784837932, 1018.5660227257295, 1078.5816287460234, 1079.0730963028009]",deep,95.7,8.5,480,450
2023-12-05 00:30:00,57.2,"[998.5562498709008, 1035.3819898088773, 1047.5834121491669, 1044.9264042840516, 942.5771107065951]",deep,96.3,6.4,480,450
2023-12-05 01:00:00,59.1,"[993.2641481247771, 1045.4979173876204, 1071.1869023809413, 955.1423175530708, 985.754820902172]",deep,96.5,4.0,480,450
2023-12-05 01:30:00,58.2,"[1030.4995274304445, 1009.7801823694142, 1040.1768070036217, 1061.2450060521248, 1041.6165936001175]",deep,96.3,5.6,480,450
2023-12-05 02:00:00,60.7,"[985.9848323612915, 927.4507617121135, 987.6325423196719, 1050.9597324877977, 1019.4871670267953]",rem,96.4,5.4,480,450
2023-12-05 02:30:00,58.9,"[946.5068013589228, 1061.2092470641167, 997.9540525337336, 969.8195807284136, 1066.490409237419]",rem,96.5,9.2,480,450
2023-12-05 03:00:00,48.7,"[1001.6072496973355, 1034.0725781071833, 1051.0659666044912, 1035.1692650351754, 979.4803486916226]",rem,95.9,3.8,480,450
2023-12-05 03:30:00,59.6,"[1038.9170355040385, 1021.1382186025551, 1089.7607622603252, 974.3849430576502, 981.3185755389419]",rem,95.3,4.3,480,450
2023-12-05 04:00:00,58.6,"[998.6060793310517, 1046.5147576176514, 1028.9241894620316, 1139.0982211744613, 972.1576871004497]",light,96.6,5.1,480,450
2023-12-05 04:30:00,65.0,"[1014.5779191478076, 977.501817884689, 1014.8993077747448, 1004.3663445489319, 1006.8279213556134]",light,96.1,4.0,480,450
2023-12-05 05:00:00,57.2,"[957.1123598014849, 1083.9274638799347, 988.092860033778, 930.5578308454856, 991.7292213294506]",light,95.6,2.4,480,450
2023-12-05 05:30:00,65.1,"[948.7084120007186, 1034.107317833554, 962.9645284226084, 1000.4828277325304, 970.0416597683543]",light,95.7,4.4,480,450
2023-12-05 06:00:00,92.2,"[797.9089947509925, 862.0801295923432, 847.8775740483666, 796.937445326082, 762.0704049338589]",awake,98.4,28.3,0,0
2023-12-05 06:30:00,82.7,"[852.9617553520778, 860.9726229618137, 870.1422711395967, 772.2519100419604, 707.6935079509801]",awake,99.0,11.4,0,0
2023-12-05 07:00:00,148.0,"[458.42370846527075, 428.13544800009754, 375.0864882444957, 449.3050091317361, 460.3673780715445]",awake,98.2,85.9,0,0
2023-12-05 07:30:00,144.9,"[424.8259974057132, 423.8206334834469, 407.28557547003214, 408.7494654701695, 447.9224262443441]",awake,98.2,92.0,0,0
2023-12-05 08:00:00,138.3,"[416.84345861148626, 455.14170174827046, 377.4367254372722, 412.9746910136516, 447.5145298108119]",awake,98.0,91.2,0,0
2023-12-05 08:30:00,144.6,"[414.6279731255205, 448.4625146762928, 409.7974251200716, 424.82228728777204, 437.98977952381813]",awake,97.7,82.7,0,0
2023-12-05 09:00:00,65.6,"[741.5558871645434, 756.0703130486961, 821.4289274361201, 715.8895367771332, 773.1835454257812]",awake,97.3,29.7,0,0
2023-12-05 09:30:00,85.5,"[813.2577862061818, 819.0441397684015, 760.8582892218897, 807.689199811303, 773.6097778082848]",awake,99.0,28.0,0,0
2023-12-05 10:00:00,79.3,"[722.6606557951266, 834.7216475834159, 865.6213136693482, 828.0390072191452, 750.5644716978129]",awake,98.2,17.7,0,0
2023-12-05 10:30:00,74.8,"[817.2466132874663, 797.3179200839623, 806.0444170656513, 866.7332926085394, 856.1465052127138]",awake,98.2,22.1,0,0
2023-12-05 11:00:00,61.8,"[782.543782628121, 784.3340456546059, 817.479457351225, 805.5991471335535, 898.6329666573994]",awake,97.7,20.2,0,0
2023-12-05 11:30:00,79.1,"[791.4220484790042, 848.5204424124943, 773.950639778133, 809.1740696614365, 838.8012689231775]",awake,97.9,17.9,0,0
2023-12-05 12:00:00,68.1,"[776.6966707627373, 787.6319234188104, 826.866787515666, 824.7215013441706, 812.9575525126328]",awake,97.8,13.9,0,0
2023-12-05 12:30:00,70.8,"[771.5971499149631, 765.1957144767524, 824.0053330310341, 810.200650351602, 766.1808689617349]",awake,98.0,31.1,0,0
2023-12-05 13:00:00,86.0,"[790.3291323520617, 766.5510308218019, 764.325016455149, 747.8299488728298, 788.2859633012071]",awake,98.8,9.2,0,0
2023-12-05 13:30:00,63.3,"[852.2348246662933, 825.6642739005052, 859.3974155461984, 824.3443606881144, 784.1217673968346]",awake,97.5,17.6,0,0
2023-12-05 14:00:00,62.3,"[804.6353321174502, 876.8791831095706, 862.4142608729525, 757.2115564535112, 831.3723588317238]",awake,98.7,28.3,0,0
2023-12-05 14:30:00,78.3,"[791.9992589339117, 765.8576927377824, 745.6078478540319, 771.4229187089178, 755.731031739647]",awake,98.7,13.9,0,0
2023-12-05 15:00:00,82.6,"[836.9496691109756, 797.5823382266901, 773.6851189532384, 765.5526527091994, 774.4973635237035]",awake,97.2,17.2,0,0
2023-12-05 15:30:00,70.2,"[814.1462251498888, 779.0701879067925, 773.7592840207765, 735.7168961531195, 739.6632446612444]",awake,97.0,34.9,0,0
2023-12-05 16:00:00,89.8,"[755.2135113972033, 814.4635573945501, 843.9744519848252, 746.3872185748102, 757.8388702338947]",awake,97.7,26.7,0,0
2023-12-05 16:30:00,62.8,"[802.6739295409424, 794.5581697665054, 765.9701337693031, 893.4247573191524, 745.4290996893484]",awake,97.8,14.5,0,0
2023-12-05 17:00:00,62.9,"[782.4413506143601, 822.8809058008945, 850.1876652817418, 794.8973160947809, 845.2157103168147]",awake,97.8,18.2,0,0
2023-12-05 17:30:00,76.6,"[771.2359894676333, 778.8723975719124, 825.3226028588278, 843.1596122946787, 713.5749920819926]",awake,97.1,34.1,0,0
2023-12-05 18:00:00,88.3,"[769.1315425220066, 719.2639522401723, 774.0514387700822, 784.6599832618623, 732.9117654847971]",awake,97.9,28.8,0,0
2023-12-05 18:30:00,72.4,"[815.5259958319184, 748.3153765120065, 841.8456900843823, 835.2432390208929, 853.4985786891407]",awake,97.7,27.2,0,0
2023-12-05 19:00:00,70.3,"[765.2916559929175, 765.23794035581, 869.6137133159075, 801.8994520150635, 813.9058946138063]",awake,98.2,16.4,0,0
2023-12-05 19:30:00,72.1,"[822.282471663328, 835.7477077887453, 796.6350912704681, 737.8576936902252, 800.9351458785168]",awake,97.7,26.4,0,0
2023-12-05 20:00:00,85.9,"[802.514234590613, 756.8901806440086, 777.6836372448686, 805.3097515500002, 778.9231435330602]",awake,98.3,25.8,0,0
2023-12-05 20:30:00,70.6,"[823.3952956575313, 871.665198625132, 839.9718413445665, 819.2086849577134, 760.7823617308218]",awake,97.9,25.4,0,0
2023-12-05 21:00:00,69.2,"[777.3958072403464, 799.8536458565841, 804.0264894750162, 826.7861898622592, 813.4290784393726]",awake,98.7,35.6,0,0
2023-12-05 21:30:00,79.8,"[764.1467836269834, 718.4514229564485, 712.5848197904135, 746.22407696851, 807.3409114622374]",awake,97.8,34.2,0,0
2023-12-05 22:00:00,62.8,"[988.0518390576897, 1060.6079630950346, 998.896308984307, 1002.468940548571, 925.1111754501768]",light,95.3,5.1,480,450
2023-12-05 22:30:00,65.0,"[1130.1928540408805, 986.3863303295994, 1037.795152093316, 1057.919136987967, 1097.6495859290706]",light,95.8,5.4,480,450
2023-12-05 23:00:00,65.1,"[976.7739299352111, 848.6434018630514, 934.0619750709596, 1000.2554801085386, 1034.4674160626482]",light,96.2,2.0,480,450
2023-12-05 23:30:00,55.8,"[1026.4551231930452, 970.8212899548678, 950.1356992777253, 958.3224714303203, 1000.825823731404]",light,96.2,2.4,480,450
2023-12-06 00:00:00,59.1,"[1026.7498723468843, 1036.7305085257885, 996.2228691894721, 992.6348527697481, 999.6792181449252]",deep,95.1,6.3,480,450
2023-12-06 00:30:00,62.5,"[1014.2936661854095, 995.5518456659865, 1008.9765886840588, 945.555146322572, 912.4519320295332]",deep,96.5,5.2,480,450
2023-12-06 01:00:00,62.5,"[922.8211565921774, 991.8612675214699, 1041.5067930538044, 1026.4391352926275, 1020.9413468326463]",deep,96.7,4.8,480,450
2023-12-06 01:30:00,61.7,"[1026.4829154831823, 972.3819658565218, 1016.7618672802811, 885.4952088911053, 951.6968575055632]",deep,96.2,6.5,480,450
2023-12-06 02:00:00,60.0,"[1002.4355512035362, 969.0726794281404, 1001.8601200769169, 1000.9908298438796, 1038.2699016669706]",rem,95.4,6.0,480,450
2023-12-06 02:30:00,65.2,"[1052.5598338419734, 885.0140049020133, 996.2791056918504, 990.0952811005968, 1059.442813667235]",rem,96.0,7.3,480,450
2023-12-06 03:00:00,52.0,"[919.505265040975, 1004.9355538992598, 1025.3700316694626, 1024.5409677085113, 1082.6165291080429]",rem,95.8,4.4,480,450
2023-12-06 03:30:00,68.0,"[986.7878159099467, 966.2891044672557, 1062.0686164431156, 958.2443544826322, 947.9234723935974]",rem,95.6,5.3,480,450
2023-12-06 04:00:00,59.9,"[1047.0074538717997, 927.4999435976267, 989.36503301642, 1024.559724652364, 1024.6539083521811]",light,95.9,3.0,480,450
2023-12-06 04:30:00,57.2,"[1052.685402953117, 927.7556307692068, 892.8296508839132, 1037.6138170115926, 1017.6503531166554]",light,95.5,4.8,480,450
2023-12-06 05:00:00,61.2,"[1015.2343041374163, 960.4304324520252, 971.9507941114824, 989.3452371678644, 991.548124727486]",light,96.4,7.3,480,450
2023-12-06 05:30:00,57.8,"[1035.2213844477496, 1065.4060228672124, 1011.7784363651489, 1022.2246482994035, 962.5818138936017]",light,95.7,3.2,480,450
2023-12-06 06:00:00,82.5,"[763.3580024392522, 844.6774568042307, 801.365228477405, 811.7465805050621, 803.1281248369384]",awake,99.0,0.0,0,0
2023-12-06 06:30:00,61.4,"[893.9613720708401, 834.1086888684089, 806.3628503725688, 793.6265577109555, 824.7979957340706]",awake,98.2,11.9,0,0
2023-12-06 07:00:00,151.2,"[418.95984036689316, 428.9334124123447, 416.9598200430695, 399.9326022544197, 426.2799396789365]",awake,96.9,89.2,0,0
2023-12-06 07:30:00,140.5,"[414.6240261193817, 475.5566361015568, 415.1701331122762, 448.4685749796405, 478.4721118004348]",awake,99.0,79.8,0,0
2023-12-06 08:00:00,153.7,"[441.07149369679456, 417.3214027555929, 401.3700882546478, 385.4346515302488, 385.5065774085781]",awake,97.2,81.8,0,0
2023-12-06 08:30:00,132.0,"[445.30881933140455, 381.8561030115011, 393.62142275347156, 455.49973347730094, 428.0607964033892]",awake,97.5,90.5,0,0
2023-12-06 09:00:00,91.7,"[777.187020145234, 792.8001280985193, 798.6328516102543, 775.3538663895359, 832.5876648705628]",awake,98.0,35.3,0,0
2023-12-06 09:30:00,84.7,"[812.6591069193473, 832.6250670890886, 825.164370792147, 779.8615479107016, 749.3313491670862]",awake,97.6,44.0,0,0
2023-12-06 10:00:00,56.9,"[788.9911434145703, 789.353709915203, 757.0909585360057, 803.7652611100439, 852.0431938860486]",awake,98.9,11.5,0,0
2023-12-06 10:30:00,76.8,"[861.3144695926455, 825.7055348647599, 834.1958581323275, 844.2177563557934, 824.7384497829614]",awake,97.9,8.3,0,0
2023-12-06 11:00:00,73.1,"[822.9874398688272, 844.3440290465905, 816.8106150157237, 763.1832559329611, 773.4994836787776]",awake,98.2,8.2,0,0
2023-12-06 11:30:00,84.0,"[745.8508305973871, 844.0181739286637, 785.9928476311167, 797.4470263720567, 740.0561792066503]",awake,97.1,15.9,0,0
2023-12-06 12:00:00,70.3,"[782.5745318044738, 817.759774370888, 830.1857891013594, 773.862770279599, 761.7076145874761]",awake,97.7,20.2,0,0
2023-12-06 12:30:00,78.4,"[782.9406429717259, 854.7675920563202, 816.1203705218402, 827.7884841862672, 816.4903128229201]",awake,97.7,26.7,0,0
2023-12-06 13:00:00,71.2,"[749.985464107837, 772.9420689344034, 808.5251147553213, 818.7403676665294, 733.7284318835843]",awake,98.3,35.1,0,0
2023-12-06 13:30:00,68.2,"[787.7612442643056, 741.2380254168685, 799.1195638305696, 716.3436908096846, 787.3166314708901]",awake,98.4,24.0,0,0
2023-12-06 14:00:00,68.1,"[834.8890664686405, 770.6106412762882, 846.3918888660144, 795.5782589177142, 774.7829336714411]",awake,98.0,11.6,0,0
2023-12-06 14:30:00,75.7,"[796.1790582117316, 810.2232002463215, 753.2726057545641, 823.6446745217521, 806.0864013870482]",awake,98.4,21.0,0,0
2023-12-06 15:00:00,66.2,"[803.626991493769, 862.0924416403723, 742.918914827974, 753.961974586344, 836.2658305462977]",awake,97.4,13.5,0,0
2023-12-06 15:30:00,86.7,"[752.031562371549, 877.8170086100473, 761.9056542408651, 841.4710723661622, 780.3974399047089]",awake,97.7,12.3,0,0
2023-12-06 16:00:00,78.1,"[781.8512981357165, 870.833156076776, 758.6481643710158, 851.7651827230774, 835.2568818958948]",awake,97.2,3.9,0,0
2023-12-06 16:30:00,67.9,"[753.840948476646, 798.9759732803154, 766.229572145058, 815.7865054487602, 752.2037943320358]",awake,98.4,0.3,0,0
2023-12-06 17:00:00,88.7,"[801.5669194949438, 802.2459491451124, 814.8284524964952, 811.7485118328311, 801.4870984280728]",awake,98.9,28.1,0,0
2023-12-06 17:30:00,73.8,"[742.7597056390854, 830.1847942435074, 812.6095398823622, 765.0966153008332, 750.5335476762275]",awake,97.9,12.1,0,0
2023-12-06 18:00:00,79.4,"[844.448332894383, 816.7750479062331, 722.0018946933321, 829.2148307134579, 836.2945916998065]",awake,98.0,14.0,0,0
2023-12-06 18:30:00,78.1,"[842.9526049668787, 785.8887003996716, 759.4005097853038, 870.6136217861277, 765.9871889665053]",awake,98.4,28.0,0,0
2023-12-06 19:00:00,80.4,"[841.000540733333, 815.8365788814863, 791.2575480333298, 743.3173678696803, 898.5655571192005]",awake,98.6,36.7,0,0
2023-12-06 19:30:00,75.0,"[835.9380738666675, 732.7660828493903, 829.953986602046, 793.7317962362307, 788.0340417311432]",awake,98.0,10.5,0,0
2023-12-06 20:00:00,87.5,"[781.2759089769417, 776.3078649219634, 848.089786585172, 776.242027225167, 796.075346043547]",awake,98.4,18.9,0,0
2023-12-06 20:30:00,71.9,"[788.5645410705799, 789.5137684891457, 758.4342832230176, 788.0851667054947, 798.0354300740463]",awake,98.0,12.7,0,0
2023-12-06 21:00:00,83.0,"[817.3861212495376, 774.8716693370026, 763.4045452749072, 882.5931806176876, 825.2835138353396]",awake,97.3,30.5,0,0
2023-12-06 21:30:00,76.8,"[832.6222929132033, 733.0820098459671, 770.6930666894393, 808.5976770612065, 761.9763307762944]",awake,97.0,33.5,0,0
2023-12-06 22:00:00,68.9,"[937.287605123743, 1039.5493803266206, 1034.006715498573, 1046.0902577840113, 1017.5308588047919]",light,95.6,6.3,480,450
2023-12-06 22:30:00,54.5,"[998.2262855385057, 910.8330802626206, 1086.8997171156718, 965.4052554917428, 952.6858171169864]",light,96.2,0.3,480,450
2023-12-06 23:00:00,52.6,"[1021.4057238447679, 995.4597287972115, 1036.6366606348688, 1076.116124095528, 992.8922782476129]",light,95.8,2.4,480,450
2023-12-06 23:30:00,60.9,"[973.6592099116518, 996.9416124723908, 1012.821647984426, 967.7722719921512, 1000.1172077474506]",light,96.5,2.0,480,450
2023-12-07 00:00:00,64.5,"[960.7555194835354, 1033.8297794656905, 862.2194623850551, 937.02601492699, 1102.0618670347017]",deep,95.5,4.8,480,450
2023-12-07 00:30:00,68.7,"[1007.0177219079447, 973.0613534936501, 1025.496270291202, 1009.4346471492285, 1010.3885589030214]",deep,96.3,6.6,480,450
2023-12-07 01:00:00,64.5,"[1017.1943476841191, 991.1158684477593, 964.8078513070873, 951.244196354512, 1081.5986239796591]",deep,95.4,7.1,480,450
2023-12-07 01:30:00,61.4,"[1026.992756317244, 1044.7540163964734, 985.1288912240528, 968.9176128065861, 1039.7780801993742]",deep,95.8,7.3,480,450
2023-12-07 02:00:00,55.9,"[1028.524720647323, 1083.8505580402912, 942.8894149112566, 998.1050955008727, 1030.9613429245283]",rem,95.7,6.6,480,450
2023-12-07 02:30:00,46.8,"[1006.7935599685247, 984.1102911456828, 947.795774542356, 1035.7938065508838, 982.1452214236597]",rem,96.6,6.9,480,450
2023-12-07 03:00:00,67.2,"[987.3059424731794, 945.234536328974, 1034.7444636356502, 1077.1955033766094, 969.9572721484906]",rem,96.3,7.1,480,450
2023-12-07 03:30:00,65.8,"[1073.0887628886414, 944.901465584145, 1165.4583177150494, 1041.413075851086, 990.7436527680383]",rem,95.5,6.1,480,450
2023-12-07 04:00:00,64.0,"[1009.4033416742795, 951.8536435747066, 1023.8769746970256, 1031.6558490709087, 1059.619635187638]",light,95.9,3.2,480,450
2023-12-07 04:30:00,55.3,"[964.4882282374949, 962.2980303156087, 1016.7904841951325, 1012.6135585179184, 963.0572063145371]",light,96.4,2.5,480,450
2023-12-07 05:00:00,62.2,"[1020.3250725668627, 1001.2043778296331, 978.5097430531371, 1037.0470981225526, 942.7774115762357]",light,95.9,0.9,480,450
2023-12-07 05:30:00,72.0,"[987.8777856854239, 1059.1418946566969, 999.0046525453182, 1010.3998846556838, 1028.5462842600396]",light,96.0,7.9,480,450
2023-12-07 06:00:00,67.9,"[785.1617339788783, 760.1410975681476, 833.9959973905421, 748.9774934404064, 856.5897126281263]",awake,98.1,12.5,0,0
2023-12-07 06:30:00,58.6,"[749.3335921831443, 784.9817007527618, 835.7109907481856, 804.4430379550598, 793.9639409647973]",awake,98.4,13.4,0,0
2023-12-07 07:00:00,149.9,"[403.82685903110826, 416.889193691671, 454.3237435524647, 457.0975008157594, 413.5240238251898]",awake,98.8,85.2,0,0
2023-12-07 07:30:00,138.2,"[408.1344889132787, 431.8619929349305, 471.70413222621136, 462.4052122263435, 395.57502484443546]",awake,98.2,95.0,0,0
2023-12-07 08:00:00,124.6,"[428.7062795690546, 453.36341771402283, 403.3757356111043, 474.28597825919087, 449.5408416477791]",awake,98.5,84.0,0,0
2023-12-07 08:30:00,123.8,"[431.67015866014646, 438.02030448100686, 448.15094413926874, 417.80298093575436, 421.6947444447563]",awake,96.9,86.4,0,0
2023-12-07 09:00:00,71.6,"[784.975363466749, 799.7551099539733, 822.8824666026657, 787.296388383975, 817.2193800989]",awake,98.0,18.9,0,0
2023-12-07 09:30:00,68.1,"[813.7192371481779, 807.9299102080493, 744.1396059495157, 760.4669416060127, 872.0326842342412]",awake,96.9,23.7,0,0
2023-12-07 10:00:00,71.4,"[829.3221240965779, 754.1790089539952, 785.7708384286755, 770.5758617320681, 819.77943619222]",awake,98.3,3.4,0,0
2023-12-07 10:30:00,75.5,"[836.9387602843615, 859.5756595776746, 806.0323248699599, 876.4720913179316, 854.4482759785661]",awake,97.4,26.5,0,0
2023-12-07 11:00:00,79.4,"[783.3119786205191, 790.9803723851568, 818.7974466471497, 824.3151324599254, 896.9918214184338]",awake,98.4,24.0,0,0
2023-12-07 11:30:00,90.2,"[777.3023474018431, 802.5596921173641, 861.1862269831972, 852.2351227914123, 805.9801765118552]",awake,98.9,12.1,0,0
2023-12-07 12:00:00,67.7,"[799.0392495367535, 727.6499930974359, 790.7138095072227, 815.1362335415071, 838.9594760761483]",awake,98.2,13.6,0,0
2023-12-07 12:30:00,79.1,"[781.8921927247281, 741.2434707411136, 769.1401194126952, 803.4631656982542, 852.3522533717077]",awake,97.6,10.4,0,0
2023-12-07 13:00:00,75.3,"[755.7397448028496, 824.1909943834834, 780.5314411444442, 840.0846224161089, 790.9508802735579]",awake,98.8,16.3,0,0
2023-12-07 13:30:00,72.7,"[755.6679863812146, 792.1714120753355, 822.2783481042632, 708.7144979174977, 780.0874581926576]",awake,98.4,30.7,0,0
2023-12-07 14:00:00,75.4,"[763.8357522982631, 781.6696467718829, 796.8398184128532, 789.3603316813156, 753.0621006701568]",awake,98.0,19.7,0,0
2023-12-07 14:30:00,67.4,"[750.1578530404586, 777.5464775381524, 853.8189220762905, 830.7293980081879, 794.7970097515824]",awake,98.0,20.6,0,0
2023-12-07 15:00:00,62.0,"[713.6066701303293, 758.4121844608577, 757.530595240465, 817.6748086316584, 696.4794292181089]",awake,97.6,29.0,0,0
2023-12-07 15:30:00,60.0,"[837.8336700467831, 753.8936008041513, 766.5213238548187, 802.4987382263635, 850.618245452531]",awake,97.8,8.3,0,0
2023-12-07 16:00:00,70.7,"[799.4143707227768, 851.606555493097, 818.6268265261353, 777.2504529695312, 772.8668591368519]",awake,98.1,16.5,0,0
2023-12-07 16:30:00,95.4,"[777.0531531582949, 791.705589264865, 827.3630540737886, 812.6131842682446, 728.8322371776737]",awake,97.8,23.6,0,0
2023-12-07 17:00:00,79.1,"[854.4078630347061, 774.458121021859, 705.1094710225253, 768.2140020534789, 736.4721260679837]",awake,97.7,13.6,0,0
2023-12-07 17:30:00,64.2,"[692.445935254071, 847.7106609783643, 778.5695796060155, 827.463875733486, 855.8208730596657]",awake,99.0,31.8,0,0
2023-12-07 18:00:00,81.8,"[807.1597606580898, 862.6264574945956, 815.4110996200167, 803.32328248397, 798.8609986639655]",awake,97.3,24.4,0,0
2023-12-07 18:30:00,73.8,"[774.1187082220645, 692.404604025676, 794.9715172244129, 738.6536425354485, 814.6738620912835]",awake,98.2,24.8,0,0
2023-12-07 19:00:00,72.6,"[798.9183891387327, 766.7775640458077, 822.5013208323115, 840.065855376495, 813.5091726812026]",awake,97.6,22.2,0,0
2023-12-07 19:30:00,72.7,"[809.4485779258054, 787.8803046274618, 727.2463104176456, 733.18472238265, 823.3954324250222]",awake,98.3,6.2,0,0
2023-12-07 20:00:00,56.3,"[780.3484246721284, 784.1262474804399, 836.4227836082002, 784.2431680656829, 831.3603636414765]",awake,97.5,33.0,0,0
2023-12-07 20:30:00,76.2,"[749.6307159041421, 770.3580872463385, 808.5817138738747, 849.7064494438234, 782.7910077798546]",awake,98.3,15.3,0,0
2023-12-07 21:00:00,67.5,"[767.7109346102528, 768.3160456738132, 800.973260623048, 771.759254228497, 798.7021912481204]",awake,97.6,28.4,0,0
2023-12-07 21:30:00,67.7,"[755.4536292495613, 757.965621071312, 805.1246957008074, 763.9638731923235, 810.6595247910982]",awake,97.6,16.3,0,0
2023-12-07 22:00:00,63.6,"[1033.205722811341, 1013.3617358669585, 1006.7740652634623, 966.072318723168, 960.8255252357895]",light,96.3,5.2,480,450
2023-12-07 22:30:00,59.8,"[986.0016105218531, 937.6634044635293, 1040.4099874225813, 930.5585585994327, 1000.7835101841887]",light,95.6,3.5,480,450
2023-12-07 23:00:00,63.1,"[1004.9569859804701, 927.6735751473758, 1022.5179861001994, 1100.6794826656396, 1031.75157702399]",light,95.9,7.1,480,450
2023-12-07 23:30:00,55.3,"[1038.2691275377256, 1000.7368423469406, 1069.5439858201682, 884.614291634591, 981.020679278595]",light,95.6,2.9,480,450
2023-12-08 00:00:00,59.8,"[1092.8632594994313, 1052.2621549801331, 1026.4367801224528, 1012.2304874150882, 994.5057635890603]",deep,96.6,1.1,480,450
2023-12-08 00:30:00,59.6,"[1022.1347121332187, 884.4281502246672, 1015.3544519757593, 1064.5294021134405, 988.381444739964]",deep,95.7,7.1,480,450
2023-12-08 01:00:00,59.8,"[987.8524588672408, 1028.0391798882933, 1051.7038503339593, 1030.5851650293494, 1058.0344156696262]",deep,95.2,5.0,480,450
2023-12-08 01:30:00,55.8,"[909.7556172348741, 1035.892327067714, 988.9961976962917, 1003.7009290519579, 1046.0435725535951]",deep,96.3,2.3,480,450
2023-12-08 02:00:00,54.9,"[964.4298818935466, 1023.4782966056564, 1114.350068996563, 1048.093674037787, 898.0444648475449]",rem,95.6,4.5,480,450
2023-12-08 02:30:00,59.6,"[906.0334015472466, 1001.7844456447442, 991.6874757489596, 1016.1139569779405, 1024.2797595151214]",rem,96.7,4.9,480,450
2023-12-08 03:00:00,66.0,"[998.7880490573541, 975.4807193625653, 1021.1283230466878, 949.6098132631025, 997.6251224763135]",rem,95.1,2.2,480,450
2023-12-08 03:30:00,57.3,"[1041.9246350996311, 968.3745014929673, 1009.9790237321371, 990.605327508224, 983.88536767995]",rem,95.6,3.0,480,450
2023-12-08 04:00:00,57.2,"[1021.5052918722412, 1052.4987312995336, 937.865369838094, 1055.1874968685524, 1026.0627198360717]",light,96.6,2.9,480,450
2023-12-08 04:30:00,59.6,"[1031.6928302967815, 978.9610255478395, 965.3407472113629, 951.7126467592361, 946.049807840636]",light,95.6,5.1,480,450
2023-12-08 05:00:00,58.0,"[997.0094220548775, 995.8103128746742, 1006.1845321504454, 991.9871055040435, 967.9657630754501]",light,95.5,4.8,480,450
2023-12-08 05:30:00,57.7,"[961.7353692621197, 983.1125115891665, 1069.0798901900755, 959.2490338966345, 931.8191760843872]",light,96.1,6.5,480,450
2023-12-08 06:00:00,78.4,"[820.6097165793037, 753.0181923259778, 767.774634127609, 769.7950937136624, 840.6078837158929]",awake,98.9,30.5,0,0
2023-12-08 06:30:00,72.8,"[814.5575375199946, 813.1784927611662, 818.9329725388255, 880.6778783035467, 824.3198283356874]",awake,97.8,9.7,0,0
2023-12-08 07:00:00,144.0,"[405.4433520891422, 447.89943963693287, 350.97685221469146, 401.1540401937718, 431.1811830252572]",awake,98.1,83.1,0,0
2023-12-08 07:30:00,158.1,"[442.8352995612219, 446.91327282890114, 391.0015450354225, 413.7723071906696, 395.38461851617126]",awake,98.4,82.3,0,0
2023-12-08 08:00:00,133.2,"[435.11826847205464, 466.3336836625721, 457.8866534161796, 450.6819568106174, 455.77594222498874]",awake,97.3,91.6,0,0
2023-12-08 08:30:00,128.3,"[449.80850293646455, 486.8993159969026, 408.8391107475427, 462.63360638056224, 482.5182956793968]",awake,97.4,79.8,0,0
2023-12-08 09:00:00,83.0,"[861.2289616928979, 774.4210212338565, 874.8332716761955, 778.709993603215, 798.2166875099972]",awake,98.7,9.3,0,0
2023-12-08 09:30:00,76.3,"[775.6626818778402, 814.6997370780709, 809.6385361897746, 806.971110665322, 802.6442786274658]",awake,97.7,35.2,0,0
2023-12-08 10:00:00,77.8,"[775.1073559379414, 801.3115922365153, 778.4946168323618, 807.8415223622575, 706.3181910439038]",awake,97.9,16.5,0,0
2023-12-08 10:30:00,73.4,"[782.5464978367789, 812.549053491907, 797.40541196193, 801.0997259458452, 789.3360069255522]",awake,97.5,16.9,0,0
2023-12-08 11:00:00,69.5,"[830.2504267040979, 821.8110141317156, 808.2822781626413, 835.2855654121365, 870.590972432224]",awake,97.8,13.6,0,0
2023-12-08 11:30:00,66.5,"[855.2109870713717, 747.6270880985452, 798.2711821258566, 862.946372603989, 805.263024336524]",awake,98.0,12.9,0,0
2023-12-08 12:00:00,82.5,"[805.9538601472486, 707.0528282747256, 881.2264521110794, 797.2519116836206, 789.0628004690274]",awake,98.6,16.1,0,0
2023-12-08 12:30:00,60.0,"[817.2414781397355, 776.9752835412933, 793.7651463336815, 825.7630358018199, 770.3383418942625]",awake,98.4,31.4,0,0
2023-12-08 13:00:00,68.7,"[816.4344583561962, 796.477203906827, 793.5520265885878, 832.7407639128022, 810.8822320764153]",awake,98.4,22.5,0,0
2023-12-08 13:30:00,78.5,"[830.1950105819978, 792.7858996183475, 782.173078922308, 799.6165216358621, 778.1392924940683]",awake,97.2,11.7,0,0
2023-12-08 14:00:00,85.0,"[785.0218739427208, 887.2095822308609, 748.4678109194934, 857.1471311896348, 715.9579932521715]",awake,97.9,10.7,0,0
2023-12-08 14:30:00,75.0,"[836.7810258383771, 746.1156846352393, 794.2392071303723, 786.2067412449735, 752.5673805091974]",awake,98.2,10.5,0,0
2023-12-08 15:00:00,76.5,"[792.3004379532781, 814.0818576713931, 815.8249412024203, 783.966467161443, 835.9129610848843]",awake,98.6,5.0,0,0
2023-12-08 15:30:00,68.8,"[757.3742517452247, 832.938319869876, 848.9099401111738, 826.4083937195575, 797.8055228713735]",awake,98.0,15.0,0,0
2023-12-08 16:00:00,71.7,"[789.6897595870853, 787.709848286771, 791.8709513983833, 799.7937755488826, 826.4191939385122]",awake,98.3,9.0,0,0
2023-12-08 16:30:00,75.9,"[824.7427644447215, 824.1205168610379, 740.1558086617831, 761.2546852634557, 804.028462391787]",awake,98.9,27.4,0,0
2023-12-08 17:00:00,72.7,"[809.9983637547707, 800.6748371847391, 774.8268342098618, 820.0628488087997, 772.2099360688651]",awake,97.4,10.2,0,0
2023-12-08 17:30:00,81.0,"[771.1844754233673, 832.1124295250183, 764.9286745093664, 840.9475109061046, 760.943744400277]",awake,97.4,18.4,0,0
2023-12-08 18:00:00,70.7,"[741.5964108889311, 773.7494115404207, 811.7411364129784, 760.7289887720846, 820.4560770022066]",awake,98.0,0.0,0,0
2023-12-08 18:30:00,90.6,"[770.3342296606589, 827.556885446151, 805.374482920593, 763.1087640570279, 764.5978157935575]",awake,98.2,28.5,0,0
2023-12-08 19:00:00,84.1,"[787.9087756402307, 762.3238662417856, 833.5251706283594, 874.5287954495504, 815.549844821618]",awake,97.4,19.3,0,0
2023-12-08 19:30:00,85.2,"[790.2933427443735, 837.153741061154, 739.2282037801955, 819.0936187946631, 823.7929576468912]",awake,98.0,24.3,0,0
2023-12-08 20:00:00,73.2,"[836.3082373553489, 773.598076026614, 806.6439816473993, 804.7334606190924, 760.3525486922887]",awake,97.7,2.8,0,0
2023-12-08 20:30:00,77.8,"[852.7561469388393, 797.127394931177, 851.5080675031941, 751.9078787681391, 814.7256044212716]",awake,97.7,0.7,0,0
2023-12-08 21:00:00,82.6,"[803.6749762309536, 845.8029758158335, 819.4663048949117, 731.5310639109935, 694.5164149534611]",awake,97.6,10.4,0,0
2023-12-08 21:30:00,79.9,"[818.726125317702, 777.4155162406678, 842.5118939986824, 795.1254809398121, 747.2742106906866]",awake,98.0,32.4,0,0
2023-12-08 22:00:00,74.2,"[1018.2679861965631, 970.3069354115026, 996.6929050447302, 996.4640445755283, 1006.0423002293]",light,96.1,2.2,480,450
2023-12-08 22:30:00,58.8,"[949.6557679453585, 989.8877119982202, 969.7830323194762, 1072.2527778926642, 1051.2710035686646]",light,95.9,5.2,480,450
2023-12-08 23:00:00,69.0,"[1053.9429828513214, 1011.2760095733581, 978.0102806251354, 993.429070548273, 1066.8624880084592]",light,95.3,1.4,480,450
2023-12-08 23:30:00,58.9,"[1007.5054140358753, 941.0402138660562, 1093.1325418601116, 967.9820095381408, 1043.1329170357462]",light,96.0,4.1,480,450
2023-12-09 00:00:00,57.4,"[897.5207806290896, 993.3679666919465, 997.0246921174305, 973.3223525811279, 971.1289080448097]",deep,96.5,5.4,480,450
2023-12-09 00:30:00,57.4,"[1000.2213870154037, 919.1301558148319, 936.619962329218, 1082.8353900438794, 942.2210380860428]",deep,96.3,5.5,480,450
2023-12-09 01:00:00,59.3,"[1000.2471548040236, 1083.3665725530666, 960.8121619661307, 1035.9584403951167, 1055.6041903348294]",deep,96.2,4.1,480,450
2023-12-09 01:30:00,50.8,"[1087.5430402137342, 967.0664491419375, 1051.1650350385364, 1117.6359035871812, 1052.8584679593064]",deep,95.8,0.0,480,450
2023-12-09 02:00:00,53.0,"[1002.1948703789666, 904.719525805649, 1003.1375588817058, 1118.2148755564485, 1001.0470477296757]",rem,95.4,1.8,480,450
2023-12-09 02:30:00,64.6,"[1069.8406639686023, 996.1724360539586, 939.2386836175982, 1019.7733553807863, 1089.9922412512115]",rem,96.5,0.4,480,450
2023-12-09 03:00:00,59.7,"[1061.0263184888518, 1006.1016280396484, 1043.5133298754122, 1018.9711449801562, 1051.0079964918746]",rem,95.2,7.7,480,450
2023-12-09 03:30:00,62.9,"[983.9482542323019, 981.2596615384069, 1009.3185608614529, 997.3019341234229, 1041.6739336672422]",rem,94.9,4.0,480,450
2023-12-09 04:00:00,56.4,"[976.6090462237266, 971.4205722284021, 1022.1151292673867, 994.9649944223011, 1106.8503434711738]",light,96.0,4.2,480,450
2023-12-09 04:30:00,56.1,"[986.4198260883288, 1068.1472176358345, 982.9499137113588, 1019.2946933224739, 986.8504296420512]",light,96.3,8.6,480,450
2023-12-09 05:00:00,57.4,"[1017.5774075833567, 997.5382934845317, 966.945578835678, 940.2466015535792, 976.8887639085502]",light,97.3,6.1,480,450
2023-12-09 05:30:00,56.1,"[1001.3452333356282, 1046.1853671225829, 1043.942785604487, 990.2906658415874, 1008.9984932458391]",light,96.7,6.5,480,450
2023-12-09 06:00:00,70.2,"[801.8295415215874, 809.0984375432818, 821.7475241305073, 775.7624915143657, 772.1762440674178]",awake,98.2,16.8,0,0
2023-12-09 06:30:00,70.7,"[825.807967136274, 762.2913419610247, 830.0919652962026, 806.1875091817491, 861.2240686719514]",awake,98.7,23.7,0,0
2023-12-09 07:00:00,69.0,"[820.7673813414162, 825.7650760327139, 793.7406371790247, 843.1005868164207, 782.2879573384496]",awake,97.8,24.8,0,0
2023-12-09 07:30:00,80.8,"[807.6683967457317, 790.4030259245137, 747.7542509016075, 776.8600468398894, 815.5697248178144]",awake,98.1,19.7,0,0
2023-12-09 08:00:00,79.8,"[859.8318227712574, 760.183863692276, 774.4665247026747, 841.6166205068068, 796.4525118806888]",awake,98.2,32.4,0,0
2023-12-09 08:30:00,63.2,"[864.639960728118, 769.8227981187534, 857.4141140377225, 812.9596441660808, 770.7726578094389]",awake,98.0,33.5,0,0
2023-12-09 09:00:00,81.1,"[833.9176885289986, 843.5233424726767, 781.54309808052, 793.3336367575438, 797.6629572554699]",awake,98.2,33.0,0,0
2023-12-09 09:30:00,82.0,"[826.5820309652352, 784.8609244871003, 847.4775561695668, 787.7998399576037, 767.8432474017517]",awake,97.8,12.4,0,0
2023-12-09 10:00:00,85.0,"[819.5164769093391, 822.5219863684058, 770.0202456404365, 751.8777767822623, 834.7482094319671]",awake,98.6,22.8,0,0
2023-12-09 10:30:00,78.3,"[794.9919689389087, 757.3678799765678, 852.7928816137742, 806.783699971077, 868.7682141489439]",awake,97.2,19.4,0,0
2023-12-09 11:00:00,71.7,"[852.4524652884076, 793.2811158488001, 699.0864511116499, 802.6089695222217, 870.8840722104175]",awake,97.5,6.4,0,0
2023-12-09 11:30:00,55.9,"[827.4315488776197, 823.1396396102275, 810.6400473833572, 816.3297677790131, 795.5049189852525]",awake,98.7,6.7,0,0
2023-12-09 12:00:00,67.0,"[781.5545265901359, 727.0254425263603, 835.2925261295304, 780.6837389119212, 778.6679233839595]",awake,96.9,0.0,0,0
2023-12-09 12:30:00,85.6,"[770.6712588022224, 780.521816700109, 852.2345992908196, 885.4192308539432, 736.0134178596571]",awake,97.7,21.7,0,0
2023-12-09 13:00:00,79.1,"[795.0880825088205, 807.2070596175613, 794.5182862939188, 844.3971603606968, 836.5707992155506]",awake,96.7,27.4,0,0
2023-12-09 13:30:00,71.3,"[807.0475071820547, 815.9387442950164, 811.2308821130788, 701.7245782264641, 759.4255836085756]",awake,98.6,18.4,0,0
2023-12-09 14:00:00,80.2,"[828.1316100388757, 792.7667409624376, 899.7405636438363, 787.0506570263191, 748.497808991068]",awake,99.0,23.3,0,0
2023-12-09 14:30:00,78.8,"[848.4629739898255, 701.4894115549415, 807.387742318224, 858.5069777910325, 713.5040361347081]",awake,98.0,10.2,0,0
2023-12-09 15:00:00,69.1,"[798.3793234631281, 856.854637678951, 802.2294645883067, 803.3020589017375, 816.1904296871312]",awake,98.6,32.6,0,0
2023-12-09 15:30:00,69.4,"[805.9169427084719, 831.1925539929942, 808.0308037414146, 800.3392235561329, 788.7522262592602]",awake,97.8,9.7,0,0
2023-12-09 16:00:00,69.5,"[769.1304925742767, 786.2732471766896, 814.6081230053229, 804.5471725704864, 773.194049455724]",awake,97.7,28.3,0,0
2023-12-09 16:30:00,80.7,"[868.977227426465, 874.9502853165866, 755.6418727217438, 741.9176710668953, 889.8780733088419]",awake,97.3,18.3,0,0
2023-12-09 17:00:00,82.2,"[760.6569760028636, 851.7132595916048, 810.3710560403064, 840.7276415377492, 817.7078392325868]",awake,98.0,27.6,0,0
2023-12-09 17:30:00,73.9,"[810.0304195127903, 825.9915834839715, 813.9206996785424, 737.6919849244774, 738.1280298929911]",awake,98.1,13.0,0,0
2023-12-09 18:00:00,84.6,"[812.427256342597, 762.549833057691, 793.1928562562155, 806.4007451553946, 864.7227867610205]",awake,97.7,2.8,0,0
2023-12-09 18:30:00,90.0,"[786.3904700142555, 783.0688872751568, 768.219760738313, 834.9884224095671, 838.4809200061543]",awake,98.2,16.1,0,0
2023-12-09 19:00:00,77.3,"[832.6216617395343, 796.5505876177136, 878.0547190996684, 885.1308754829766, 842.7455853788429]",awake,98.3,27.1,0,0
2023-12-09 19:30:00,67.0,"[810.5918957921256, 791.2827743485889, 788.212171841636, 772.0310119527022, 781.9454026814527]",awake,98.4,17.9,0,0
2023-12-09 20:00:00,77.8,"[779.156821416793, 810.9939231845915, 781.391708953708, 819.4014469779893, 747.655285689839]",awake,97.9,18.9,0,0
2023-12-09 20:30:00,79.3,"[783.0495177430322, 733.8416418133083, 818.1399468832792, 825.439535872052, 774.1991379727016]",awake,97.7,35.5,0,0
2023-12-09 21:00:00,74.6,"[733.3758721062784, 762.683985262948, 814.9000051292534, 828.5636779291625, 801.7516855671116]",awake,97.4,15.7,0,0
2023-12-09 21:30:00,77.6,"[813.2948155772438, 792.8689923204352, 805.1313167975276, 813.2670294494815, 800.8578060132204]",awake,97.2,30.5,0,0
2023-12-09 22:00:00,53.5,"[980.0640346927084, 993.874538593483, 978.4981989758734, 1021.7372292977778, 966.9239394647258]",light,95.7,5.9,480,450
2023-12-09 22:30:00,64.0,"[926.2578002011993, 999.4461840795931, 1028.7165350606213, 944.6354890669598, 1087.4472640653203]",light,95.7,4.5,480,450
2023-12-09 23:00:00,58.0,"[1004.9356261971598, 1015.9540262612422, 1029.023082076476, 1034.7222817107665, 939.2385720566331]",light,96.2,6.6,480,450
2023-12-09 23:30:00,52.4,"[932.5660952032015, 1028.7935600189746, 1045.100205853799, 1034.3444687592223, 977.8324464164278]",light,95.6,9.8,480,450
2023-12-10 00:00:00,66.9,"[1012.3358085529173, 1002.4694396984538, 981.4989930157576, 1028.0511517100656, 1077.7211160386694]",deep,95.9,0.6,480,450
2023-12-10 00:30:00,59.3,"[1009.3944817224457, 1072.9418903103513, 970.4698429100978, 1085.438534304698, 970.6997440656661]",deep,95.5,4.8,480,450
2023-12-10 01:00:00,52.6,"[1015.9389462488977, 1023.0753120766917, 1108.6657696672257, 1010.549685648261, 999.8263319248249]",deep,96.1,6.7,480,450
2023-12-10 01:30:00,55.7,"[1020.482458834039, 1121.447847878398, 982.3017427586966, 908.0479492538916, 986.571793788903]",deep,95.7,3.9,480,450
2023-12-10 02:00:00,55.3,"[953.6779780801826, 1051.3180769871465, 965.1169852295376, 1086.4978613038077, 934.1945028944572]",rem,96.1,4.8,480,450
2023-12-10 02:30:00,61.3,"[987.2776428858614, 963.8913103616993, 975.127392616287, 1059.415641614026, 952.6495178644307]",rem,96.4,3.5,480,450
2023-12-10 03:00:00,57.4,"[956.4697759934696, 953.9168587598629, 1002.6696758083865, 968.0202715519398, 932.0367194629296]",rem,95.7,1.1,480,450
2023-12-10 03:30:00,61.1,"[1024.186794235909, 1024.1039156369923, 957.3852365826264, 969.5254512189271, 1022.5108922247312]",rem,96.1,3.2,480,450
2023-12-10 04:00:00,61.0,"[899.4307201419106, 992.2940086082882, 987.4280119856018, 1011.2769709669461, 1071.170647930035]",light,95.8,5.0,480,450
2023-12-10 04:30:00,66.4,"[979.4890851903651, 1010.103247030167, 1077.3167179188804, 961.2493476913435, 1027.1468307066473]",light,96.4,6.4,480,450
2023-12-10 05:00:00,64.5,"[968.0653478098463, 1063.6910713203815, 979.7538016097142, 1007.1890462103864, 1099.4406485689142]",light,96.5,2.9,480,450
2023-12-10 05:30:00,68.8,"[911.3442960749971, 1025.8831315399616, 1019.9376302280282, 1003.0778343278689, 1022.9479528061947]",light,96.4,3.3,480,450
2023-12-10 06:00:00,67.9,"[829.0161516059676, 755.912235809985, 798.4446958376703, 790.1181651543744, 760.6053078780132]",awake,98.4,0.0,0,0
2023-12-10 06:30:00,72.4,"[802.1172947440032, 820.1877822474785, 766.3043002957013, 829.2608138157841, 829.5961379652446]",awake,97.5,20.9,0,0
2023-12-10 07:00:00,61.3,"[732.9103609745207, 743.7933819545239, 807.5716389556409, 820.9052124227054, 804.5145229880359]",awake,97.8,18.1,0,0
2023-12-10 07:30:00,73.3,"[814.9094418911077, 755.6033178020938, 813.9134204952743, 766.7892747348317, 792.4583941970011]",awake,98.0,32.9,0,0
2023-12-10 08:00:00,54.5,"[816.6552081330371, 842.921674707957, 728.2800906463292, 787.8879139815645, 786.2614397423699]",awake,98.2,17.8,0,0
2023-12-10 08:30:00,77.9,"[773.2940608530693, 851.1293701064328, 814.3803104807738, 822.6975890575912, 847.7018742439528]",awake,97.6,35.3,0,0
2023-12-10 09:00:00,74.6,"[755.1874977308996, 744.47919332057, 704.7985635329001, 769.1033569052807, 789.273474097079]",awake,98.8,6.5,0,0
2023-12-10 09:30:00,73.1,"[708.8254620586113, 857.9255296607901, 818.563898745187, 785.9876920422299, 837.7141359456587]",awake,97.8,32.7,0,0
2023-12-10 10:00:00,73.1,"[847.9697379694317, 802.4533999790982, 776.630248034478, 819.9879393970937, 800.8515182853853]",awake,97.6,11.3,0,0
2023-12-10 10:30:00,79.3,"[817.31455631255, 883.0253843166826, 804.6180044014849, 802.3278474871146, 812.0099663747566]",awake,98.1,28.1,0,0
2023-12-10 11:00:00,90.2,"[776.9083738499057, 773.5466320925143, 829.7028155154732, 748.2963491000039, 735.2023833232608]",awake,98.0,29.7,0,0
2023-12-10 11:30:00,73.8,"[795.9906932945582, 857.9416622708899, 799.2898399158332, 806.8254555362249, 833.1989844756389]",awake,98.3,11.5,0,0
2023-12-10 12:00:00,76.5,"[802.7552047148336, 824.5335391858492, 782.6823093188974, 820.168189180812, 786.6067785488115]",awake,98.0,38.2,0,0
2023-12-10 12:30:00,83.8,"[838.8926320341276, 778.6525745712524, 814.5260259126527, 863.6295358618837, 726.892262232673]",awake,97.3,22.4,0,0
2023-12-10 13:00:00,75.2,"[781.5982651710952, 732.1979202320431, 777.709748528864, 795.0184733001306, 775.2844695228864]",awake,98.5,17.9,0,0
2023-12-10 13:30:00,90.4,"[844.2618732278156, 844.6286342984004, 786.481045258432, 803.1288765291579, 805.7762464266164]",awake,98.1,30.1,0,0
2023-12-10 14:00:00,83.0,"[794.2525480022654, 764.8200282095459, 780.782191007945, 776.0855900057288, 802.5504953992012]",awake,98.1,25.7,0,0
2023-12-10 14:30:00,73.0,"[846.1926301363046, 712.1360545684901, 667.2518864409362, 747.9408742676713, 849.2413634197316]",awake,97.3,2.5,0,0
2023-12-10 15:00:00,82.7,"[825.9444071232248, 801.7510233738668, 843.5560653067723, 763.2085328495937, 821.6915500745192]",awake,98.2,26.7,0,0
2023-12-10 15:30:00,70.9,"[775.4901703702114, 827.9204316490498, 809.1159191565629, 829.8514981555005, 819.4877630872669]",awake,98.0,20.5,0,0
2023-12-10 16:00:00,79.8,"[763.2336253783212, 848.6701485277131, 792.802534621042, 816.2813864102891, 778.5305680682969]",awake,97.8,39.3,0,0
2023-12-10 16:30:00,64.3,"[826.1147137124391, 850.4237264223241, 789.7968064399711, 838.4031709075095, 868.9125423567868]",awake,97.5,16.5,0,0
2023-12-10 17:00:00,76.2,"[760.8759188127899, 793.3877798488352, 719.2103947868326, 812.891274524025, 785.9442594415957]",awake,97.3,20.2,0,0
2023-12-10 17:30:00,66.1,"[685.1553897183011, 821.138275757754, 768.6161932314853, 828.5816765794638, 792.8609177792489]",awake,98.6,32.7,0,0
2023-12-10 18:00:00,64.9,"[754.1746928770638, 814.9283722461705, 837.491124418118, 707.7090615480647, 806.491663747388]",awake,98.0,16.1,0,0
2023-12-10 18:30:00,91.0,"[716.0311792763354, 757.4199094977278, 789.4663146333395, 790.4135786164436, 789.4313898916419]",awake,97.6,28.8,0,0
2023-12-10 19:00:00,96.8,"[758.688063938585, 840.4979175381077, 750.7368287823299, 765.8432328125806, 787.0876656910247]",awake,97.6,19.7,0,0
2023-12-10 19:30:00,63.9,"[793.7646020766246, 786.219710047532, 780.146668365895, 831.6707302841775, 760.8522216080329]",awake,97.4,28.9,0,0
2023-12-10 20:00:00,77.6,"[774.7273479608996, 884.0224221437102, 791.2565459750579, 788.1209390980837, 831.4806251401465]",awake,97.9,3.4,0,0
2023-12-10 20:30:00,85.0,"[819.8941177111116, 747.3839504370728, 877.9920427166229, 774.540043216736, 815.9735628765255]",awake,98.8,0.0,0,0
2023-12-10 21:00:00,88.5,"[782.7639693030419, 802.5186549541002, 795.2728182908339, 669.4488089977831, 788.318972062816]",awake,98.3,34.2,0,0
2023-12-10 21:30:00,78.0,"[856.8487839147514, 792.4194091307702, 819.2513694771956, 763.6976753375612, 863.4641959383832]",awake,97.9,10.6,0,0
2023-12-10 22:00:00,58.2,"[1015.3364368336647, 1028.740994642045, 1052.5781623902842, 950.3608972506202, 961.6361085261921]",light,95.8,4.8,480,450
2023-12-10 22:30:00,69.8,"[1069.7406199194393, 1007.3270322241735, 1092.980925201351, 945.7940998750734, 984.8763870656305]",light,96.0,4.0,480,450
2023-12-10 23:00:00,57.6,"[1075.250621169817, 1032.3167310100976, 934.0976137206638, 902.2705747254415, 1009.8635530990003]",light,95.4,6.7,480,450
2023-12-10 23:30:00,67.9,"[1058.069646811883, 1046.6064133278887, 931.6981748540085, 982.6514844672167, 998.945120435288]",light,96.4,6.5,480,450
2023-12-11 00:00:00,55.2,"[961.6045922109314, 1070.7395044550972, 1071.221332806767, 1017.2457226987631, 976.2066360510004]",deep,95.5,6.6,480,450
2023-12-11 00:30:00,62.4,"[993.2482781438546, 982.8851629911126, 881.2256452778963, 966.7553413838041, 1093.2789554609394]",deep,95.4,3.1,480,450
2023-12-11 01:00:00,56.6,"[942.3349735909909, 942.3977340855673, 1080.4861773834632, 980.5508625491591, 935.2384239935141]",deep,96.3,3.4,480,450
2023-12-11 01:30:00,54.6,"[985.920342815102, 999.7922459899271, 915.5730143218162, 1009.0847412343928, 1100.4477824128774]",deep,95.5,5.7,480,450
2023-12-11 02:00:00,55.9,"[949.005521860158, 1011.3571404244011, 969.2821611657828, 1010.6984716269968, 984.3319651293214]",rem,95.8,8.4,480,450
2023-12-11 02:30:00,51.2,"[1041.2228712303947, 1064.8628075442768, 887.7040446997107, 1033.3684869387323, 979.1108230243567]",rem,97.1,5.4,480,450
2023-12-11 03:00:00,62.4,"[957.7432141509603, 973.7543621641586, 1132.1809472967163, 954.2301281261657, 988.7887972633555]",rem,96.6,4.0,480,450
2023-12-11 03:30:00,64.9,"[1003.3546820472816, 993.1467776866084, 1054.3659643646106, 1033.1334061532666, 934.264347613645]",rem,96.0,4.4,480,450
2023-12-11 04:00:00,58.8,"[963.8893646111818, 983.0753676165201, 1055.122021030807, 895.061033460166, 981.0740364051004]",light,96.2,3.7,480,450
2023-12-11 04:30:00,57.8,"[1023.9493047587521, 956.1183232124388, 972.0132323701557, 1029.1049880782443, 1019.8987846955528]",light,96.6,4.8,480,450
2023-12-11 05:00:00,61.0,"[1021.5951074142049, 980.8794871689313, 987.2850231311861, 1088.6641448699977, 924.2513869112192]",light,96.5,7.7,480,450
2023-12-11 05:30:00,60.6,"[971.6908863732167, 971.7152531072945, 1074.7562830141967, 990.2842504399932, 1034.4272986413441]",light,96.7,6.2,480,450
2023-12-11 06:00:00,75.1,"[830.5033700021, 825.9322468376382, 824.006645194402, 809.3456882797369, 807.2649852506681]",awake,98.2,21.2,0,0
2023-12-11 06:30:00,73.0,"[837.7562502091798, 864.8428804022246, 843.1414762662564, 799.5697065355192, 863.3657518310623]",awake,98.7,33.6,0,0
2023-12-11 07:00:00,144.2,"[420.24621983738524, 378.44218045098046, 449.2193137194058, 454.29844684130336, 405.0845621749882]",awake,98.8,86.4,0,0
2023-12-11 07:30:00,139.8,"[430.75581305090674, 453.41681897695037, 468.132767497028, 405.5633988561172, 475.1693430628002]",awake,97.8,81.6,0,0
2023-12-11 08:00:00,158.1,"[421.9499628654671, 384.37007354084136, 426.90785331962775, 450.4700698882001, 399.223501903363]",awake,98.2,86.9,0,0
2023-12-11 08:30:00,133.9,"[409.18925660790387, 446.80893654768875, 457.9724830433914, 454.6097342433798, 392.09788699656394]",awake,97.7,87.1,0,0
2023-12-11 09:00:00,77.9,"[790.0665043836467, 847.7371045254165, 840.1132846600203, 793.856299453903, 806.1561789595589]",awake,97.7,27.3,0,0
2023-12-11 09:30:00,81.5,"[722.3616884572834, 767.3998135514746, 812.4589943518179, 831.9310867393427, 803.8483530500475]",awake,97.1,40.6,0,0
2023-12-11 10:00:00,70.0,"[724.0034348981324, 859.6078238080262, 772.9958965822815, 831.7424949313704, 799.153219596245]",awake,97.9,23.3,0,0
2023-12-11 10:30:00,71.8,"[790.4414848236495, 793.2728126334553, 808.1531369886696, 863.93684977706, 721.9778794246172]",awake,97.8,24.4,0,0
2023-12-11 11:00:00,84.6,"[745.878130802353, 780.4877202559048, 857.3129053469822, 762.2776321553968, 845.1486791854633]",awake,97.7,32.5,0,0
2023-12-11 11:30:00,88.2,"[732.4409118749097, 836.2685751145713, 819.0006572147485, 767.8205948554075, 803.8386937627726]",awake,98.3,19.5,0,0
2023-12-11 12:00:00,67.6,"[743.837487829213, 809.387824714186, 748.863929267526, 719.2752234256631, 788.1404847546572]",awake,97.9,0.4,0,0
2023-12-11 12:30:00,76.7,"[830.6569203134126, 835.1991539094539, 758.6936689979747, 750.1760538006843, 728.3549970612562]",awake,98.5,15.2,0,0
2023-12-11 13:00:00,74.8,"[819.1398007347319, 796.6462948418935, 703.5949445464149, 792.6730110954202, 799.8729982975993]",awake,97.6,0.8,0,0
2023-12-11 13:30:00,78.8,"[781.2276347792315, 860.2367657369838, 757.7062531713539, 770.857669569907, 799.6646958507656]",awake,98.0,19.3,0,0
2023-12-11 14:00:00,66.5,"[859.3284997960757, 755.0611544720624, 814.3490021144091, 875.2456721722743, 806.9991560082708]",awake,97.6,6.6,0,0
2023-12-11 14:30:00,72.4,"[796.7539115937134, 832.0552316606863, 870.5648083870564, 781.2511219671356, 818.2368240955691]",awake,97.8,19.7,0,0
2023-12-11 15:00:00,83.6,"[783.7789953405697, 707.0725745653178, 864.9188472728082, 782.1747895728462, 785.1398621257368]",awake,97.8,8.0,0,0
2023-12-11 15:30:00,59.2,"[772.4329164701663, 798.6675205596571, 815.1296640557671, 753.1574020432448, 760.2519465686312]",awake,97.9,33.3,0,0
2023-12-11 16:00:00,82.2,"[838.2078095357765, 816.1202212077718, 853.0212736447635, 771.1692907242267, 782.4263770147555]",awake,98.2,20.1,0,0
2023-12-11 16:30:00,74.8,"[770.1666159574194, 811.9684104963012, 759.7364059940478, 771.1547981546512, 782.2876161541656]",awake,98.1,39.1,0,0
2023-12-11 17:00:00,72.1,"[821.1389239752536, 805.8666342830265, 793.403592036692, 793.0158094710207, 789.1312237882908]",awake,97.8,42.8,0,0
2023-12-11 17:30:00,77.7,"[778.9730756478896, 830.611481528714, 853.3102464056979, 835.9309098541245, 745.855020378432]",awake,97.5,21.5,0,0
2023-12-11 18:00:00,76.7,"[733.9276373902485, 848.8258637249598, 836.9725204765156, 819.7866936791819, 780.5889294595802]",awake,98.4,20.5,0,0
2023-12-11 18:30:00,81.8,"[761.9450110007768, 852.5991557070657, 855.6482032147713, 807.5842157812306, 787.016353249836]",awake,97.7,24.9,0,0
2023-12-11 19:00:00,71.8,"[721.3769791433267, 757.5169651048242, 829.6571824846556, 766.55830536509, 781.0421975936354]",awake,97.9,21.4,0,0
2023-12-11 19:30:00,68.6,"[825.2282873960995, 832.1698692556515, 754.0096426667883, 794.7309885903113, 790.4280571140529]",awake,98.1,32.6,0,0
2023-12-11 20:00:00,66.0,"[731.4662920424594, 831.7593281381279, 789.6486758897098, 761.6846134230962, 717.7150331138157]",awake,98.7,42.3,0,0
2023-12-11 20:30:00,80.1,"[824.3623842201632, 825.023954828675, 752.4786956899445, 792.7810059413758, 836.5972700869967]",awake,97.3,24.8,0,0
2023-12-11 21:00:00,73.6,"[786.6867128405029, 859.0207417190456, 867.9643092219487, 888.7205291218279, 779.6799546274323]",awake,98.4,12.4,0,0
2023-12-11 21:30:00,82.7,"[715.1090639912558, 815.1573883110461, 763.0597728055607, 800.6515056730116, 731.2522699284473]",awake,98.6,23.0,0,0
2023-12-11 22:00:00,64.3,"[1000.1216507582925, 1075.9396197118635, 1118.3385469630953, 965.2812832313334, 1049.7995405745871]",light,96.2,2.6,480,450
2023-12-11 22:30:00,57.0,"[1031.9465962836894, 1006.0876662268554, 1040.0739653063656, 1147.126123881869, 941.9671314715641]",light,96.3,0.6,480,450
2023-12-11 23:00:00,68.0,"[1054.620969244737, 973.5085495767402, 1050.745327787289, 911.4494398147687, 939.8089768154539]",light,96.4,1.4,480,450
2023-12-11 23:30:00,62.9,"[1000.6251993137306, 961.7332429346606, 961.3541093222723, 1022.2514186234231, 1015.8906929193698]",light,96.1,3.9,480,450
2023-12-12 00:00:00,64.7,"[959.9008089506729, 1014.1320605486945, 1015.7378837447213, 927.0933481435551, 1010.0362782552592]",deep,96.0,4.3,480,450
2023-12-12 00:30:00,70.2,"[993.9251317727692, 981.6012720675259, 987.4113862314188, 1025.2333698932594, 990.9610042837066]",deep,96.5,4.2,480,450
2023-12-12 01:00:00,57.7,"[1047.0803033908555, 989.1327684103098, 1017.9790288400645, 1057.8082598411183, 1104.0132121488857]",deep,96.1,4.3,480,450
2023-12-12 01:30:00,52.6,"[1050.1200034642004, 995.8758347152633, 960.7979892837368, 1122.573591252175, 1073.5592640793777]",deep,95.8,5.1,480,450
2023-12-12 02:00:00,63.4,"[968.5513460980378, 1049.6551890414823, 1005.4629860941002, 1002.6214189311216, 1058.4319765525347]",rem,95.9,6.5,480,450
2023-12-12 02:30:00,62.9,"[1044.6609132301876, 972.3009578119605, 1050.9246079357079, 974.5258904438998, 1043.1930278018267]",rem,95.8,6.9,480,450
2023-12-12 03:00:00,67.4,"[966.1378590845163, 1078.276375631293, 924.571266991617, 997.309846477996, 996.6666954386004]",rem,96.3,3.6,480,450
2023-12-12 03:30:00,59.6,"[1022.6258695873087, 1010.58533528967, 994.9806066175632, 961.2157327762218, 1018.7471388332477]",rem,96.2,6.8,480,450
2023-12-12 04:00:00,66.9,"[1063.1059540192969, 1173.8569669420765, 1013.058276213719, 971.2869838347491, 1008.8996456511608]",light,95.6,3.5,480,450
2023-12-12 04:30:00,48.4,"[1048.5488558735842, 918.9190165668695, 1078.5762282403182, 1021.7235904528928, 1016.470968391965]",light,97.1,7.8,480,450
2023-12-12 05:00:00,66.5,"[940.344238729161, 944.8557006624352, 998.72171151263, 1014.5957311866314, 953.9677770559641]",light,96.2,0.9,480,450
2023-12-12 05:30:00,60.1,"[1114.4251566145062, 1048.6779525645488, 1046.4472419611157, 1090.9379575696516, 1078.6154006842692]",light,95.6,5.6,480,450
2023-12-12 06:00:00,73.1,"[829.5336446318939, 757.410153897917, 773.19830993301, 797.8153022620676, 804.9080253590122]",awake,98.2,6.1,0,0
2023-12-12 06:30:00,69.2,"[753.2166465303833, 785.191016028431, 805.2283489259161, 781.9954493615276, 755.326600385818]",awake,98.3,31.6,0,0
2023-12-12 07:00:00,133.7,"[417.1841417107812, 466.441062819495, 410.1817378698469, 459.39197084878253, 416.9373552602392]",awake,97.9,93.3,0,0
2023-12-12 07:30:00,129.9,"[407.4388818840174, 377.1729592570229, 457.5556798184065, 421.138418831072, 462.4247735902609]",awake,98.7,91.2,0,0
2023-12-12 08:00:00,150.0,"[457.0238531677745, 413.7131435784663, 440.2581417111485, 479.4211109056986, 449.51496402087247]",awake,98.4,87.8,0,0
2023-12-12 08:30:00,154.0,"[358.2445724849547, 437.8726007366319, 396.7445218203875, 472.7086501317559, 483.70509904162134]",awake,97.8,77.7,0,0
2023-12-12 09:00:00,74.6,"[843.3568865827522, 764.6807337469405, 758.8212122101033, 828.0398503261483, 730.9251566811497]",awake,97.3,34.4,0,0
2023-12-12 09:30:00,62.9,"[766.8670903301944, 765.4110887530716, 759.5349159240683, 734.891409657305, 799.3866618751422]",awake,97.7,15.9,0,0
2023-12-12 10:00:00,77.0,"[855.9091468316334, 808.3916853795706, 723.414257279626, 849.8882306099531, 782.0421136407491]",awake,98.1,10.6,0,0
2023-12-12 10:30:00,77.8,"[798.6916669969214, 846.1385635002538, 833.9184409568347, 836.6835275413187, 812.1750479182969]",awake,97.5,20.4,0,0
2023-12-12 11:00:00,67.0,"[799.0641044029821, 818.9830832363234, 795.0761600840858, 788.5794989333806, 842.6517488575719]",awake,99.0,12.3,0,0
2023-12-12 11:30:00,63.9,"[856.0986896420115, 793.7793617022429, 806.1114978313027, 747.3126911485091, 788.0275694340131]",awake,96.5,10.4,0,0
2023-12-12 12:00:00,62.4,"[848.7354618302137, 822.212756662085, 905.4637888319085, 832.7595400958598, 742.3757466187002]",awake,99.0,11.7,0,0
2023-12-12 12:30:00,81.3,"[761.4327934781837, 801.6192703603676, 872.5216264790054, 820.4190263765308, 785.3209788990416]",awake,98.8,34.5,0,0
2023-12-12 13:00:00,61.9,"[841.8295163682213, 802.5725097516939, 726.3293427568648, 835.303699076869, 744.3431467338773]",awake,97.8,33.2,0,0
2023-12-12 13:30:00,75.5,"[769.4972073342059, 824.3693215989977, 827.2163196832472, 826.3975452143264, 875.716323425558]",awake,98.0,11.7,0,0
2023-12-12 14:00:00,68.5,"[896.807808642962, 768.5763400736988, 773.1262994788813, 729.2710966163372, 797.7051479483611]",awake,98.2,15.9,0,0
2023-12-12 14:30:00,68.8,"[769.8204106317937, 737.3307965531897, 636.9736240800014, 841.8679731142895, 815.1247390039322]",awake,98.5,30.9,0,0
2023-12-12 15:00:00,68.0,"[806.3756020768208, 767.7074208327716, 772.5711931739961, 771.702905765004, 782.7755694196458]",awake,97.5,0.0,0,0
2023-12-12 15:30:00,75.0,"[850.5022866355367, 811.3831961761172, 772.4548377573326, 821.5263659698422, 832.2698473594514]",awake,97.5,25.8,0,0
2023-12-12 16:00:00,74.1,"[761.0482757245885, 812.4516955121213, 774.890782234591, 808.0162883225383, 805.0914939097195]",awake,97.2,21.1,0,0
2023-12-12 16:30:00,82.4,"[822.1817008805749, 803.6636448393691, 848.5539343132643, 735.5426673993057, 761.4819468451632]",awake,97.8,22.7,0,0
2023-12-12 17:00:00,74.8,"[793.3632909054579, 728.3093060020835, 771.3845391677562, 791.7616920057828, 792.9306547298011]",awake,98.3,37.5,0,0
2023-12-12 17:30:00,71.7,"[763.6168265216498, 739.6335518518831, 867.3295946669734, 774.9423433476188, 734.6824808600844]",awake,96.8,16.7,0,0
2023-12-12 18:00:00,63.3,"[791.2188980713008, 837.234314977586, 795.8173370808887, 781.5577019559729, 828.426259791303]",awake,98.1,14.5,0,0
2023-12-12 18:30:00,54.8,"[813.1859786623401, 789.7671141012935, 773.8769378663422, 766.0831241467348, 808.526616371671]",awake,99.0,20.6,0,0
2023-12-12 19:00:00,79.9,"[751.4322494700152, 785.8397041652856, 775.4412281516676, 733.520097718722, 807.218563161544]",awake,97.4,15.3,0,0
2023-12-12 19:30:00,84.0,"[822.8215967388747, 809.7587555570173, 803.6744084060438, 747.628946431907, 848.7928856955327]",awake,98.2,8.6,0,0
2023-12-12 20:00:00,86.0,"[830.6664026421224, 830.7390854248582, 756.6790140154882, 768.1159434352755, 780.0314570288688]",awake,97.2,23.7,0,0
2023-12-12 20:30:00,67.7,"[813.7818856532687, 842.1342837469341, 800.0367452270891, 779.6379811024426, 810.3930846153986]",awake,98.6,24.1,0,0
2023-12-12 21:00:00,64.3,"[843.9445088102852, 736.9300497108594, 830.2907650245061, 825.7773504164323, 843.5741733933453]",awake,98.6,2.0,0,0
2023-12-12 21:30:00,66.5,"[745.8924346190308, 860.8015208319435, 759.9342743170344, 771.1370842278126, 824.9607734558492]",awake,98.2,25.5,0,0
2023-12-12 22:00:00,62.3,"[970.273303898922, 984.5626022118183, 1091.4463445270314, 1048.200991727458, 977.7220136128352]",light,96.6,3.4,480,450
2023-12-12 22:30:00,56.1,"[987.6814832298921, 984.3678896589894, 1022.34468279546, 896.5057284517419, 933.584027524359]",light,96.6,1.5,480,450
2023-12-12 23:00:00,69.4,"[992.6418051533194, 1012.3227715725486, 969.9244549966838, 993.3474337365503, 909.7773593258803]",light,97.0,8.1,480,450
2023-12-12 23:30:00,63.0,"[1099.245218783785, 1041.4246958576132, 1010.5525959730321, 949.2607115787125, 998.4962978086663]",light,95.8,8.1,480,450
2023-12-13 00:00:00,59.5,"[993.9480809688014, 1029.305677401843, 1035.20142489167, 1074.388312678745, 940.2217581686856]",deep,96.5,3.6,480,450
2023-12-13 00:30:00,62.7,"[1026.693160133096, 1018.2751698051976, 1005.0933245793088, 1032.5913526908396, 959.0371455380307]",deep,96.0,5.7,480,450
2023-12-13 01:00:00,50.4,"[987.7297118636576, 1013.2305535135608, 987.6343000306446, 998.8010688244299, 1086.431793831928]",deep,95.3,4.7,480,450
2023-12-13 01:30:00,62.4,"[945.9653759635682, 1035.3425285599337, 1035.3659851900784, 1006.9263498858099, 968.8281690301694]",deep,95.8,5.7,480,450
2023-12-13 02:00:00,60.9,"[1000.1536234676257, 1023.3684690823595, 948.6054086363744, 1038.5823791023981, 974.2417699831097]",rem,95.9,4.7,480,450
2023-12-13 02:30:00,59.2,"[929.875474457352, 940.8134841161067, 881.5797095029649, 1026.822290752497, 958.9600555927967]",rem,95.3,3.3,480,450
2023-12-13 03:00:00,62.7,"[1017.3800443710979, 1024.653705681544, 957.3018630267264, 914.4952303584723, 1028.6056274198365]",rem,96.6,3.9,480,450
2023-12-13 03:30:00,65.9,"[982.6160852695987, 980.8344746750599, 973.5434219861534, 1011.0327463855003, 1002.5176070502049]",rem,95.7,6.4,480,450
2023-12-13 04:00:00,66.2,"[950.7126910640787, 1011.2779387752995, 897.7104683651495, 1010.0139398157647, 1028.4788222016018]",light,97.1,8.4,480,450
2023-12-13 04:30:00,61.6,"[880.8844665709718, 987.7661378217698, 992.0430212073726, 1034.6415855271655, 966.1527083620134]",light,96.2,7.7,480,450
2023-12-13 05:00:00,58.9,"[1001.4777452196839, 1001.6660086295853, 1073.7599958145922, 1035.984060937157, 1005.3828297082144]",light,96.5,5.8,480,450
2023-12-13 05:30:00,68.1,"[957.7540549851487, 991.8005196342634, 1034.6704777984476, 980.014478770897, 1059.0933304831265]",light,95.2,6.4,480,450
2023-12-13 06:00:00,76.3,"[742.1579467117899, 777.5083094614091, 767.3195690510261, 721.8126840392096, 804.3868055186697]",awake,98.1,10.0,0,0
2023-12-13 06:30:00,82.4,"[766.488633418543, 789.9517638572243, 743.6689234076835, 882.6128164991261, 786.9232988825878]",awake,97.8,14.0,0,0
2023-12-13 07:00:00,155.8,"[453.528968166712, 462.230464391651, 473.40892252313205, 447.8463812387405, 412.6549288668944]",awake,97.9,87.6,0,0
2023-12-13 07:30:00,154.1,"[413.0678177521997, 459.8000429214567, 364.0475175836652, 447.80913685284395, 419.6092647726599]",awake,99.0,80.7,0,0
2023-12-13 08:00:00,159.7,"[460.1118923334514, 432.5980880367552, 442.2527541443724, 405.61615996418465, 403.0173594437866]",awake,97.7,81.5,0,0
2023-12-13 08:30:00,142.7,"[378.82589766794445, 459.16398532975717, 446.7742667751119, 429.0452891261557, 450.6398664373377]",awake,97.0,75.8,0,0
2023-12-13 09:00:00,60.7,"[763.9074689562698, 817.0465373791824, 791.9195727420838, 784.5803849884436, 828.4133997126886]",awake,97.9,26.9,0,0
2023-12-13 09:30:00,60.9,"[823.5036717392256, 883.7958045531984, 785.2997569509713, 832.7796468392366, 868.6121623235223]",awake,97.7,1.7,0,0
2023-12-13 10:00:00,64.9,"[796.4347647546181, 832.2407086262923, 815.6077308200211, 851.3146662592343, 799.9722929562255]",awake,98.4,0.4,0,0
2023-12-13 10:30:00,93.0,"[815.0000894025686, 776.0448851739195, 824.0454489043929, 828.6136887343777, 787.6786910901993]",awake,98.3,14.7,0,0
2023-12-13 11:00:00,70.4,"[826.6726768395469, 802.0170787849086, 796.1057311867933, 785.5293031871917, 780.118474512639]",awake,98.1,31.9,0,0
2023-12-13 11:30:00,67.4,"[821.3381533578499, 758.5417767898732, 803.1439219453835, 838.6382974004416, 855.8379017186194]",awake,97.9,29.9,0,0
2023-12-13 12:00:00,80.6,"[822.9331535506706, 760.4063810429277, 777.2177849423574, 758.4172248007644, 794.419529909431]",awake,98.0,35.0,0,0
2023-12-13 12:30:00,75.5,"[799.1663326186854, 796.6280832655468, 766.2024830873776, 737.9579788797248, 841.9294430893674]",awake,98.6,19.4,0,0
2023-12-13 13:00:00,74.2,"[731.0886823462563, 736.8550297164248, 743.2416067331588, 807.1381165974185, 825.7358793210313]",awake,98.0,0.0,0,0
2023-12-13 13:30:00,71.0,"[757.2204716915095, 805.0927529654066, 830.4124332464665, 779.406821479899, 848.496742280126]",awake,97.4,39.9,0,0
2023-12-13 14:00:00,70.6,"[786.2795607413658, 838.3447340526866, 864.6030879747854, 854.7257381409728, 794.5972449744881]",awake,97.8,27.1,0,0
2023-12-13 14:30:00,62.1,"[858.3499013749545, 778.2443923701335, 872.2748961231014, 776.8920242234053, 777.0714716072874]",awake,98.5,23.1,0,0
2023-12-13 15:00:00,75.6,"[815.5635117562929, 772.3863867185469, 799.433386587262, 784.3584856611035, 799.6847835889736]",awake,97.5,18.7,0,0
2023-12-13 15:30:00,72.1,"[822.6565359550532, 747.155429015554, 781.1700478915872, 819.1805298143618, 779.1771452320269]",awake,98.0,24.9,0,0
2023-12-13 16:00:00,62.8,"[829.8677493587126, 795.4039429486714, 886.7314594898402, 805.6435164089718, 818.7704211346089]",awake,97.5,30.4,0,0
2023-12-13 16:30:00,96.7,"[815.0985234808418, 753.196221388876, 814.998662125429, 797.8385022617814, 842.7590772519461]",awake,97.9,28.1,0,0
2023-12-13 17:00:00,68.1,"[769.1434280105286, 816.4804258326624, 795.7243040422808, 807.0142276957084, 833.7455516711385]",awake,98.5,32.8,0,0
2023-12-13 17:30:00,70.7,"[776.0794446910005, 759.8177873985802, 806.0671483579845, 827.2191992929295, 830.0383323226882]",awake,97.5,18.7,0,0
2023-12-13 18:00:00,72.1,"[739.1325415057393, 797.962862502219, 777.4228297351196, 845.0070633514856, 815.3862107276113]",awake,97.3,35.8,0,0
2023-12-13 18:30:00,71.8,"[765.5638337538701, 809.0007725826972, 790.263139152839, 821.31297576518, 823.568591847907]",awake,97.7,34.2,0,0
2023-12-13 19:00:00,84.2,"[814.4848970001726, 794.5493363383163, 822.4323687409978, 767.5910078635643, 846.1958471969335]",awake,98.6,22.2,0,0
2023-12-13 19:30:00,84.9,"[780.6872414879781, 783.4700564344304, 813.7313786883717, 778.5540054930937, 742.3152838425739]",awake,98.2,23.2,0,0
2023-12-13 20:00:00,77.3,"[746.2585656269471, 835.0548459495186, 754.4541474156523, 838.0037991456063, 772.9588383941766]",awake,98.3,24.7,0,0
2023-12-13 20:30:00,70.4,"[844.4931906397421, 688.4726673811859, 746.3730980545611, 768.2821282069108, 825.4331065534718]",awake,98.3,37.3,0,0
2023-12-13 21:00:00,81.0,"[735.3199444508839, 818.3940238675335, 798.6002022289314, 871.0166480705183, 787.1240778253687]",awake,98.3,17.5,0,0
2023-12-13 21:30:00,80.5,"[746.5373381685035, 829.4118107321027, 754.2621252622059, 842.7819441494611, 865.6354872063501]",awake,97.5,30.8,0,0
2023-12-13 22:00:00,52.0,"[980.076463815322, 949.8277557349902, 912.8580278613392, 1016.9282076921955, 958.4825659402543]",light,95.0,6.6,480,450
2023-12-13 22:30:00,54.8,"[1038.50998334183, 975.4576576447681, 891.168827753932, 1016.8809402352449, 957.5934874928919]",light,96.1,3.4,480,450
2023-12-13 23:00:00,56.3,"[1012.9531448454228, 1077.3947243211396, 1018.1124532797962, 1014.5997907576859, 933.0794438104577]",light,96.3,5.7,480,450
2023-12-13 23:30:00,55.7,"[962.975780226596, 1012.8493650652166, 1042.4665308812073, 997.485610696104, 951.836374085162]",light,96.5,4.0,480,450
2023-12-14 00:00:00,63.1,"[982.2273683527085, 976.7438770360922, 975.5298767956499, 1020.8951986351044, 1115.397350268547]",deep,96.8,5.3,480,450
2023-12-14 00:30:00,59.9,"[1012.8681356273097, 1008.2091273707679, 1005.5725968364467, 1045.4020749746464, 1018.8954265842789]",deep,95.2,5.4,480,450
2023-12-14 01:00:00,58.1,"[1061.9847401333068, 966.3001699105997, 1021.6161285417392, 997.0599621355221, 1016.9141716044589]",deep,95.9,4.6,480,450
2023-12-14 01:30:00,56.0,"[1048.8757443610216, 1023.1001008687505, 1156.2866852829773, 1039.9075823759733, 1069.8451618575566]",deep,95.7,5.4,480,450
2023-12-14 02:00:00,52.0,"[1009.466353277152, 964.8855182538454, 976.4021145851591, 910.6311166881229, 1028.1617681415455]",rem,95.9,2.8,480,450
2023-12-14 02:30:00,63.7,"[962.1299690661681, 1026.1908590647588, 902.852012757245, 964.8816335724454, 953.9355085880865]",rem,96.1,7.5,480,450
2023-12-14 03:00:00,59.5,"[996.5027843782658, 955.6303250613183, 1057.1052604711772, 922.952273907632, 979.3767840569461]",rem,95.6,5.4,480,450
2023-12-14 03:30:00,60.1,"[993.7928954343557, 939.2471009691707, 1049.2559927131542, 1074.70279126793, 1032.5355320090853]",rem,94.9,6.8,480,450
2023-12-14 04:00:00,71.6,"[991.9993354121193, 1009.1257383579905, 1020.6252098213299, 945.6614371900548, 1057.7550880202905]",light,96.0,6.3,480,450
2023-12-14 04:30:00,53.6,"[991.9220036755091, 993.2671248588888, 940.0402163744734, 1065.4633060173092, 1060.1636236454235]",light,96.2,5.6,480,450
2023-12-14 05:00:00,54.2,"[1043.394520338531, 1049.3326213337873, 1143.2116982611842, 1024.5318412905053, 1054.8325831664295]",light,96.4,4.7,480,450
2023-12-14 05:30:00,59.5,"[1078.9696142318173, 968.3921723103687, 986.9796504081203, 1004.2001980136234, 1035.445443309167]",light,95.0,7.6,480,450
2023-12-14 06:00:00,80.9,"[797.2298811752034, 852.5028671665985, 863.546282219913, 840.2279068952718, 740.7476279916542]",awake,97.6,19.4,0,0
2023-12-14 06:30:00,57.9,"[846.9681664881242, 807.6593660869353, 796.3542804624442, 862.5410517658577, 823.1098008373996]",awake,97.8,24.3,0,0
2023-12-14 07:00:00,166.2,"[406.827055992378, 394.3093870049378, 427.6610952614247, 467.5241814228696, 432.0226981388982]",awake,98.3,80.8,0,0
2023-12-14 07:30:00,157.3,"[389.937986770728, 448.284043023594, 437.92364642612864, 460.10407210803777, 405.196808920016]",awake,98.3,96.2,0,0
2023-12-14 08:00:00,153.9,"[427.5906933517836, 428.80640536845283, 386.9145367414092, 434.9425689842443, 428.44665554692386]",awake,97.5,87.1,0,0
2023-12-14 08:30:00,142.6,"[482.844570181332, 446.46910538120466, 401.54947126371815, 434.76455774275905, 448.6385724508225]",awake,98.0,88.0,0,0
2023-12-14 09:00:00,94.7,"[748.5907861488585, 819.4532104496597, 771.7844227784578, 774.7615524181297, 842.0096086338608]",awake,98.2,10.9,0,0
2023-12-14 09:30:00,69.8,"[729.6295914457179, 733.2579814717785, 802.5291744045144, 818.03643469333, 924.4903486733092]",awake,98.0,29.3,0,0
2023-12-14 10:00:00,76.2,"[858.864818042656, 794.8534170984805, 789.2316332045302, 813.6958864234014, 811.4855643041984]",awake,97.2,7.3,0,0
2023-12-14 10:30:00,61.8,"[843.975177268869, 886.9295259437308, 822.5096234040748, 777.3466059211352, 795.2380542501646]",awake,97.8,31.0,0,0
2023-12-14 11:00:00,83.0,"[864.0164754621057, 805.6871031268029, 813.8141351164546, 835.3036647465067, 853.2007328689348]",awake,98.2,11.0,0,0
2023-12-14 11:30:00,79.9,"[835.0042847025778, 803.3989020015415, 647.6756278309198, 797.3552786822055, 805.1383352641975]",awake,98.3,17.0,0,0
2023-12-14 12:00:00,71.8,"[829.1405494072027, 842.1242810587596, 780.7802832910163, 750.9388178653253, 775.9271893821468]",awake,98.8,27.4,0,0
2023-12-14 12:30:00,75.5,"[780.1068901416395, 789.6498020606916, 869.7892593968179, 867.1433594261964, 829.899784764435]",awake,99.0,16.2,0,0
2023-12-14 13:00:00,70.3,"[855.7728114463397, 757.6867574048198, 776.1955966949565, 829.5487881083859, 784.4117123630836]",awake,97.6,17.2,0,0
2023-12-14 13:30:00,77.9,"[761.3496399455963, 802.8598692052899, 826.8336126605285, 815.2975426776521, 830.4603295076641]",awake,97.5,7.7,0,0
2023-12-14 14:00:00,66.2,"[806.5664051913767, 800.6126167620619, 795.8665957118975, 793.5845612965184, 818.3717983005246]",awake,98.1,26.9,0,0
2023-12-14 14:30:00,70.7,"[817.1292099931907, 774.6146401276503, 830.4561744425318, 817.3345967766306, 782.1516327528658]",awake,97.8,13.3,0,0
2023-12-14 15:00:00,72.2,"[792.0319209727878, 784.1385102540925, 814.2169543928388, 789.753847388637, 813.5409359105435]",awake,98.8,35.1,0,0
2023-12-14 15:30:00,70.5,"[858.5075029446919, 804.944275040214, 751.5949436151976, 841.061160100473, 818.8889132146666]",awake,97.3,29.9,0,0
2023-12-14 16:00:00,87.4,"[816.7283793598417, 804.7480777433605, 859.3244300128458, 751.0853161229367, 781.8091138097839]",awake,99.0,25.8,0,0
2023-12-14 16:30:00,77.6,"[827.1730399466502, 706.9457580955695, 787.3193527651746, 816.1971123903912, 814.848762090974]",awake,97.9,25.3,0,0
2023-12-14 17:00:00,84.4,"[706.9282118618803, 766.452155374158, 856.6278023895376, 797.960691238497, 803.8171085420004]",awake,96.6,8.9,0,0
2023-12-14 17:30:00,70.2,"[772.4609557952715, 820.9327050283871, 792.6823798755697, 798.8450981007564, 890.4187552048022]",awake,98.6,15.6,0,0
2023-12-14 18:00:00,54.9,"[739.7956182194699, 903.6343373182269, 754.1171923869576, 876.9761268349055, 829.5688422386477]",awake,97.8,12.6,0,0
2023-12-14 18:30:00,78.0,"[870.5207610730401, 844.3120498832927, 772.7287347956195, 804.6158753250548, 805.7071367637644]",awake,98.2,8.9,0,0
2023-12-14 19:00:00,70.5,"[816.3132419275213, 751.5475060007586, 902.9794421379886, 787.3766352933676, 797.7853592341253]",awake,98.9,26.6,0,0
2023-12-14 19:30:00,79.6,"[775.1751001334744, 828.0369050744197, 789.847903689514, 806.2202766512504, 805.5028609508042]",awake,97.7,25.6,0,0
2023-12-14 20:00:00,73.0,"[783.0441042908609, 759.3714596952292, 797.1938147067718, 731.7281958769534, 739.6921149384375]",awake,97.6,11.3,0,0
2023-12-14 20:30:00,88.0,"[786.8925104914474, 798.9387873208939, 781.7373953616493, 799.7677325434881, 820.7901326051131]",awake,97.8,20.5,0,0
2023-12-14 21:00:00,77.4,"[843.6840700219745, 786.271172730943, 798.6939936485503, 826.1222232499385, 692.0932738860544]",awake,97.7,8.0,0,0
2023-12-14 21:30:00,87.7,"[814.4749157121572, 790.0329159308081, 726.9891402054899, 820.5075983727795, 858.6242309079432]",awake,98.8,32.3,0,0
2023-12-14 22:00:00,51.8,"[1005.2830139704486, 996.0585189171189, 1025.6236020343838, 964.7639973375431, 1053.1655262577417]",light,95.7,7.4,480,450
2023-12-14 22:30:00,65.0,"[931.4778313962111, 1061.4465776930883, 979.1936911943106, 1026.978781743989, 1045.4421120041525]",light,96.6,3.2,480,450
2023-12-14 23:00:00,64.9,"[906.7016759450466, 1026.1889998191934, 1039.3765541008324, 971.6477215929049, 993.0556161208858]",light,95.9,4.5,480,450
2023-12-14 23:30:00,63.3,"[967.4235881246818, 1035.820813983378, 1045.8896120597678, 969.7454396698199, 1043.736092725518]",light,96.3,8.5,480,450
2023-12-15 00:00:00,59.6,"[1002.7618552311527, 1041.1608205390737, 1032.4679673624778, 1094.5371583960884, 961.2661518420475]",deep,96.7,5.7,480,450
2023-12-15 00:30:00,65.2,"[957.9925520679066, 1025.8598068125523, 1018.5726132576797, 955.1523073578489, 1008.4403438581286]",deep,97.3,5.1,480,450
2023-12-15 01:00:00,59.0,"[949.5600395425311, 972.3153043651569, 936.4664028144452, 984.81444652006, 946.7354213468224]",deep,96.3,4.6,480,450
2023-12-15 01:30:00,69.4,"[995.6813498797115, 936.8139686337023, 993.3878333776956, 991.5523815340224, 1038.1987917931644]",deep,96.9,8.9,480,450
2023-12-15 02:00:00,60.2,"[886.5575997308687, 1001.6199662127217, 1024.4774921257347, 979.4487048844165, 1008.614316970224]",rem,96.2,3.6,480,450
2023-12-15 02:30:00,62.0,"[981.4712058517911, 943.2014692528692, 1074.4573621172171, 974.0857865177068, 1028.2276942631895]",rem,96.0,5.5,480,450
2023-12-15 03:00:00,59.4,"[1049.6963697375763, 1114.088847320577, 1071.9259420719861, 934.2785062396138, 1022.5315369604008]",rem,95.4,2.6,480,450
2023-12-15 03:30:00,54.4,"[989.883743205609, 969.4372666666598, 971.5862577947673, 966.2058793905769, 1024.6878192373833]",rem,95.8,6.9,480,450
2023-12-15 04:00:00,64.8,"[1027.4879979203688, 981.1930940995388, 962.3971522212945, 1038.5251574995953, 1005.0489220978397]",light,95.6,5.7,480,450
2023-12-15 04:30:00,53.4,"[1075.1064569525727, 983.7676112917663, 948.45512689877, 966.2996299048443, 1012.876338854207]",light,96.0,6.0,480,450
2023-12-15 05:00:00,57.4,"[926.5705708846625, 1003.7139956772892, 974.671260742255, 952.877206216998, 949.918369548476]",light,95.6,4.2,480,450
2023-12-15 05:30:00,65.9,"[1098.3015834793698, 1018.2438903289692, 977.4385356175178, 950.7635673565987, 939.0112404547349]",light,95.2,6.2,480,450
2023-12-15 06:00:00,76.6,"[786.0423545361917, 819.6492761401421, 808.4867231875795, 823.5811643709162, 752.3426290948648]",awake,97.9,12.2,0,0
2023-12-15 06:30:00,83.3,"[802.1168269855624, 715.9189895704961, 775.4319473040962, 861.2457475147089, 721.2737985213663]",awake,98.2,23.1,0,0
2023-12-15 07:00:00,142.3,"[414.69332134879915, 434.4234954772829, 392.39649356258417, 421.68242825405514, 431.0659538320824]",awake,98.5,96.9,0,0
2023-12-15 07:30:00,126.9,"[429.1536827871752, 426.9676745709855, 480.1092571439915, 446.73551796335397, 413.8300435474878]",awake,97.3,85.1,0,0
2023-12-15 08:00:00,150.7,"[414.4549481623894, 353.0321220642916, 417.84562402414565, 443.66987870355354, 437.89319653955306]",awake,97.9,82.4,0,0
2023-12-15 08:30:00,162.3,"[364.6858891943755, 458.42764652006167, 403.84345363262116, 439.09968041695873, 419.64901185130736]",awake,98.9,91.8,0,0
2023-12-15 09:00:00,76.6,"[900.793904358034, 862.6148755349918, 801.3714045690957, 832.4344007346739, 885.6052717079922]",awake,98.1,16.8,0,0
2023-12-15 09:30:00,72.3,"[786.1541712519086, 816.5961143856097, 812.9437142961632, 845.6336397253016, 766.3667642344416]",awake,97.7,29.8,0,0
2023-12-15 10:00:00,76.1,"[824.5107983802664, 779.8653798440571, 854.964855606298, 756.8049061563095, 814.3847003376981]",awake,97.9,0.0,0,0
2023-12-15 10:30:00,71.6,"[806.1907136475947, 723.024954539372, 787.014250117089, 793.4794500579758, 767.0494077595913]",awake,98.7,14.8,0,0
2023-12-15 11:00:00,78.6,"[816.2137224695484, 775.0485455669667, 827.603569768712, 841.8757732016203, 747.3412097886056]",awake,97.4,19.8,0,0
2023-12-15 11:30:00,79.9,"[820.8777261306793, 796.679403791381, 798.6782249766662, 831.5147120384087, 742.6333399595271]",awake,97.9,21.8,0,0
2023-12-15 12:00:00,86.2,"[801.2143373474821, 787.7240000353088, 802.4573358710857, 799.5091550580336, 697.6467323055938]",awake,97.4,18.0,0,0
2023-12-15 12:30:00,66.0,"[760.7285203792196, 768.7481533364797, 795.4277827319046, 764.262616140494, 806.6325146653171]",awake,98.2,21.6,0,0
2023-12-15 13:00:00,77.5,"[841.2922815416127, 815.7205907383357, 786.6637740741858, 774.7944932025333, 833.8998620985558]",awake,98.7,17.9,0,0
2023-12-15 13:30:00,81.6,"[818.0752457700165, 830.343794067825, 826.075186467042, 707.171657884548, 773.4071214118231]",awake,97.5,16.4,0,0
2023-12-15 14:00:00,59.6,"[774.559445395103, 769.6810832201921, 672.2964561573965, 828.9686993678858, 762.1728912624642]",awake,98.3,24.2,0,0
2023-12-15 14:30:00,65.2,"[810.6259859731761, 847.671794831959, 824.9592560397692, 780.8802859280322, 855.8532911907628]",awake,97.9,12.3,0,0
2023-12-15 15:00:00,92.1,"[888.3425049720665, 824.3227972992158, 788.5399448058141, 849.5864000605725, 773.7727764741456]",awake,98.7,24.2,0,0
2023-12-15 15:30:00,76.4,"[888.7463768406518, 806.187746638338, 748.960682942707, 810.3760292594927, 823.6096157065385]",awake,98.5,18.6,0,0
2023-12-15 16:00:00,75.7,"[838.3719873497959, 804.7431546076533, 817.1929687347491, 861.0675440303253, 841.1219825232986]",awake,98.6,14.2,0,0
2023-12-15 16:30:00,68.3,"[776.0764704075431, 815.1239460734354, 831.732176552233, 838.9324887760546, 826.4916675209232]",awake,98.2,24.7,0,0
2023-12-15 17:00:00,73.1,"[782.5680887213713, 821.2560639342438, 801.6623811729589, 785.1805786618795, 815.6289273756038]",awake,98.4,24.5,0,0
2023-12-15 17:30:00,72.8,"[812.4979378532527, 816.3640775843036, 832.0443297073373, 784.001588316417, 807.1299278652422]",awake,98.1,16.5,0,0
2023-12-15 18:00:00,93.3,"[833.0885742342141, 837.6039229833541, 789.5918363947161, 802.6437748466357, 819.4973200273912]",awake,98.2,26.7,0,0
2023-12-15 18:30:00,85.7,"[802.6203148327953, 777.5616345325171, 816.9235998496248, 754.4560918785461, 877.1920865880611]",awake,98.5,18.3,0,0
2023-12-15 19:00:00,81.7,"[774.6513960567548, 849.1451151176537, 851.1253167608442, 797.1828215699785, 731.1547656827856]",awake,98.3,13.8,0,0
2023-12-15 19:30:00,78.4,"[839.264865970451, 735.1819714841595, 789.7380559818529, 801.7716487869823, 847.6871684815015]",awake,98.1,0.0,0,0
2023-12-15 20:00:00,79.8,"[791.4420789555451, 755.9708057622486, 773.6329824910215, 728.9205249455504, 801.3694715733959]",awake,97.8,23.7,0,0
2023-12-15 20:30:00,76.1,"[839.1438022550149, 823.1291322474207, 843.6005668355174, 750.1410663772692, 772.8375322207609]",awake,97.5,11.3,0,0
2023-12-15 21:00:00,82.7,"[806.5052573492429, 766.5815241626567, 817.7783031532553, 758.40420474367, 708.2110421415307]",awake,97.9,20.3,0,0
2023-12-15 21:30:00,70.5,"[778.8248623845778, 796.6792918987436, 782.8220187500245, 816.899134349398, 805.3722722550364]",awake,98.2,29.4,0,0
2023-12-15 22:00:00,55.3,"[1033.5100809130936, 932.5032043042654, 970.310833122329, 1037.5792295245565, 985.761951869939]",light,96.0,7.3,480,450
2023-12-15 22:30:00,63.5,"[933.1353082413731, 1044.830070628976, 1010.0404528019677, 959.8046889535796, 953.2592508709181]",light,96.1,6.0,480,450
2023-12-15 23:00:00,55.4,"[939.5179324215234, 944.8213505094042, 969.7815925075548, 962.9590512103943, 913.3164034409863]",light,95.5,8.3,480,450
2023-12-15 23:30:00,63.3,"[963.3473240567284, 1105.182135911154, 1071.3322428361457, 1060.188320087178, 967.6880081448912]",light,95.6,7.2,480,450
2023-12-16 00:00:00,58.1,"[914.986698687913, 1036.7344263982968, 1054.8218319712075, 1072.4808564491384, 1019.683227836275]",deep,96.3,6.6,480,450
2023-12-16 00:30:00,48.3,"[961.7475522644768, 1055.0822000926444, 951.4773357913276, 992.679184994516, 1078.7981041511832]",deep,96.1,6.7,480,450
2023-12-16 01:00:00,60.1,"[929.0662437409861, 1042.1314500979815, 1036.1675921954113, 972.2585480736358, 1070.5896187153828]",deep,96.5,2.7,480,450
2023-12-16 01:30:00,52.7,"[1085.6062075222412, 1082.0945248772985, 1041.5084311235212, 1060.123552843311, 1028.413333300913]",deep,96.1,0.6,480,450
2023-12-16 02:00:00,60.0,"[988.3404730346468, 1008.9726759923008, 956.8164339742743, 1028.7911286708013, 1039.8469051959833]",rem,96.0,3.5,480,450
2023-12-16 02:30:00,52.9,"[958.3000288211452, 1043.7161049420515, 944.3578101586072, 1066.7580115595028, 1022.8539985714324]",rem,96.6,4.6,480,450
2023-12-16 03:00:00,53.6,"[1043.9849837130123, 1007.695061590252, 1002.6506561652621, 1019.3398037428415, 971.0801844523172]",rem,95.7,4.6,480,450
2023-12-16 03:30:00,57.1,"[996.186780069455, 938.43850918133, 1085.2562387485355, 1039.136027765245, 989.5884552559015]",rem,95.7,5.0,480,450
2023-12-16 04:00:00,65.2,"[1049.1189784885198, 1059.2341516389738, 957.4035687086682, 1005.5408608940695, 999.595414856297]",light,95.8,6.7,480,450
2023-12-16 04:30:00,58.7,"[988.1065096080634, 1032.3600519373235, 954.1703580723965, 932.9719113813571, 1141.604100247127]",light,95.2,1.4,480,450
2023-12-16 05:00:00,61.6,"[979.000504508304, 1002.41713723675, 1031.4877265862888, 985.8934807800568, 1027.0554801718288]",light,95.6,3.7,480,450
2023-12-16 05:30:00,55.9,"[1043.8523278798384, 1051.602851090361, 1018.5444517955292, 951.9446413776141, 1066.1196776125519]",light,96.5,7.9,480,450
2023-12-16 06:00:00,67.7,"[829.4838946950115, 771.9902430605606, 812.398267236781, 766.7122447201742, 825.7544271149594]",awake,98.1,9.7,0,0
2023-12-16 06:30:00,81.5,"[878.8563203251374, 824.0542271135625, 803.0001126013925, 793.8620069327718, 784.9181857670221]",awake,97.0,14.2,0,0
2023-12-16 07:00:00,68.5,"[808.8617391489579, 801.0871993032684, 835.5390184528279, 841.6227196493071, 860.4075244138337]",awake,98.3,18.6,0,0
2023-12-16 07:30:00,70.9,"[750.8767254750229, 852.4655846187915, 738.9748060254126, 737.4146983524896, 763.5802346511194]",awake,97.7,31.1,0,0
2023-12-16 08:00:00,74.9,"[757.3695454887155, 806.051913830002, 842.246009487719, 798.0634507758865, 819.6020235209235]",awake,97.7,24.7,0,0
2023-12-16 08:30:00,89.9,"[747.1253459304796, 795.2737164785543, 841.6978653418022, 830.4664623024233, 843.3505371019093]",awake,97.3,26.1,0,0
2023-12-16 09:00:00,74.6,"[753.563798515685, 833.501938094236, 844.0208352720687, 819.5034030229912, 781.7213626044356]",awake,97.7,13.6,0,0
2023-12-16 09:30:00,71.7,"[742.9279660779583, 799.2860793761313, 830.3014747883472, 808.9219388595588, 809.7317965376731]",awake,98.1,0.0,0,0
2023-12-16 10:00:00,57.5,"[717.252344899466, 684.7704730671576, 792.0488061601689, 769.8161865788543, 797.6975529479854]",awake,98.5,34.5,0,0
2023-12-16 10:30:00,71.3,"[745.0070698014092, 760.3271136224142, 810.123090495036, 758.5663163801732, 836.3696194320232]",awake,98.2,12.0,0,0
2023-12-16 11:00:00,72.6,"[872.1554263513896, 812.6521635975706, 817.2202771718197, 775.1501067266571, 861.9066872999329]",awake,97.8,20.4,0,0
2023-12-16 11:30:00,65.9,"[831.2436889583036, 856.3968546699742, 753.4003375682177, 746.2033051700455, 766.8175135975202]",awake,98.1,18.4,0,0
2023-12-16 12:00:00,68.1,"[810.7682940575676, 790.2684312240873, 793.6068416358373, 769.9169394000207, 775.0588271081597]",awake,97.9,20.1,0,0
2023-12-16 12:30:00,63.9,"[844.8623057350214, 770.3365762814774, 776.817778150218, 733.2163604029254, 869.9210060953358]",awake,97.6,2.1,0,0
2023-12-16 13:00:00,71.0,"[835.1579856768909, 810.7524099199875, 817.7022779076386, 847.5418585880728, 791.6578722876473]",awake,97.9,15.1,0,0
2023-12-16 13:30:00,90.3,"[775.1662903462452, 786.9572713988659, 811.6636362183614, 777.4150189606873, 717.9701139012252]",awake,97.6,9.5,0,0
2023-12-16 14:00:00,63.7,"[791.3668932276445, 833.363296022193, 867.6735093885322, 732.5505294159955, 742.7333756190516]",awake,98.6,22.5,0,0
2023-12-16 14:30:00,74.3,"[725.7324283664324, 825.2828577290983, 810.0660185314126, 853.6059256089367, 739.665120929674]",awake,97.6,24.2,0,0
2023-12-16 15:00:00,74.4,"[753.435235919489, 809.5345295236176, 807.9387114562313, 783.9042205443458, 797.4417273910224]",awake,97.9,30.5,0,0
2023-12-16 15:30:00,77.1,"[734.9253225299407, 744.9278626738106, 763.7418744203071, 842.4905549499002, 777.3957887162364]",awake,98.0,29.3,0,0
2023-12-16 16:00:00,70.9,"[782.684285658224, 810.0770256005084, 832.3376754354234, 769.2090774517621, 849.9181719673636]",awake,98.2,23.3,0,0
2023-12-16 16:30:00,86.5,"[785.3836692798903, 808.0995071874166, 791.52257770334, 746.8389146043473, 773.491196580683]",awake,98.2,29.3,0,0
2023-12-16 17:00:00,68.8,"[775.5378868962702, 812.0179895605457, 920.672690508847, 835.0015413183113, 787.3228764519391]",awake,97.0,22.4,0,0
2023-12-16 17:30:00,84.5,"[759.0557301047586, 878.3659280835982, 824.0211306514001, 853.3638397968624, 844.7886533898715]",awake,98.7,37.3,0,0
2023-12-16 18:00:00,65.7,"[860.0736050721257, 858.727846720875, 780.4772056264193, 838.4469930374692, 766.8549590267916]",awake,98.5,7.6,0,0
2023-12-16 18:30:00,80.6,"[827.2671347810166, 868.0677985041336, 770.4036726034702, 811.6216529186448, 805.3711046356673]",awake,99.0,22.7,0,0
2023-12-16 19:00:00,72.9,"[786.1399083254338, 797.3643334263527, 849.9244759247687, 842.7680522138813, 823.0248130351451]",awake,97.5,7.1,0,0
2023-12-16 19:30:00,77.2,"[817.7372430679455, 884.3486629608097, 827.9081499198039, 816.747007977529, 800.7250947474859]",awake,98.5,15.6,0,0
2023-12-16 20:00:00,65.9,"[812.2047886562522, 789.92221755291, 787.4729913760558, 796.6012260887678, 831.8659087175231]",awake,98.3,13.4,0,0
2023-12-16 20:30:00,76.3,"[836.7969660027901, 769.138631546624, 709.3049708854368, 821.6464585176616, 776.9483334508709]",awake,97.6,19.5,0,0
2023-12-16 21:00:00,58.7,"[836.984265342057, 822.6594451949576, 800.5881075142313, 777.3764534381905, 768.2827782067875]",awake,97.9,27.5,0,0
2023-12-16 21:30:00,75.6,"[897.2789058348145, 801.0791758553231, 753.1465587861038, 828.437921587383, 839.5188228185741]",awake,97.9,24.3,0,0
2023-12-16 22:00:00,59.2,"[945.4498851722592, 1030.0749449486523, 979.5968436572896, 972.7975953884913, 979.381936660035]",light,96.2,5.7,480,450
2023-12-16 22:30:00,52.2,"[1078.619565490963, 1076.0054275432733, 1004.3479304698118, 965.2845863102341, 1028.9645886051246]",light,96.0,4.0,480,450
2023-12-16 23:00:00,52.0,"[1005.6849094719465, 950.394333950755, 1007.7922307535289, 1057.2005080805257, 1017.0102746957118]",light,95.7,4.7,480,450
2023-12-16 23:30:00,63.5,"[1000.3387373463235, 966.0858853077688, 922.3987822266624, 1021.209640363974, 981.3739956166316]",light,95.5,5.8,480,450
2023-12-17 00:00:00,61.9,"[1020.0997419512357, 1068.1686072498699, 991.4719693685599, 948.2311994494122, 967.1577334386405]",deep,96.7,2.6,480,450
2023-12-17 00:30:00,62.6,"[1011.4886052728275, 953.2277487553404, 946.9706428500938, 957.5791650118871, 965.0507040022587]",deep,95.9,3.4,480,450
2023-12-17 01:00:00,50.8,"[949.9518353868972, 882.9479734064075, 1065.1994433983957, 1051.782227844521, 972.6365305961535]",deep,95.8,5.8,480,450
2023-12-17 01:30:00,51.1,"[1023.4150998517619, 909.220560396549, 1024.7602198453262, 972.9132692414122, 999.0351774453719]",deep,95.8,6.5,480,450
2023-12-17 02:00:00,61.1,"[959.6734053926045, 978.413611653763, 951.0118134987501, 985.1477029921183, 1002.9160261539328]",rem,96.4,2.4,480,450
2023-12-17 02:30:00,66.0,"[1026.0323844764869, 1101.8981316157046, 947.9278889855352, 1014.9676161323468, 1013.893063001514]",rem,96.0,5.1,480,450
2023-12-17 03:00:00,57.5,"[983.8447190206861, 960.4403343827794, 1021.905068699815, 917.2335590813885, 982.3017843104195]",rem,95.8,3.6,480,450
2023-12-17 03:30:00,63.6,"[998.2129753624996, 1065.9893649162502, 989.1682085803174, 1017.4763169720053, 1056.9509184209815]",rem,96.5,2.5,480,450
2023-12-17 04:00:00,57.2,"[1042.4037449541213, 990.7535716210168, 1045.0568888455482, 1018.6544648297787, 1042.4476271520246]",light,95.8,3.3,480,450
2023-12-17 04:30:00,55.2,"[948.5664407529009, 1034.858636805215, 999.5440146006035, 1061.3035508479786, 925.6330818504189]",light,95.1,7.4,480,450
2023-12-17 05:00:00,60.2,"[1049.467908102754, 1073.0376915120605, 1029.1530214806087, 1138.366306784694, 1025.7098634234744]",light,96.1,6.4,480,450
2023-12-17 05:30:00,73.1,"[977.2235397299874, 981.9847879707811, 886.1272796072813, 948.3415094284891, 1068.463969317069]",light,95.7,4.3,480,450
2023-12-17 06:00:00,90.0,"[822.5212793298022, 853.7628556175848, 846.2344492014033, 841.434325283852, 823.1407316751275]",awake,97.7,15.3,0,0
2023-12-17 06:30:00,67.1,"[804.85481384003, 790.7264029288309, 817.5533923707305, 797.8735436443758, 801.9489768660115]",awake,98.1,29.1,0,0
2023-12-17 07:00:00,74.2,"[755.9510097125593, 795.0193586698427, 813.6437873643999, 775.5100581763743, 845.2203690967498]",awake,98.3,26.3,0,0
2023-12-17 07:30:00,86.1,"[837.0132467521552, 742.9445013626337, 858.2613738618841, 780.923942527812, 829.7266802309256]",awake,97.9,23.9,0,0
2023-12-17 08:00:00,70.2,"[806.4241843740994, 718.6498469720882, 806.3069527083406, 825.2014199213951, 819.5336614854331]",awake,97.0,10.9,0,0
2023-12-17 08:30:00,84.8,"[755.1019260129983, 866.1216699813743, 835.7847375730422, 832.3833487093757, 764.4482375150119]",awake,98.2,15.7,0,0
2023-12-17 09:00:00,86.9,"[798.0247626465983, 814.8515096125916, 764.7530721637756, 831.733282440152, 840.1942112270294]",awake,98.1,28.2,0,0
2023-12-17 09:30:00,89.2,"[818.8023531581288, 787.9309112224678, 827.4316167673024, 784.0176773095948, 779.6938164860906]",awake,97.5,25.2,0,0
2023-12-17 10:00:00,74.4,"[816.8525423209022, 792.9493092271956, 804.3248719619377, 849.4544115157732, 819.9935115250976]",awake,97.7,1.1,0,0
2023-12-17 10:30:00,77.2,"[735.1858971877778, 770.4471737336955, 800.9853554081518, 792.911837252032, 825.2851907727961]",awake,97.3,9.0,0,0
2023-12-17 11:00:00,78.0,"[792.6218499607862, 786.250073459275, 850.6923168233631, 813.5113240028217, 775.0520646777454]",awake,97.7,14.4,0,0
2023-12-17 11:30:00,71.7,"[817.0037201819383, 795.3565876205776, 776.8513579195145, 790.3976167450833, 808.5112036873684]",awake,98.8,38.4,0,0
2023-12-17 12:00:00,80.1,"[790.2006563494015, 759.6995122928587, 804.7445807169902, 826.048627494038, 795.445711747255]",awake,98.0,8.8,0,0
2023-12-17 12:30:00,78.6,"[840.5027364313268, 766.2869135545379, 779.2814967885142, 806.1314002857354, 788.3762850245122]",awake,98.1,24.2,0,0
2023-12-17 13:00:00,74.1,"[849.2458001601514, 766.2951579111252, 771.4771161270266, 780.4599687529305, 844.7913393430623]",awake,98.6,21.7,0,0
2023-12-17 13:30:00,74.7,"[742.214972734224, 807.0913742777725, 789.2082800479645, 842.6091044943993, 785.543994301101]",awake,97.8,27.2,0,0
2023-12-17 14:00:00,67.0,"[774.8121798053102, 768.4307590716265, 818.2679374075835, 816.9161704700119, 784.1807972458078]",awake,97.7,10.6,0,0
2023-12-17 14:30:00,79.0,"[854.3258847647711, 796.7259412012485, 810.6175396688425, 768.4963954736818, 801.9197838684898]",awake,99.0,13.0,0,0
2023-12-17 15:00:00,76.6,"[841.9451811322028, 815.2185482569702, 844.371003777147, 752.2428424898122, 818.7185301634688]",awake,98.9,22.9,0,0
2023-12-17 15:30:00,76.3,"[739.9826125347549, 732.8238210049451, 809.5878438416968, 869.4283666043593, 794.4185654481685]",awake,97.9,20.1,0,0
2023-12-17 16:00:00,78.5,"[849.1675675733626, 759.0258388869182, 818.3865164814174, 819.6447961300864, 743.0386605335601]",awake,98.3,12.9,0,0
2023-12-17 16:30:00,64.7,"[861.1175679096772, 858.4215564260882, 788.3937945034531, 805.5432624747598, 721.9862686725003]",awake,98.4,16.8,0,0
2023-12-17 17:00:00,66.5,"[706.387785126386, 889.9046939859995, 826.30786748895, 759.69150645931, 819.8615951540785]",awake,97.7,13.4,0,0
2023-12-17 17:30:00,89.9,"[738.2839488428074, 791.3684102101622, 802.2058022268806, 782.7129225282565, 950.0256188789709]",awake,98.3,16.1,0,0
2023-12-17 18:00:00,90.4,"[775.1495679178884, 830.0340427166963, 813.8844886293921, 806.044184270491, 797.134403781454]",awake,98.3,34.4,0,0
2023-12-17 18:30:00,91.0,"[753.7156524980818, 828.6160610548407, 823.9738384773187, 847.945617691958, 812.3458436605008]",awake,98.5,27.9,0,0
2023-12-17 19:00:00,78.9,"[817.0698679056204, 732.4600894942454, 916.1436175589849, 812.0152846976165, 825.8626740838046]",awake,97.0,15.1,0,0
2023-12-17 19:30:00,66.5,"[742.3762214834276, 809.5281835634436, 840.2633085126781, 740.6500408993847, 807.3967966868091]",awake,97.9,25.7,0,0
2023-12-17 20:00:00,59.2,"[776.7304105236236, 849.639299970846, 821.8189939466082, 833.3392930371674, 759.3840436356758]",awake,97.8,18.1,0,0
2023-12-17 20:30:00,72.0,"[797.8259527947794, 777.1915870572569, 876.0002290301915, 793.7900890182881, 767.9598095872486]",awake,97.7,3.1,0,0
2023-12-17 21:00:00,78.8,"[733.5931518323207, 834.1936556749121, 868.4390894137745, 826.2463667319687, 708.4310291445734]",awake,98.3,19.5,0,0
2023-12-17 21:30:00,69.4,"[823.4329106314062, 771.3652038997834, 805.0818705357464, 750.8237083558469, 778.6054577551863]",awake,98.4,34.7,0,0
2023-12-17 22:00:00,64.8,"[1077.722705244577, 990.8335761464964, 1091.9181768860817, 1039.5932888907844, 996.9931578015968]",light,95.4,1.9,480,450
2023-12-17 22:30:00,62.8,"[1008.5991218541174, 999.4217689563899, 1079.171906614915, 993.0300162770683, 1053.7509205541114]",light,96.2,0.2,480,450
2023-12-17 23:00:00,56.3,"[897.7282221959952, 1019.6491510798056, 1062.5408960221641, 1000.3653260471569, 971.91362698129]",light,96.3,3.5,480,450
2023-12-17 23:30:00,66.8,"[1024.1831662122224, 998.5549118733528, 995.9698058131307, 1050.7300447681155, 921.8103071115011]",light,95.7,6.1,480,450
2023-12-18 00:00:00,62.1,"[1008.2028113488967, 1066.8082399185334, 1073.783494430664, 1029.0422031719977, 1043.8579861162234]",deep,96.9,4.0,480,450
2023-12-18 00:30:00,65.9,"[989.8952659230354, 1142.6557855471294, 998.8786138891866, 1041.896169388906, 998.1886473375812]",deep,96.3,6.6,480,450
2023-12-18 01:00:00,56.3,"[1008.8890625709721, 972.408381716086, 1054.43587920292, 1000.4429511528307, 979.4780170174457]",deep,95.7,4.1,480,450
2023-12-18 01:30:00,59.1,"[918.9168515232175, 1031.6770216742907, 954.5142325956444, 922.1417714027783, 938.2765986060208]",deep,96.8,8.1,480,450
2023-12-18 02:00:00,60.7,"[1022.1502681253914, 1000.8784702137989, 956.8885763325943, 1015.0482927815506, 1010.116418961993]",rem,96.3,2.8,480,450
2023-12-18 02:30:00,75.1,"[951.4934728143082, 1011.4108055065892, 984.0628779450846, 1010.2959897009471, 962.3848731727481]",rem,96.0,5.3,480,450
2023-12-18 03:00:00,60.4,"[1022.1987298188742, 925.525960320361, 1040.8117618335955, 984.49882611431, 959.8357605082363]",rem,96.5,4.5,480,450
2023-12-18 03:30:00,51.5,"[1021.1265611927308, 1048.4129531924145, 977.1908218788979, 1084.2147238122957, 916.5704872757423]",rem,95.0,5.2,480,450
2023-12-18 04:00:00,56.7,"[1051.8284297176406, 963.2655368989967, 1042.1143897670386, 1014.3553085088633, 976.4233215287946]",light,95.5,0.1,480,450
2023-12-18 04:30:00,59.1,"[1065.3047551493287, 1013.2610437630464, 1007.6385423998524, 967.4172453115042, 1031.8322458013]",light,96.5,7.4,480,450
2023-12-18 05:00:00,56.5,"[1044.322988903617, 1011.2077768781401, 987.7366772649763, 924.2945408494586, 1020.9294150100245]",light,95.6,5.3,480,450
2023-12-18 05:30:00,60.6,"[963.4029655931448, 970.441020588168, 1010.9645514646916, 959.675983164701, 989.1765868524345]",light,96.1,2.5,480,450
2023-12-18 06:00:00,77.8,"[714.9756832003932, 752.2422678481793, 883.518762668199, 796.627091157394, 860.2845314279772]",awake,97.5,22.9,0,0
2023-12-18 06:30:00,81.7,"[801.5150051976749, 767.2636138603247, 779.7203125305721, 789.6488722760355, 775.8666721705059]",awake,98.1,12.6,0,0
2023-12-18 07:00:00,128.1,"[457.40891065968043, 443.9626621049813, 425.03714912902933, 443.8036182025998, 412.8951087016993]",awake,97.6,89.1,0,0
2023-12-18 07:30:00,134.2,"[421.3672456625786, 473.7605471150412, 408.73631166517754, 451.64109248941054, 426.1696979984143]",awake,98.2,75.7,0,0
2023-12-18 08:00:00,155.2,"[448.17813631990566, 403.3350312511009, 436.62579710159076, 492.01106151500954, 446.20226075454065]",awake,97.3,81.2,0,0
2023-12-18 08:30:00,141.8,"[455.3291423088431, 464.0184697390139, 439.0197130971038, 392.2445289505275, 448.600399112369]",awake,97.4,82.3,0,0
2023-12-18 09:00:00,79.0,"[893.7709110945848, 719.3678655336522, 731.1526040236569, 806.9789555173272, 790.0220153453754]",awake,97.7,13.4,0,0
2023-12-18 09:30:00,87.5,"[836.5958900487775, 828.5668649541426, 816.5100350120563, 852.5733422015018, 828.8485188761326]",awake,97.3,6.8,0,0
2023-12-18 10:00:00,84.5,"[761.8976015425898, 765.5690278403163, 821.115818775276, 785.8227105348202, 778.5219536521826]",awake,97.7,28.2,0,0
2023-12-18 10:30:00,69.4,"[801.9690836613562, 811.1143783561446, 793.5119105420317, 804.1981246655898, 850.4267503259721]",awake,97.8,4.7,0,0
2023-12-18 11:00:00,80.7,"[764.412124036701, 753.1926043706093, 775.0911207396514, 703.6214976146894, 781.7969003756513]",awake,97.7,21.3,0,0
2023-12-18 11:30:00,64.6,"[804.120943942347, 785.265502323271, 773.0958167320679, 798.437216413348, 782.7557429098623]",awake,98.2,28.3,0,0
2023-12-18 12:00:00,72.3,"[789.1449184920663, 763.7414856579236, 833.5919934098904, 824.789429079904, 780.509412029175]",awake,98.7,36.4,0,0
2023-12-18 12:30:00,58.6,"[767.5494762122073, 777.7465678809695, 825.4886070256833, 769.7051840506275, 761.7226004373003]",awake,97.7,19.9,0,0
2023-12-18 13:00:00,94.7,"[782.9082281088679, 864.8139691564933, 777.7380718292674, 860.8401460257251, 841.3344957302915]",awake,97.7,30.9,0,0
2023-12-18 13:30:00,88.3,"[817.0718498659849, 822.8675344698576, 823.1217987261168, 914.7683919184511, 779.9916328152312]",awake,98.1,12.3,0,0
2023-12-18 14:00:00,78.9,"[884.3919448710519, 820.0674292519957, 760.3244811057903, 850.0936902693469, 729.0827231459652]",awake,98.2,21.4,0,0
2023-12-18 14:30:00,88.2,"[812.1864158187635, 787.8927085345791, 830.6027533975702, 789.0938548166772, 802.5500280827092]",awake,99.0,21.3,0,0
2023-12-18 15:00:00,74.7,"[845.2566964433, 851.7732544584154, 781.2126733430033, 806.9154556928169, 847.4611673806925]",awake,98.8,36.0,0,0
2023-12-18 15:30:00,75.7,"[786.5733500182523, 783.8011084900223, 730.4942400778547, 827.5668679741141, 835.2325510514501]",awake,98.4,20.2,0,0
2023-12-18 16:00:00,73.5,"[850.3699860307447, 847.5710746222738, 838.8527135115559, 824.3237804972911, 769.1356477158589]",awake,98.4,12.3,0,0
2023-12-18 16:30:00,79.5,"[773.8251634558387, 820.7838599146015, 804.4158938499547, 748.1546855266336, 824.7247279012955]",awake,98.3,14.6,0,0
2023-12-18 17:00:00,78.5,"[843.6841157942205, 850.2492245752022, 832.0860377803114, 709.8714993095559, 708.6241831830404]",awake,97.6,27.5,0,0
2023-12-18 17:30:00,75.5,"[821.6711129045253, 886.5652122114666, 801.6913293542592, 782.2780025753207, 817.9130931293381]",awake,97.4,24.9,0,0
2023-12-18 18:00:00,82.5,"[794.3428498746308, 860.2123436167916, 850.9312831747244, 799.8785216175687, 755.4401796035139]",awake,97.1,13.1,0,0
2023-12-18 18:30:00,76.3,"[746.3908730872948, 811.9184317981785, 860.4234481432137, 826.9315986733086, 783.5552790441594]",awake,97.7,12.8,0,0
2023-12-18 19:00:00,82.2,"[828.7522796300871, 773.5693070999286, 839.5981325203808, 794.7740086147741, 773.0911372814385]",awake,97.9,28.4,0,0
2023-12-18 19:30:00,74.9,"[837.3012979293788, 756.3895899360504, 799.6811923430037, 789.6310757590272, 849.2741584384829]",awake,98.0,25.5,0,0
2023-12-18 20:00:00,77.9,"[831.6351245820719, 835.0337294978038, 805.6351885969972, 771.3001685156746, 835.2471563458149]",awake,98.5,28.4,0,0
2023-12-18 20:30:00,78.7,"[813.0855432149277, 774.6807539977075, 824.5771632595886, 890.6954781990113, 827.2808976978363]",awake,97.8,20.3,0,0
2023-12-18 21:00:00,69.4,"[782.728301315769, 732.9896123695628, 746.5110287619661, 754.9891572596728, 804.0427454002966]",awake,99.0,5.6,0,0
2023-12-18 21:30:00,86.0,"[779.0868458406953, 783.2449922702461, 790.6503113667734, 774.8680343703473, 821.5172716291027]",awake,97.5,23.0,0,0
2023-12-18 22:00:00,64.0,"[1030.953581161721, 1087.7799833574315, 945.3271336635286, 1068.1393711849264, 1055.272550684829]",light,96.3,6.0,480,450
2023-12-18 22:30:00,55.7,"[1006.0405861111548, 1009.5889207333346, 1044.9765079611718, 932.975602532667, 1093.738509958923]",light,95.7,5.4,480,450
2023-12-18 23:00:00,64.3,"[1015.785802249942, 1070.7373235851844, 1042.5694982289451, 1052.8052678455772, 1044.6759019044905]",light,96.6,6.9,480,450
2023-12-18 23:30:00,59.0,"[920.0742868054018, 1017.791971489803, 1032.6118821253874, 1008.0361669317317, 1036.5239706047137]",light,96.0,4.0,480,450
2023-12-19 00:00:00,60.0,"[980.4891076172217, 1153.1137445282004, 975.0349137922364, 976.1457876693347, 970.1637023500714]",deep,96.7,7.3,480,450
2023-12-19 00:30:00,56.5,"[949.1146171655951, 915.0292240886486, 1037.7476211746564, 925.1713971189616, 915.957539297043]",deep,96.1,6.2,480,450
2023-12-19 01:00:00,59.5,"[993.3708583305951, 1043.2651540927093, 1030.3854429641817, 965.0699075774155, 939.6126437981347]",deep,97.0,2.4,480,450
2023-12-19 01:30:00,55.1,"[1086.3282294103203, 988.5869619023788, 979.2055050116552, 993.6511509807119, 951.6437743339048]",deep,96.5,5.9,480,450
2023-12-19 02:00:00,50.7,"[963.6082602733513, 989.1377452015381, 937.7338762278123, 1016.6266398011081, 1009.8967777491488]",rem,95.8,6.8,480,450
2023-12-19 02:30:00,68.1,"[1031.3311761675016, 1023.7405170109921, 994.121949088803, 1007.7419687487887, 989.3684770309328]",rem,96.3,2.4,480,450
2023-12-19 03:00:00,59.4,"[933.562649970156, 985.2684525138131, 932.026996251209, 1004.3839121392976, 1040.5705598912512]",rem,96.9,3.2,480,450
2023-12-19 03:30:00,56.3,"[1069.8749651691223, 1048.3829141669069, 915.5932570710575, 962.7083592115814, 1070.5716878979194]",rem,95.3,2.4,480,450
2023-12-19 04:00:00,55.3,"[906.9487662896183, 999.4100270660791, 898.7992791067026, 1094.30173071328, 967.9126851361206]",light,95.6,2.5,480,450
2023-12-19 04:30:00,61.4,"[1082.837621546189, 1027.9205052461691, 934.2704792470985, 1000.9448630189491, 1034.8098761205838]",light,96.0,5.8,480,450
2023-12-19 05:00:00,59.7,"[1006.4527806251001, 990.6744068035252, 1027.2379067682384, 937.1318647562747, 1029.7864534036219]",light,95.5,7.5,480,450
2023-12-19 05:30:00,59.3,"[970.5845431511048, 980.9745117154911, 938.4095198409, 1014.972321633374, 959.2905187953567]",light,96.2,3.4,480,450
2023-12-19 06:00:00,90.8,"[763.5820241322191, 747.7101537889639, 808.3357242419455, 799.6077851203421, 761.0455882980298]",awake,98.7,28.2,0,0
2023-12-19 06:30:00,67.0,"[762.2725755357069, 871.4551351597024, 818.0810331953841, 817.5545152344358, 784.3923503407332]",awake,98.4,13.3,0,0
2023-12-19 07:00:00,127.7,"[457.1844831955976, 437.30260784992566, 466.6572200458334, 453.1939531954341, 421.3375809845291]",awake,97.9,81.9,0,0
2023-12-19 07:30:00,158.0,"[421.8440176393278, 436.89519231565197, 398.0818633806809, 343.06500742933804, 475.37585259541436]",awake,97.6,86.5,0,0
2023-12-19 08:00:00,139.7,"[377.9543997601784, 436.65667349713857, 444.4356033589921, 474.2948886769221, 429.5331943576205]",awake,98.0,87.1,0,0
2023-12-19 08:30:00,159.2,"[405.1227297007561, 434.2353985188489, 414.1382670409349, 418.2981259896286, 334.0602110078103]",awake,98.3,91.4,0,0
2023-12-19 09:00:00,73.9,"[910.7346659249658, 771.6593456571503, 805.5081969501144, 766.8040678701489, 809.7992457159864]",awake,98.5,26.7,0,0
2023-12-19 09:30:00,82.9,"[831.2828105504481, 752.9601414923717, 819.8057731791187, 750.6114821648903, 799.5761974740113]",awake,98.0,10.1,0,0
2023-12-19 10:00:00,66.9,"[686.0771285716188, 831.9659951408178, 799.2200589515736, 766.706734342918, 831.1211292278227]",awake,98.2,14.4,0,0
2023-12-19 10:30:00,82.6,"[700.343033521301, 829.166577597506, 789.0980253576315, 832.9251949287759, 859.6664804448322]",awake,97.9,4.9,0,0
2023-12-19 11:00:00,76.5,"[830.2590679957156, 763.3574815844596, 774.9080728337901, 893.119601867234, 784.6015990764001]",awake,98.0,16.7,0,0
2023-12-19 11:30:00,78.1,"[838.8246986988821, 779.3949266604734, 752.7599441928302, 811.6141000278791, 823.7079096568322]",awake,98.2,27.0,0,0
2023-12-19 12:00:00,91.8,"[844.4599192131982, 717.2965325560226, 777.7208362654719, 803.8705293499095, 792.6046522049876]",awake,97.8,43.7,0,0
2023-12-19 12:30:00,81.8,"[783.2597850885709, 819.46259903053, 751.716930230363, 786.9972094445427, 814.2256144162675]",awake,98.3,38.0,0,0
2023-12-19 13:00:00,70.9,"[784.9896190292808, 794.168887891817, 796.687172028951, 876.6467765907279, 912.101005905751]",awake,98.1,32.9,0,0
2023-12-19 13:30:00,78.5,"[714.7040569628781, 715.1360099710412, 765.918095819785, 702.5466615199005, 812.1092543122863]",awake,97.4,29.6,0,0
2023-12-19 14:00:00,73.2,"[841.7657301008755, 842.3896567324949, 722.8982164880962, 811.6832181551778, 813.5853186051476]",awake,97.8,34.0,0,0
2023-12-19 14:30:00,71.6,"[782.0529415700125, 759.2928861587501, 837.3852537137267, 826.5727347421307, 791.2932376144579]",awake,97.1,9.8,0,0
2023-12-19 15:00:00,72.9,"[847.8676232310811, 726.2735444077964, 757.4065354280275, 796.7656626868951, 807.2429111155627]",awake,97.9,38.6,0,0
2023-12-19 15:30:00,87.2,"[767.6487142844537, 811.3850262797612, 826.9937848200465, 787.89256577257, 809.3734556527743]",awake,98.3,15.1,0,0
2023-12-19 16:00:00,72.4,"[807.6245698481071, 706.0829459527396, 819.4779465712157, 791.1535285442797, 877.7113098797262]",awake,98.7,30.7,0,0
2023-12-19 16:30:00,67.8,"[771.5677637787858, 829.0916751034331, 781.0906438416077, 776.7465338997916, 807.7160197961199]",awake,98.1,27.6,0,0
2023-12-19 17:00:00,70.7,"[789.5188748378067, 810.9793619284254, 762.3522002055596, 816.4873340647374, 869.6420469585747]",awake,98.9,2.5,0,0
2023-12-19 17:30:00,77.9,"[877.0090978159897, 811.2667775446977, 793.5265594528865, 811.9266927937517, 854.0055608362511]",awake,98.1,12.0,0,0
2023-12-19 18:00:00,81.6,"[803.0001404096578, 828.4969881995792, 839.3963906058979, 789.5287933270101, 789.0283329437837]",awake,97.5,25.9,0,0
2023-12-19 18:30:00,83.8,"[861.6681662687204, 702.5049600315566, 814.1684832071116, 769.6519188939618, 753.9459694438516]",awake,97.8,18.5,0,0
2023-12-19 19:00:00,78.5,"[820.0548331906023, 831.7359363686525, 740.8625231957744, 814.8618680671485, 862.0129702448751]",awake,97.9,21.4,0,0
2023-12-19 19:30:00,72.4,"[830.1921943853562, 839.8334064463679, 747.2778727460226, 762.9334378921747, 769.1581867852833]",awake,97.5,10.2,0,0
2023-12-19 20:00:00,83.5,"[810.705169796777, 798.8709688932361, 790.6025313510925, 766.6624618204464, 761.1363178409744]",awake,98.6,28.8,0,0
2023-12-19 20:30:00,80.8,"[727.380908481191, 814.5235642927289, 774.088258797828, 796.14668627556, 777.2770283227067]",awake,98.5,17.7,0,0
2023-12-19 21:00:00,84.4,"[734.335031379839, 779.1422787846242, 820.81192639378, 834.126480574412, 844.3960055806091]",awake,97.3,11.8,0,0
2023-12-19 21:30:00,72.0,"[806.1140525955343, 781.5605448549255, 818.3385304250615, 819.9474229591344, 774.0867213353561]",awake,98.4,16.6,0,0
2023-12-19 22:00:00,60.5,"[1035.0322472498397, 1005.2002776477796, 997.7312663876443, 995.4254772377556, 915.8415085938091]",light,96.2,6.0,480,450
2023-12-19 22:30:00,64.2,"[991.0197957992174, 991.2193494171454, 914.8291073523186, 1054.4980064551964, 953.7641100247923]",light,96.5,7.0,480,450
2023-12-19 23:00:00,51.6,"[1040.4030777710689, 1048.8561639586833, 1067.5878296037183, 951.0990917835052, 1002.7476154032756]",light,96.5,0.0,480,450
2023-12-19 23:30:00,60.6,"[987.0492311473652, 1086.8824722614086, 961.805293270488, 950.5894121892287, 1039.63953194906]",light,95.7,6.8,480,450
2023-12-20 00:00:00,54.5,"[1054.2332959521618, 1016.8821096154562, 1037.2730008603967, 1033.6889054173544, 963.1783982799029]",deep,95.5,6.5,480,450
2023-12-20 00:30:00,60.4,"[1017.621262695649, 979.6519771593819, 977.0658038780366, 1037.349208678561, 1043.9940838217601]",deep,95.9,4.8,480,450
2023-12-20 01:00:00,61.6,"[1091.463790845142, 1072.215218604637, 1029.5752283981024, 986.9236844333232, 1002.5754575699625]",deep,95.6,5.7,480,450
2023-12-20 01:30:00,47.1,"[963.8694549218267, 955.7092643016161, 941.1854740861426, 1035.583092920537, 1092.1891839440925]",deep,95.9,8.3,480,450
2023-12-20 02:00:00,65.3,"[1034.9433959063415, 1019.2493469544665, 980.6101470548629, 1067.576587022615, 1025.4837263159618]",rem,96.0,2.7,480,450
2023-12-20 02:30:00,54.0,"[1050.754832284203, 938.5903444649989, 998.7218229631424, 1000.8188873334743, 995.2564342077644]",rem,96.1,0.0,480,450
2023-12-20 03:00:00,56.1,"[1043.0540875217812, 1022.1093256553804, 951.2541441714675, 967.7535369413882, 980.9332605226036]",rem,96.0,1.9,480,450
2023-12-20 03:30:00,60.4,"[922.9556267992625, 1032.49869232641, 932.3778833501888, 998.3638344937528, 914.4006049018743]",rem,96.5,7.6,480,450
2023-12-20 04:00:00,67.8,"[1041.678968394781, 977.5089709780863, 1066.7546298743648, 974.1161730604417, 985.8251168207391]",light,96.3,5.9,480,450
2023-12-20 04:30:00,56.6,"[1013.5218025409656, 1087.1677540900594, 941.3684658176119, 1032.2319279403575, 898.5232722100397]",light,95.1,4.0,480,450
2023-12-20 05:00:00,60.6,"[1051.3763932645093, 1047.0909656032354, 1011.6968813968829, 1062.8879864245166, 1036.6012258303876]",light,96.0,4.8,480,450
2023-12-20 05:30:00,50.5,"[888.593226266094, 986.9791947056349, 997.9877992420503, 1007.1959815854152, 865.31753666905]",light,97.1,4.6,480,450
2023-12-20 06:00:00,74.4,"[835.1298130036563, 777.1680534281008, 784.2461925769852, 808.6787358057553, 862.6747753257018]",awake,97.9,12.4,0,0
2023-12-20 06:30:00,67.0,"[802.0367754532648, 760.6639049384906, 798.7337883927104, 847.4673569936602, 830.7249775504276]",awake,98.2,30.1,0,0
2023-12-20 07:00:00,152.2,"[481.5236846092244, 393.26452492325166, 406.59312939168956, 446.93346407952635, 481.2346798700302]",awake,97.9,87.2,0,0
2023-12-20 07:30:00,155.4,"[365.94999910786316, 413.2366722368244, 470.12626899650047, 380.17648579614, 426.5800186791395]",awake,98.4,93.0,0,0
2023-12-20 08:00:00,129.3,"[401.86579238486524, 448.4522469666975, 422.88946352146496, 475.3129839888453, 417.8809397870794]",awake,98.1,87.5,0,0
2023-12-20 08:30:00,131.6,"[481.49665404556185, 335.1930851997331, 461.8363528055035, 410.62165944139787, 476.5693198774727]",awake,97.6,81.8,0,0
2023-12-20 09:00:00,72.1,"[768.8951405589348, 801.9121502520546, 785.0968164923339, 679.6569188168528, 818.618607648264]",awake,97.5,20.9,0,0
2023-12-20 09:30:00,86.6,"[762.3079601970135, 786.3877848017786, 705.0424370086959, 737.6595464519216, 808.3493290636175]",awake,98.0,41.5,0,0
2023-12-20 10:00:00,66.0,"[769.2869077489083, 838.3195529777279, 767.8205497240173, 799.5271960385128, 781.2434437207103]",awake,98.7,23.0,0,0
2023-12-20 10:30:00,71.4,"[811.3617562781067, 812.4701712221716, 787.2239649122171, 816.1194651131408, 726.1875398810519]",awake,98.0,14.6,0,0
2023-12-20 11:00:00,64.3,"[742.8070154990938, 742.967351930491, 819.0520954398621, 817.8592709830795, 784.2587932392368]",awake,98.5,7.9,0,0
2023-12-20 11:30:00,81.0,"[844.7882329996969, 881.0169992307192, 708.7576142239466, 819.0910134367299, 846.7359335897938]",awake,97.8,40.4,0,0
2023-12-20 12:00:00,69.3,"[753.549346042334, 740.8020661669464, 777.287596606725, 830.2525387236803, 769.2975074611279]",awake,98.2,23.2,0,0
2023-12-20 12:30:00,63.8,"[817.9509448498002, 727.6841534873058, 806.1530753596626, 732.9252119976576, 839.3688918467133]",awake,97.8,16.0,0,0
2023-12-20 13:00:00,71.8,"[769.2885875460859, 776.957066469858, 837.6819787542989, 793.2912891842832, 772.1441769637979]",awake,97.7,25.7,0,0
2023-12-20 13:30:00,71.6,"[753.6024691769688, 815.4744538992474, 783.1507878321113, 753.424195876587, 778.4484995509439]",awake,97.7,12.2,0,0
2023-12-20 14:00:00,72.9,"[841.93065377487, 798.2060172637625, 747.8693288092497, 747.5640983143945, 771.2940517935408]",awake,98.4,6.9,0,0
2023-12-20 14:30:00,85.0,"[804.8777927974228, 877.4388285913666, 735.6348051230319, 815.9974977891594, 826.4719404286612]",awake,97.0,14.8,0,0
2023-12-20 15:00:00,68.1,"[893.4062816742127, 815.8250850416712, 837.1930622491982, 781.8995072067396, 787.175513655655]",awake,98.6,18.9,0,0
2023-12-20 15:30:00,69.5,"[848.6598003623563, 744.414677091643, 830.5313997576213, 777.0899631282361, 787.0534037789907]",awake,98.4,37.5,0,0
2023-12-20 16:00:00,76.8,"[767.0949207653799, 738.1281211143748, 790.4771013794671, 874.284359475794, 759.6493370204743]",awake,97.5,21.4,0,0
2023-12-20 16:30:00,90.3,"[752.262140897162, 806.5256637764243, 790.2933565996111, 820.6461414871153, 736.976974257346]",awake,97.9,7.9,0,0
2023-12-20 17:00:00,69.7,"[774.8852121977305, 850.6451549966624, 834.8380194387838, 747.0723629928558, 773.2397081194031]",awake,98.0,5.6,0,0
2023-12-20 17:30:00,53.0,"[815.2897800363265, 730.6110217600266, 780.9923138431084, 871.6118868361045, 877.2801171770803]",awake,98.7,23.6,0,0
2023-12-20 18:00:00,77.7,"[765.2745319067249, 799.60802541737, 755.2734732407207, 917.0197343988245, 836.7938422685909]",awake,97.6,28.9,0,0
2023-12-20 18:30:00,87.3,"[879.3556952328847, 853.5844257726769, 750.1733255621058, 792.1984786252456, 795.2341056137896]",awake,97.4,28.4,0,0
2023-12-20 19:00:00,72.8,"[795.1427925285567, 798.6544907151517, 726.1816241920997, 797.3713438994924, 750.6341861521638]",awake,98.4,8.0,0,0
2023-12-20 19:30:00,92.8,"[809.5173204084197, 719.5263972572541, 820.6080675730758, 761.9353700387171, 805.1727573791173]",awake,98.4,5.0,0,0
2023-12-20 20:00:00,80.8,"[781.0696252963775, 783.2848206880454, 837.9483673703514, 762.7637317491266, 788.9515369831864]",awake,98.1,27.3,0,0
2023-12-20 20:30:00,77.8,"[796.9774745672383, 751.1340213276778, 863.825667749325, 758.3362380285195, 779.5655513806231]",awake,99.0,35.2,0,0
2023-12-20 21:00:00,72.9,"[794.9633295311793, 787.4973858761866, 870.2957237999805, 867.4090911193283, 830.2712181957074]",awake,98.0,10.5,0,0
2023-12-20 21:30:00,74.2,"[810.1431167522526, 738.8710721428906, 833.2361048184891, 779.9204784401181, 735.4859392278731]",awake,98.5,18.2,0,0
2023-12-20 22:00:00,53.8,"[984.724849500442, 952.4025848970577, 1087.3000662313716, 1055.019675272095, 1064.9086997220356]",light,95.2,6.0,480,450
2023-12-20 22:30:00,58.6,"[1027.530433200294, 977.7908929972813, 992.2651267411524, 952.3360017653298, 1086.1077211932354]",light,96.0,5.8,480,450
2023-12-20 23:00:00,66.0,"[933.5907823933554, 1001.983108639587, 1053.6191979471728, 991.3348759156318, 1006.9949420874827]",light,95.6,1.2,480,450
2023-12-20 23:30:00,63.3,"[1004.9103113330069, 1046.6518401048709, 919.0048388178309, 1008.2181708691836, 1058.965120023312]",light,96.1,5.2,480,450
2023-12-21 00:00:00,56.5,"[1039.124632869223, 1072.6435229753647, 897.7055251796544, 958.5707849731258, 941.053561980467]",deep,96.4,7.6,480,450
2023-12-21 00:30:00,67.2,"[1022.1105757093462, 970.3203807860581, 1042.09657382879, 1020.675066400046, 937.5141571580326]",deep,96.0,4.2,480,450
2023-12-21 01:00:00,60.6,"[1025.9627076612546, 1004.7977090641242, 997.0424797423246, 969.8201606862434, 1019.8398243481502]",deep,94.9,3.0,480,450
2023-12-21 01:30:00,58.9,"[1078.93424329593, 1036.9634918881543, 1063.5196374083391, 976.4987744480735, 996.7419683091755]",deep,95.6,4.4,480,450
2023-12-21 02:00:00,52.8,"[943.3378015212026, 988.4334062651419, 1049.5793523033224, 1027.3999199058535, 1052.4165009252042]",rem,95.8,3.2,480,450
2023-12-21 02:30:00,56.5,"[1010.6470017572436, 1021.8351013275499, 1040.5659476729475, 1122.5577176917739, 967.5275621265121]",rem,95.9,5.0,480,450
2023-12-21 03:00:00,46.9,"[1005.9591722732905, 996.2171679289453, 996.5644438081499, 1011.2606049073158, 1050.4307860192378]",rem,96.1,7.3,480,450
2023-12-21 03:30:00,59.1,"[1044.0865760622883, 1011.5849696076687, 874.8003333789957, 1084.7686021352715, 1030.2669967150644]",rem,96.0,4.4,480,450
2023-12-21 04:00:00,60.5,"[1060.8159171746804, 1058.5465210040347, 1041.2953776539314, 1038.4557232610648, 1046.5210871773795]",light,95.9,1.4,480,450
2023-12-21 04:30:00,62.7,"[949.6468135594539, 979.5987229268762, 976.2476573061222, 950.906665683043, 933.3678737586631]",light,96.2,7.5,480,450
2023-12-21 05:00:00,51.7,"[948.6580272468669, 966.6826826223081, 981.9723236766172, 1020.4919915278675, 970.7444233534815]",light,95.9,2.4,480,450
2023-12-21 05:30:00,61.1,"[935.9005364671278, 977.0727928960773, 1026.654514295013, 987.6417168610984, 1054.7516181558549]",light,96.5,5.7,480,450
2023-12-21 06:00:00,76.2,"[850.0204165969418, 795.0983471611862, 792.8789873547746, 826.3079566405404, 765.3079634678882]",awake,97.0,0.3,0,0
2023-12-21 06:30:00,77.5,"[868.1854446741454, 720.1618237833492, 792.2359842662494, 757.610570643001, 820.739650771715]",awake,97.5,20.1,0,0
2023-12-21 07:00:00,138.4,"[416.0968750212604, 329.6216879058036, 383.22973153148877, 431.1816564853633, 448.96721398511966]",awake,98.4,79.8,0,0
2023-12-21 07:30:00,155.1,"[451.48968620543576, 498.1580806550827, 425.2761941524904, 416.54591900594136, 395.6666255186424]",awake,97.7,84.9,0,0
2023-12-21 08:00:00,143.6,"[434.944659528422, 451.4016725835704, 489.0477837108304, 447.8825014480798, 488.69910378310936]",awake,98.2,78.8,0,0
2023-12-21 08:30:00,143.0,"[430.93575395733114, 432.14553439428647, 424.89627134589017, 457.9646540560867, 442.82798304631103]",awake,98.0,84.1,0,0
2023-12-21 09:00:00,68.2,"[816.9902340250225, 786.8569344340552, 795.7054212191154, 859.4686043576302, 769.2887206860311]",awake,97.5,31.9,0,0
2023-12-21 09:30:00,74.6,"[807.6664451244214, 811.9596671939153, 803.6334911895833, 803.903664876603, 735.7204250709774]",awake,98.2,23.8,0,0
2023-12-21 10:00:00,84.7,"[787.0049896907675, 845.9529375319809, 801.5344945657124, 814.3499601551707, 699.11424640536]",awake,97.3,25.1,0,0
2023-12-21 10:30:00,78.5,"[760.2187259527651, 763.4427890251561, 842.6948019879094, 805.828624240476, 812.9304763059778]",awake,98.3,7.2,0,0
2023-12-21 11:00:00,82.0,"[807.6609874393436, 833.4626170607501, 858.2398241366005, 838.0647937563415, 777.3300274050189]",awake,98.6,26.3,0,0
2023-12-21 11:30:00,60.0,"[739.0648607407026, 807.1477706089755, 806.3515343317854, 819.0076884099898, 871.8848434798341]",awake,97.3,25.7,0,0
2023-12-21 12:00:00,83.6,"[807.9018459467981, 755.9651996293758, 829.4983091544126, 864.9407535155801, 709.4288123123648]",awake,97.6,18.3,0,0
2023-12-21 12:30:00,79.4,"[796.1017661393424, 822.1429650712204, 717.7082824390873, 796.4749944962184, 809.4037867586877]",awake,97.9,23.0,0,0
2023-12-21 13:00:00,77.6,"[800.4889257680491, 748.5688594884812, 825.8069324385762, 780.6709920774845, 802.6461056093221]",awake,98.4,0.8,0,0
2023-12-21 13:30:00,79.4,"[688.4127539845837, 825.5859303463341, 875.1649672495528, 828.5198441234943, 865.9902533152549]",awake,97.8,15.6,0,0
2023-12-21 14:00:00,90.9,"[830.7286314900019, 736.6823002281546, 759.2859089062051, 781.1255909522134, 780.5724874003682]",awake,98.0,18.0,0,0
2023-12-21 14:30:00,82.1,"[795.2570868170403, 789.0197750946539, 821.0190777094981, 766.6910110141766, 852.4126626195177]",awake,98.0,13.9,0,0
2023-12-21 15:00:00,69.7,"[776.641072171327, 851.2983314949361, 852.1083777877935, 788.2301940426248, 791.41752030696]",awake,98.7,24.2,0,0
2023-12-21 15:30:00,53.7,"[750.3033616842836, 819.5312675388216, 786.2148463832284, 754.4069046214829, 902.0592335375242]",awake,98.5,37.8,0,0
2023-12-21 16:00:00,68.0,"[778.3971423713188, 784.6896490099134, 791.917822947513, 824.2903751626013, 871.4693409174425]",awake,98.0,17.4,0,0
2023-12-21 16:30:00,66.0,"[804.5006438351983, 783.5398218857216, 858.771116216743, 825.9067978484078, 792.8294471709706]",awake,98.2,25.0,0,0
2023-12-21 17:00:00,64.1,"[793.194234440043, 872.7548942944702, 817.6092401692123, 795.7366135228725, 852.229825456372]",awake,97.8,30.1,0,0
2023-12-21 17:30:00,77.3,"[733.0531837967461, 706.8600082541949, 860.6098404924478, 822.2517031575406, 784.0667635357711]",awake,97.5,2.4,0,0
2023-12-21 18:00:00,77.5,"[824.158387766198, 819.1458081965983, 842.0720894187103, 793.7549651001573, 794.6601046710231]",awake,98.4,26.0,0,0
2023-12-21 18:30:00,68.4,"[765.8680128011076, 782.6258164768315, 755.8189039143548, 841.8048279045495, 799.5724003753242]",awake,97.7,24.8,0,0
2023-12-21 19:00:00,91.3,"[755.6799499801866, 876.6560372113684, 771.8119752167398, 840.294760445641, 768.9579260333205]",awake,97.9,13.3,0,0
2023-12-21 19:30:00,73.7,"[880.3847121306162, 800.9753365591408, 757.7763845043901, 798.5236689845578, 824.6694093202622]",awake,97.3,24.0,0,0
2023-12-21 20:00:00,75.3,"[737.6052075697754, 786.297760743346, 843.2617824763995, 737.8118023545702, 879.3000302808716]",awake,97.2,0.0,0,0
2023-12-21 20:30:00,88.4,"[759.0316246171217, 836.7438788796572, 928.4084027917183, 831.1785314244796, 763.2714029009113]",awake,98.1,11.1,0,0
2023-12-21 21:00:00,74.0,"[777.0656764191082, 835.4159997928148, 806.7564000045214, 795.3104784268182, 815.1792460097176]",awake,98.4,24.8,0,0
2023-12-21 21:30:00,59.0,"[771.9423723432177, 755.9451279802627, 707.2860364304166, 860.4787448450766, 865.1255238120829]",awake,97.8,12.4,0,0
2023-12-21 22:00:00,53.8,"[986.9511211868066, 1011.0220047039574, 1065.9784399574692, 999.2568217308556, 939.5662836442548]",light,96.2,2.8,480,450
2023-12-21 22:30:00,55.9,"[1038.9290201509393, 1070.8153655127473, 1031.9101151602695, 943.3280961956542, 985.8430932808924]",light,96.5,2.3,480,450
2023-12-21 23:00:00,63.8,"[1096.3923493758346, 976.5461237535625, 1080.705021675002, 1090.9126447490482, 959.1829768747565]",light,95.9,2.9,480,450
2023-12-21 23:30:00,59.6,"[932.9224495451454, 941.7058667021965, 952.2029370306615, 1033.980522132664, 900.3211080981104]",light,95.9,3.0,480,450
2023-12-22 00:00:00,50.6,"[1000.7482454610498, 1086.5412780480515, 1061.6704675695446, 909.0752154396744, 1095.4490004640554]",deep,95.5,4.5,480,450
2023-12-22 00:30:00,69.8,"[957.9824197295468, 961.3082428027705, 1013.0057746844109, 1031.5183369695235, 978.1815392976113]",deep,96.5,3.6,480,450
2023-12-22 01:00:00,65.1,"[1040.3280313364933, 970.1305856234034, 946.8030591596163, 1053.9177992192451, 986.4034737601837]",deep,96.1,3.9,480,450
2023-12-22 01:30:00,56.3,"[948.1143786380145, 1020.5098223803648, 1042.0559800716196, 951.7821781662985, 934.3002953753462]",deep,95.9,3.8,480,450
2023-12-22 02:00:00,59.5,"[951.9178513607919, 931.6757510495934, 1010.8578160626942, 989.5490331990216, 1012.671335756704]",rem,96.9,6.1,480,450
2023-12-22 02:30:00,65.3,"[936.5827356319342, 974.011370259688, 1008.2622750710037, 988.1786318232649, 1022.6374453701965]",rem,95.6,4.3,480,450
2023-12-22 03:00:00,66.2,"[1026.2098452532118, 1019.8344353599413, 1038.384224034468, 988.7814040991449, 995.5202788057409]",rem,95.5,4.8,480,450
2023-12-22 03:30:00,53.2,"[899.8093536806732, 1020.8464629546094, 1058.39655824171, 891.3422989970636, 1003.2251242648015]",rem,95.9,2.5,480,450
2023-12-22 04:00:00,65.5,"[1029.5766052435968, 1033.7841194678397, 1052.9261331221655, 986.4366511303961, 989.9222076616994]",light,96.5,6.6,480,450
2023-12-22 04:30:00,60.5,"[958.6985621156414, 915.6839205777969, 941.8501858374136, 894.5886421510152, 1015.2686200961821]",light,96.4,2.2,480,450
2023-12-22 05:00:00,56.6,"[949.0213032162382, 1004.0306615614738, 972.9163192546639, 1019.5875071083093, 947.9704390223882]",light,95.6,4.1,480,450
2023-12-22 05:30:00,66.3,"[935.1113215718865, 1062.1535792185987, 1064.550156466941, 1002.1081479638175, 1044.9472854258217]",light,95.3,6.1,480,450
2023-12-22 06:00:00,76.7,"[743.7940800093297, 838.2297605789619, 814.0996498757659, 842.0910623587356, 808.7893408726227]",awake,97.3,29.5,0,0
2023-12-22 06:30:00,75.6,"[829.5435290817672, 785.8637903536795, 831.1288423231383, 841.6627449767024, 807.7715415687777]",awake,97.7,11.5,0,0
2023-12-22 07:00:00,131.4,"[424.94630032605687, 391.2510101428429, 390.7249012005822, 386.4511200704276, 380.3973373370957]",awake,98.4,86.1,0,0
2023-12-22 07:30:00,152.8,"[469.8361046282891, 444.52615270198396, 422.5502474777139, 397.7065363569814, 459.95999358840095]",awake,97.9,88.7,0,0
2023-12-22 08:00:00,129.8,"[409.9968712943389, 420.0975737223529, 448.3310017328004, 396.7813493072411, 348.2247147377833]",awake,97.8,86.7,0,0
2023-12-22 08:30:00,141.1,"[397.82980594762813, 441.14232166838764, 461.9795527460088, 435.1383232543304, 455.65817717942315]",awake,98.3,82.1,0,0
2023-12-22 09:00:00,66.4,"[814.6140868134088, 730.1435661023422, 813.6183450611973, 805.3864354251152, 810.8527766527554]",awake,97.8,11.2,0,0
2023-12-22 09:30:00,90.9,"[780.3238656373744, 853.7465885506842, 807.9103401937236, 832.8372256005161, 822.7068570338118]",awake,98.8,17.9,0,0
2023-12-22 10:00:00,82.6,"[822.8860146448354, 777.1343933095784, 725.7234213400934, 819.8189304911878, 808.1810501480736]",awake,98.9,0.0,0,0
2023-12-22 10:30:00,80.4,"[753.5967933861002, 817.1669033527048, 844.9093916049198, 790.0046775987604, 794.0674510430946]",awake,97.8,18.3,0,0
2023-12-22 11:00:00,69.8,"[803.3344861780002, 807.1978802340751, 820.1094069544193, 764.3147860686754, 844.4598490609283]",awake,98.4,27.0,0,0
2023-12-22 11:30:00,63.5,"[801.3680070622412, 808.3695360962531, 758.7513935970811, 873.3222347425456, 811.9654312188985]",awake,98.5,18.4,0,0
2023-12-22 12:00:00,68.5,"[792.2046576292197, 787.7873899566183, 807.9661478142564, 820.8573563729227, 860.8224145883794]",awake,97.9,10.4,0,0
2023-12-22 12:30:00,90.0,"[779.7657976774352, 772.4256733915896, 818.060247016189, 849.2434104981901, 824.109758802873]",awake,97.9,32.5,0,0
2023-12-22 13:00:00,66.8,"[773.4342541279077, 746.5682604795977, 801.3226818256483, 765.0705145957485, 878.0154696774641]",awake,98.2,7.1,0,0
2023-12-22 13:30:00,96.1,"[834.6971216186399, 758.0107842563012, 805.8407953676018, 836.5124241734259, 778.9284024172173]",awake,97.8,32.9,0,0
2023-12-22 14:00:00,75.4,"[815.8153193771883, 766.919027643925, 761.6507661071796, 754.071030136377, 808.0460025408445]",awake,98.1,9.4,0,0
2023-12-22 14:30:00,82.2,"[854.7788091850414, 765.1957612500697, 807.656486618414, 827.2655585006016, 809.1987979423228]",awake,98.7,29.8,0,0
2023-12-22 15:00:00,82.5,"[763.6960712554418, 834.1408887258713, 718.7577557187117, 764.7793912719726, 834.3192653087951]",awake,97.6,8.9,0,0
2023-12-22 15:30:00,74.0,"[750.3539577907093, 841.6001713801123, 792.8315943536809, 792.028948214953, 815.1489711272138]",awake,98.5,18.8,0,0
2023-12-22 16:00:00,79.3,"[746.0711721890835, 802.6055857820975, 750.4148684962134, 814.426342755614, 835.3521855969789]",awake,96.9,10.5,0,0
2023-12-22 16:30:00,99.5,"[784.0767368323487, 826.175260771816, 754.5457994586235, 734.0182075189191, 836.7448635456516]",awake,97.8,8.5,0,0
2023-12-22 17:00:00,80.9,"[682.7509500278632, 804.746162384599, 832.7727609210363, 827.544637752021, 717.6538348540499]",awake,97.8,21.7,0,0
2023-12-22 17:30:00,67.9,"[825.884709111801, 766.6764556077924, 813.5292866453317, 724.7253514302799, 835.682348986782]",awake,98.1,34.4,0,0
2023-12-22 18:00:00,80.4,"[801.3933536407189, 818.6383939201042, 765.0327817712405, 805.9358512101078, 835.3557432428271]",awake,97.8,31.8,0,0
2023-12-22 18:30:00,66.6,"[797.3614080033224, 779.9731765710148, 878.7741555612861, 800.4428440103445, 749.894522143568]",awake,97.9,13.0,0,0
2023-12-22 19:00:00,79.1,"[844.4721769197071, 819.403905295613, 854.6202348444865, 805.4297763353886, 832.6166532837929]",awake,96.8,39.2,0,0
2023-12-22 19:30:00,78.3,"[741.2023958295229, 782.9100685796075, 841.2462629822501, 769.8658954946384, 799.3893861285356]",awake,97.9,17.0,0,0
2023-12-22 20:00:00,93.9,"[857.457863550408, 788.9361906673056, 820.8722287669511, 882.9983253521167, 784.6207324516593]",awake,98.2,24.0,0,0
2023-12-22 20:30:00,87.8,"[860.0134938427608, 801.2135287110716, 771.3014144638452, 754.1466505135922, 825.9463396522184]",awake,97.8,16.3,0,0
2023-12-22 21:00:00,58.5,"[782.8634264765782, 808.4068054465237, 725.7887511432011, 808.7013807330542, 817.2429664514904]",awake,98.3,18.8,0,0
2023-12-22 21:30:00,75.8,"[792.775277855883, 858.8052302447222, 768.9454275131997, 814.5780676462022, 840.2838419011812]",awake,98.4,36.7,0,0
2023-12-22 22:00:00,64.9,"[953.120826240774, 1015.8046280676767, 929.1744154038979, 924.8681017570802, 917.1763452480844]",light,95.7,2.6,480,450
2023-12-22 22:30:00,53.6,"[1060.8692973292307, 915.9285676214689, 979.7683544335808, 956.7078756612968, 1006.0166753543749]",light,95.6,2.3,480,450
2023-12-22 23:00:00,60.0,"[1078.8240029054348, 934.8637804085472, 931.6523936251305, 964.8523861789703, 1056.4158100426207]",light,96.0,8.1,480,450
2023-12-22 23:30:00,56.0,"[984.2052730704598, 1017.0516362807067, 1026.7315954464389, 956.7674080200101, 956.3345700193257]",light,96.3,4.8,480,450
2023-12-23 00:00:00,60.2,"[1014.7040427524911, 1049.821590919853, 1063.1927653427047, 915.0633987566862, 1046.4770122082384]",deep,95.7,7.3,480,450
2023-12-23 00:30:00,49.7,"[926.6844540490432, 1004.0087268217411, 944.3095485565032, 965.9587483548263, 992.9458644779347]",deep,95.7,0.6,480,450
2023-12-23 01:00:00,52.0,"[981.9504577720855, 1010.4148843391195, 991.2772693669052, 1021.5982451349588, 1035.421284592579]",deep,96.1,5.1,480,450
2023-12-23 01:30:00,63.2,"[1013.4505759191002, 977.1213077869289, 1007.2536758174141, 1025.2060656479941, 936.827567775881]",deep,96.6,5.9,480,450
2023-12-23 02:00:00,62.5,"[951.9077927629695, 992.3628201519755, 1054.9201617479507, 989.6885036458102, 1091.137793609458]",rem,95.9,4.9,480,450
2023-12-23 02:30:00,59.4,"[924.2487984938828, 1043.1848302076107, 1005.5422201263028, 972.5713866829101, 1012.4877910846776]",rem,95.4,8.5,480,450
2023-12-23 03:00:00,57.2,"[979.0232589453864, 878.2576476923188, 1007.5983339521315, 1028.8636686615782, 958.0946414403815]",rem,96.2,2.8,480,450
2023-12-23 03:30:00,62.4,"[965.7495143461923, 1051.3183073571458, 978.7795877842032, 914.3738566271181, 945.1797636818304]",rem,97.0,3.8,480,450
2023-12-23 04:00:00,60.6,"[1012.8620140164675, 994.5715790093639, 892.3761152352359, 1042.2516139919535, 930.8603215218311]",light,96.1,3.9,480,450
2023-12-23 04:30:00,58.0,"[930.3321271461767, 992.7593867643149, 959.5565835745838, 973.8870245468544, 926.8122386326795]",light,96.0,2.1,480,450
2023-12-23 05:00:00,49.8,"[911.4183065880517, 965.9834669017766, 979.2345134292567, 1015.1516419705157, 869.3058763097646]",light,95.1,4.3,480,450
2023-12-23 05:30:00,60.0,"[1014.7500315697018, 979.27871347162, 1025.0204421684075, 916.9693923096046, 975.847117954004]",light,95.6,8.5,480,450
2023-12-23 06:00:00,78.5,"[811.958803886746, 801.6890508221071, 826.8506267489377, 861.6392197192081, 812.3519886476649]",awake,98.8,27.0,0,0
2023-12-23 06:30:00,76.5,"[716.4325173323796, 763.756805081091, 808.2735286821165, 841.2556525781283, 786.755183635752]",awake,98.5,19.9,0,0
2023-12-23 07:00:00,76.0,"[841.6878504094637, 717.6097555690206, 738.5829822802577, 732.7532563625384, 807.213064579708]",awake,98.1,19.0,0,0
2023-12-23 07:30:00,78.1,"[748.6312110596624, 752.2522236927667, 827.3585294203833, 736.3484338010303, 829.5955279144841]",awake,98.0,0.0,0,0
2023-12-23 08:00:00,82.4,"[823.8534426256988, 768.1235672423346, 752.8644914001932, 849.651090291187, 800.0415389151835]",awake,98.7,31.2,0,0
2023-12-23 08:30:00,65.9,"[864.6449633751455, 833.92720745924, 739.1277744103365, 883.9283944221594, 805.7400217990305]",awake,97.9,25.7,0,0
2023-12-23 09:00:00,78.6,"[813.431570115897, 818.3643574988914, 765.7236943296552, 764.4737515864807, 709.0600198216866]",awake,98.1,8.5,0,0
2023-12-23 09:30:00,79.3,"[836.24852945028, 765.30079793851, 869.4794858711588, 831.9260541882236, 791.9680550860759]",awake,97.8,6.5,0,0
2023-12-23 10:00:00,62.6,"[820.0803651051491, 779.2268839687968, 852.6551655504137, 823.2547644175505, 786.2359204975708]",awake,97.7,14.1,0,0
2023-12-23 10:30:00,83.4,"[841.0381559575436, 866.516539120159, 784.8212061956884, 813.6587631419325, 735.5138266425868]",awake,98.6,33.7,0,0
2023-12-23 11:00:00,92.6,"[823.8135737533423, 841.0587070520002, 830.1494675206309, 794.4205635601302, 781.4060032138215]",awake,97.9,35.6,0,0
2023-12-23 11:30:00,68.4,"[822.5695588886122, 830.8557912123764, 871.8916429327021, 767.298471063171, 790.1493776207087]",awake,98.3,18.2,0,0
2023-12-23 12:00:00,63.8,"[803.2339321634837, 814.3465956959232, 871.7667221309059, 749.6322615797753, 817.9189996026917]",awake,97.7,8.5,0,0
2023-12-23 12:30:00,74.8,"[842.4343526604431, 842.8502339814665, 819.0745005360731, 735.3489658292589, 788.4695709384677]",awake,97.8,17.7,0,0
2023-12-23 13:00:00,94.7,"[818.0731687455622, 782.5704923594985, 771.0072369034251, 778.3065072864046, 770.1114529461852]",awake,97.4,28.4,0,0
2023-12-23 13:30:00,71.5,"[783.6573507523352, 844.2663766343203, 834.5359176725998, 789.6981935557235, 746.5117237159826]",awake,99.0,5.0,0,0
2023-12-23 14:00:00,75.8,"[860.518289503507, 729.597321743299, 835.2681829890462, 801.4102679384843, 815.2761256919961]",awake,98.6,3.6,0,0
2023-12-23 14:30:00,70.7,"[757.9552820819523, 844.0590610209812, 823.5071399358827, 823.1777065386129, 764.5536930718556]",awake,98.1,17.4,0,0
2023-12-23 15:00:00,73.6,"[773.9382071987309, 802.2912065020829, 860.7095053083743, 784.4685867981043, 835.7647999490669]",awake,98.2,23.5,0,0
2023-12-23 15:30:00,69.5,"[736.7831230515377, 798.0547465981684, 758.9439980388, 852.6804438681611, 732.2363112789709]",awake,98.0,8.2,0,0
2023-12-23 16:00:00,79.4,"[748.350130619162, 776.1267206318528, 809.8449260139389, 753.8411070956101, 827.9334646547427]",awake,98.2,17.1,0,0
2023-12-23 16:30:00,75.7,"[838.5208915577211, 792.4980149727959, 809.5601040287099, 820.6387821591532, 786.2288050542353]",awake,97.0,32.2,0,0
2023-12-23 17:00:00,93.3,"[779.2277889506817, 831.7253035827531, 767.6109626458215, 869.1021495732763, 834.2942633137677]",awake,97.6,27.5,0,0
2023-12-23 17:30:00,85.6,"[892.5414670222935, 879.5039914471687, 785.368995610792, 795.8948135566936, 849.5283486775909]",awake,98.0,28.7,0,0
2023-12-23 18:00:00,97.4,"[848.1297247406864, 777.0553457481119, 745.4262239173694, 801.1925562738038, 791.997979770674]",awake,98.5,27.6,0,0
2023-12-23 18:30:00,83.4,"[795.025621253008, 783.6654276936137, 824.0312720411853, 768.635658566229, 743.5863635646041]",awake,97.7,27.2,0,0
2023-12-23 19:00:00,88.2,"[866.4159390411996, 787.5839978798369, 803.9447960862259, 766.1330387628573, 791.2799958351147]",awake,97.9,1.0,0,0
2023-12-23 19:30:00,73.3,"[813.2969076494869, 741.025796534544, 748.5119279612264, 795.189011018793, 776.0363049427563]",awake,97.6,16.4,0,0
2023-12-23 20:00:00,57.9,"[845.6557796481194, 819.1429066009243, 822.8710171956374, 771.8552965472524, 801.767650735085]",awake,97.7,26.0,0,0
2023-12-23 20:30:00,57.1,"[814.6386015184215, 873.3847943965663, 823.5283511361756, 749.8408140367535, 796.3078542707248]",awake,98.5,20.1,0,0
2023-12-23 21:00:00,77.4,"[813.229035780836, 826.7216820952702, 796.0199921195496, 758.2197048349815, 823.521239472811]",awake,98.2,6.0,0,0
2023-12-23 21:30:00,83.6,"[846.0867845582015, 807.3881433955947, 826.6617540473532, 731.8258236166914, 809.1201843845324]",awake,97.9,26.9,0,0
2023-12-23 22:00:00,68.6,"[972.2257819117553, 1079.903350746797, 940.1526789141626, 911.3595620797772, 1004.4292769052824]",light,96.3,6.5,480,450
2023-12-23 22:30:00,69.6,"[1067.3243461877314, 1034.8839054600721, 997.2472988732076, 976.2496952340842, 952.5087849860862]",light,96.2,4.8,480,450
2023-12-23 23:00:00,55.5,"[992.585341599485, 903.1763217891058, 1011.767953422226, 1019.3901417623655, 947.7593589726736]",light,96.0,6.4,480,450
2023-12-23 23:30:00,64.8,"[983.6565026180722, 1027.1709744443604, 1028.5735060853422, 1130.0869034967054, 1022.2222829308322]",light,96.6,4.9,480,450
2023-12-24 00:00:00,64.1,"[1018.829466131237, 978.176070667163, 1018.9050404722674, 1068.77976927399, 997.5426855419746]",deep,96.6,5.4,480,450
2023-12-24 00:30:00,62.1,"[966.1763042539197, 993.750066998931, 1061.8599277968417, 1012.1493691004397, 968.7583597660524]",deep,95.1,0.0,480,450
2023-12-24 01:00:00,64.5,"[1029.6187883982523, 1037.476260077572, 976.5421468317994, 991.9859605109078, 1037.3327989870234]",deep,96.0,9.0,480,450
2023-12-24 01:30:00,58.8,"[982.4878140050338, 960.2874592497174, 1010.0340126352586, 968.6989814274986, 948.4168270584667]",deep,95.9,1.4,480,450
2023-12-24 02:00:00,58.7,"[963.3221610984449, 958.5571809492864, 1087.5064325184392, 1008.5911634707257, 1061.1841133005812]",rem,96.1,1.0,480,450
2023-12-24 02:30:00,51.8,"[1044.4309422954377, 1039.424753000312, 1035.476289925919, 1065.7554912844982, 886.8559960349145]",rem,97.0,9.1,480,450
2023-12-24 03:00:00,59.7,"[936.0425245946041, 1053.8477314753238, 1000.4078752074118, 965.3939490299606, 1035.0471585059659]",rem,96.3,7.6,480,450
2023-12-24 03:30:00,57.8,"[933.2387962697152, 1012.2414956637559, 958.7392118671349, 950.8979720637592, 956.5006022440867]",rem,95.5,3.0,480,450
2023-12-24 04:00:00,54.2,"[1021.5849352667307, 1011.4558096854614, 1060.9382267825986, 1026.5523807778347, 973.7967465007982]",light,96.1,4.7,480,450
2023-12-24 04:30:00,56.0,"[1035.2937282768012, 973.5172403224626, 1024.652990386879, 1030.6585330883233, 987.3585938770797]",light,96.4,6.3,480,450
2023-12-24 05:00:00,55.7,"[1052.8461119522397, 1056.1391613828657, 997.0153125441559, 929.1384339418167, 974.0119023100733]",light,96.3,2.1,480,450
2023-12-24 05:30:00,54.3,"[956.9446085971394, 988.5060358042633, 1117.763006812535, 990.6299718521981, 950.8751965326961]",light,95.6,6.1,480,450
2023-12-24 06:00:00,74.1,"[839.0420405162134, 836.3885879038365, 832.2291475165538, 814.2148582052316, 783.5393876111079]",awake,98.1,20.1,0,0
2023-12-24 06:30:00,74.9,"[778.8349944163144, 797.7914884648944, 779.0150272313757, 813.2865123308732, 866.0576923673143]",awake,97.8,20.4,0,0
2023-12-24 07:00:00,77.5,"[842.331504765679, 800.2959948608178, 726.3860261707216, 868.5272053218596, 794.6063756125351]",awake,98.8,28.2,0,0
2023-12-24 07:30:00,78.3,"[832.9853862310662, 830.6803173190219, 769.0940546813368, 884.4627118145396, 770.7984852188213]",awake,98.0,3.5,0,0
2023-12-24 08:00:00,79.2,"[812.9846957314189, 828.6345899443863, 815.9902819205381, 868.5150501849872, 802.6729494221929]",awake,98.9,20.7,0,0
2023-12-24 08:30:00,77.7,"[778.3338657346122, 752.9146549221238, 827.1917995086853, 766.3154786822856, 763.6787780295464]",awake,98.1,18.9,0,0
2023-12-24 09:00:00,79.5,"[849.2433571663634, 806.5026120254399, 781.7383346290352, 817.9523556509333, 846.0700946395008]",awake,97.8,39.9,0,0
2023-12-24 09:30:00,63.9,"[777.906874934505, 789.3009426424526, 826.6781512512796, 822.2941431530057, 773.1431245045724]",awake,97.4,8.9,0,0
2023-12-24 10:00:00,73.5,"[806.8710057164344, 863.457688326834, 819.7477892516574, 743.8053099173029, 804.3299651048062]",awake,97.6,21.1,0,0
2023-12-24 10:30:00,70.4,"[804.2191544934124, 797.6081833731623, 778.8912674166696, 752.2005052013028, 836.0978596084333]",awake,97.9,16.1,0,0
2023-12-24 11:00:00,84.2,"[822.8214884907351, 769.9032378094307, 824.2340410992537, 776.3547892993291, 850.2254451453044]",awake,98.7,8.8,0,0
2023-12-24 11:30:00,73.3,"[800.0024340717565, 838.6627970733408, 773.1443312739289, 784.0216563807927, 793.9288976427506]",awake,99.0,19.7,0,0
2023-12-24 12:00:00,80.7,"[853.3699567107567, 837.3289176953953, 815.6557366193663, 761.3533382403151, 841.4043209670367]",awake,98.1,33.2,0,0
2023-12-24 12:30:00,70.9,"[873.5782731564748, 835.9859579470855, 846.6692536255747, 799.6721998510706, 768.21043902407]",awake,98.5,21.4,0,0
2023-12-24 13:00:00,69.8,"[788.4743500912653, 742.5252027484694, 783.9871993407108, 843.5834799025324, 781.6130062578758]",awake,97.9,32.6,0,0
2023-12-24 13:30:00,74.7,"[742.9287486298552, 809.2255967490642, 813.1101350696634, 783.108810937035, 775.5746401931845]",awake,98.0,13.0,0,0
2023-12-24 14:00:00,73.4,"[840.3265954641679, 866.2546111583387, 818.8547608511441, 794.1558540199135, 820.7037436100395]",awake,97.5,9.8,0,0
2023-12-24 14:30:00,61.6,"[776.0227010993323, 810.3619385568087, 771.2382285552341, 777.3462758918482, 782.8989828119578]",awake,98.6,22.2,0,0
2023-12-24 15:00:00,84.5,"[763.1700806747954, 815.5968568402466, 800.7928432946663, 826.6229629559905, 775.8638644515422]",awake,97.4,13.7,0,0
2023-12-24 15:30:00,81.7,"[794.4029649408025, 810.0131142949754, 758.9207433725186, 842.9623638359681, 814.1736893506978]",awake,98.1,24.6,0,0
2023-12-24 16:00:00,76.7,"[809.3270032378697, 790.2713487915754, 794.781128497116, 737.8041516660714, 829.6819926696005]",awake,98.0,11.2,0,0
2023-12-24 16:30:00,65.9,"[794.6957626976958, 823.1930082243179, 791.2439699019443, 767.239750521485, 783.1612937626735]",awake,98.1,38.5,0,0
2023-12-24 17:00:00,72.7,"[801.5176762085079, 844.8673589098094, 787.0369420891091, 748.0772411470456, 775.6725449996627]",awake,97.2,23.1,0,0
2023-12-24 17:30:00,77.4,"[813.1710580285661, 804.2481081715388, 823.7568065552061, 871.723278294358, 863.176053653347]",awake,97.3,31.6,0,0
2023-12-24 18:00:00,72.3,"[805.0088757834318, 776.8532669475279, 771.9329797755119, 816.2232492343543, 797.3246662517964]",awake,97.9,23.0,0,0
2023-12-24 18:30:00,81.1,"[769.185083908309, 793.3599482323457, 781.6364791776497, 819.3372210645647, 694.707321520966]",awake,99.0,11.8,0,0
2023-12-24 19:00:00,76.0,"[834.6385701814448, 705.0807585902328, 782.8789541664776, 721.1122630068327, 775.0571930843698]",awake,98.1,16.8,0,0
2023-12-24 19:30:00,88.2,"[709.4139374560582, 833.9753449301405, 839.8548129297011, 820.1487450543211, 797.7158390706519]",awake,97.8,10.5,0,0
2023-12-24 20:00:00,73.6,"[865.8310969805957, 844.2525858366294, 816.2688813249463, 800.6806446395987, 745.3914094295817]",awake,97.5,24.8,0,0
2023-12-24 20:30:00,80.2,"[799.2053072192504, 806.2821080229468, 767.1279402634012, 801.8172641002599, 844.7189994158067]",awake,98.3,8.9,0,0
2023-12-24 21:00:00,65.2,"[821.9977628671758, 774.8194142954235, 776.4678241754566, 817.8543542344402, 774.6717003311936]",awake,98.0,17.1,0,0
2023-12-24 21:30:00,49.5,"[786.8131037013247, 748.8194823660651, 838.6493577151949, 762.585760763139, 786.9739408444007]",awake,98.1,19.4,0,0
2023-12-24 22:00:00,54.9,"[960.6777924063172, 903.4975985397904, 937.4898958564487, 975.4621793457297, 904.7544530262425]",light,96.6,5.1,480,450
2023-12-24 22:30:00,65.0,"[1023.8329032025039, 981.4571051217025, 1045.700019891923, 1032.8607913198246, 989.9078226542397]",light,96.0,4.7,480,450
2023-12-24 23:00:00,57.4,"[1001.8434087180423, 997.5636921726762, 1063.1650028019694, 1079.7404395048648, 1017.63958200003]",light,96.7,7.0,480,450
2023-12-24 23:30:00,66.8,"[987.1049144947522, 940.0046369444766, 926.40012166883, 931.8362568982669, 1081.3673755897953]",light,96.0,6.3,480,450
2023-12-25 00:00:00,54.5,"[1013.421190782097, 1043.0952648587659, 1019.999884297036, 1004.3781524377595, 919.6958789195467]",deep,95.1,5.8,480,450
2023-12-25 00:30:00,64.3,"[1015.7974648326908, 1026.417085852463, 964.2381383624211, 927.4279418311029, 954.0205036271997]",deep,95.6,1.5,480,450
2023-12-25 01:00:00,61.1,"[910.0951736092671, 981.2296041355029, 1049.7562068130562, 998.9297427652996, 1020.0332154315583]",deep,95.9,8.2,480,450
2023-12-25 01:30:00,55.6,"[1036.9797411445165, 962.9833360609294, 943.1852680533347, 946.3468872255186, 997.7543182931541]",deep,95.6,3.7,480,450
2023-12-25 02:00:00,45.9,"[1000.9137588733373, 1033.7214789518393, 991.6698113122991, 1027.1571276578243, 995.4746465235631]",rem,96.7,4.6,480,450
2023-12-25 02:30:00,55.3,"[999.1190708915093, 972.7377369466765, 968.3087157572255, 910.6492215309714, 1046.0805487878474]",rem,97.3,4.8,480,450
2023-12-25 03:00:00,63.3,"[976.0938447672886, 1042.3367019502166, 963.8514662395239, 989.4043626875371, 1026.0268488934464]",rem,96.1,5.8,480,450
2023-12-25 03:30:00,55.2,"[1002.6777603203708, 1039.6634590464525, 979.061896230589, 980.6782082422764, 1064.7948729614595]",rem,96.7,4.5,480,450
2023-12-25 04:00:00,63.5,"[997.9551228123775, 1084.5480777005507, 1027.7266664819194, 1043.4982397205893, 964.6453623565315]",light,95.8,4.5,480,450
2023-12-25 04:30:00,64.0,"[1056.6211070516565, 1019.3018373547052, 1014.9588729833808, 983.0688086700889, 920.9901688151617]",light,96.1,8.0,480,450
2023-12-25 05:00:00,50.4,"[1051.0087954422486, 1030.0999866984387, 980.4928035134408, 962.1830970638196, 982.7291524451413]",light,96.1,3.3,480,450
2023-12-25 05:30:00,62.7,"[1009.053469743681, 1024.8080085603347, 945.7094147496675, 1051.0740676654073, 1018.2195851472887]",light,95.8,2.0,480,450
2023-12-25 06:00:00,80.8,"[838.9648712336963, 764.9954907647762, 741.5168665912272, 754.6960342307116, 707.6782230448164]",awake,98.1,21.1,0,0
2023-12-25 06:30:00,59.3,"[870.0374889117604, 830.6021957969737, 811.2272397557692, 778.9880151538865, 768.7329758858566]",awake,98.0,39.8,0,0
2023-12-25 07:00:00,143.1,"[422.275003602165, 463.56067066890193, 420.9159919522187, 452.18523272443895, 411.8017502384335]",awake,97.6,81.7,0,0
2023-12-25 07:30:00,132.9,"[373.2683559639093, 423.8705448502416, 392.35128302629505, 428.7749501450762, 456.2892531803167]",awake,97.7,91.3,0,0
2023-12-25 08:00:00,123.6,"[399.1505047847626, 460.46657894485077, 414.08796130196487, 440.7283760825438, 471.7318861928662]",awake,97.8,80.0,0,0
2023-12-25 08:30:00,154.0,"[427.00183185179264, 470.3686826697248, 444.71803044995147, 440.3314468825781, 398.66305750023804]",awake,97.6,90.3,0,0
2023-12-25 09:00:00,86.7,"[811.1230510700885, 825.6396287663541, 693.804680704058, 831.1614654616213, 854.4048150802295]",awake,98.6,21.8,0,0
2023-12-25 09:30:00,96.0,"[825.159619214591, 791.6973309041315, 815.2568058165604, 758.7494755822457, 812.8505580006889]",awake,97.9,7.4,0,0
2023-12-25 10:00:00,84.6,"[865.8785355171311, 783.570380904431, 771.4336592390222, 756.6997993609313, 816.4481169582623]",awake,98.4,42.7,0,0
2023-12-25 10:30:00,85.8,"[810.3287368671462, 814.3553038772199, 764.0137716105803, 717.8566018676834, 868.520437981202]",awake,98.4,24.9,0,0
2023-12-25 11:00:00,64.5,"[787.9345718058072, 817.0590020762927, 804.284292460814, 876.8583300910781, 797.7784617624878]",awake,97.8,27.2,0,0
2023-12-25 11:30:00,74.8,"[767.5128457166462, 803.9580934696924, 737.1790768812909, 799.4672779524673, 811.1916226049949]",awake,97.9,18.5,0,0
2023-12-25 12:00:00,70.9,"[842.7029841266276, 837.2598731166054, 831.6369117572316, 816.6527253322975, 782.1657874429571]",awake,98.8,41.8,0,0
2023-12-25 12:30:00,89.7,"[797.9533470453777, 824.777446648114, 782.120212940976, 851.6497628949649, 761.4340860632233]",awake,98.6,12.3,0,0
2023-12-25 13:00:00,66.2,"[792.6692647495503, 805.9987436033571, 808.9886252014022, 861.1675065736362, 790.4786721464062]",awake,98.3,28.9,0,0
2023-12-25 13:30:00,95.5,"[750.1190576006059, 821.5447561419986, 797.397647179832, 824.7414071460757, 861.2659316437713]",awake,97.6,12.4,0,0
2023-12-25 14:00:00,72.8,"[836.8073912465486, 757.0950804731752, 770.8609692475617, 745.7735909118195, 797.5119891799383]",awake,97.4,38.7,0,0
2023-12-25 14:30:00,68.3,"[806.2292830981546, 773.380878156028, 785.8041123861145, 892.1893335984371, 816.4233159993896]",awake,97.5,11.3,0,0
2023-12-25 15:00:00,76.2,"[812.505678386902, 848.3836835951155, 812.235272547416, 770.9545758153615, 833.6626953300912]",awake,97.9,0.0,0,0
2023-12-25 15:30:00,75.8,"[704.4502312778225, 778.1431886361773, 724.0250572731587, 813.2666866380644, 805.7076655532862]",awake,98.3,31.0,0,0
2023-12-25 16:00:00,73.1,"[772.2874338074473, 807.3808305976371, 788.4346463285378, 716.7138263445996, 785.1211921242553]",awake,98.6,9.3,0,0
2023-12-25 16:30:00,76.7,"[826.9986023134201, 757.3257255525459, 745.2279174169054, 801.3295840690286, 827.9693467688097]",awake,97.7,15.8,0,0
2023-12-25 17:00:00,81.8,"[811.2322518122311, 786.8571358707258, 864.87185230146, 756.1030504655411, 726.9919291583207]",awake,97.6,0.8,0,0
2023-12-25 17:30:00,83.3,"[727.3684170667672, 760.9671767487492, 844.3574506683203, 818.5574164068723, 741.4583158522128]",awake,98.3,29.4,0,0
2023-12-25 18:00:00,92.3,"[825.3738390279658, 788.9971852607083, 801.4223274204649, 776.9259195425526, 769.5969645545902]",awake,98.3,7.7,0,0
2023-12-25 18:30:00,73.6,"[830.2385623877753, 763.5499788432107, 791.1800019920959, 778.5562307294116, 869.9058472979709]",awake,98.2,21.9,0,0
2023-12-25 19:00:00,69.5,"[849.6275194487422, 750.522326054376, 797.0407346480641, 794.872002282376, 862.9461582010806]",awake,98.8,16.0,0,0
2023-12-25 19:30:00,63.3,"[818.5533509605182, 805.7956347314195, 766.3704827330066, 836.5080185336151, 803.6057395262704]",awake,98.0,10.9,0,0
2023-12-25 20:00:00,66.7,"[774.4945871501413, 825.7856813634136, 790.6532308000079, 812.2493582522372, 738.7572205443794]",awake,97.6,8.8,0,0
2023-12-25 20:30:00,93.9,"[864.9232800767284, 834.9893071450705, 740.7086264183738, 822.3457018152271, 795.8012100929024]",awake,96.5,3.8,0,0
2023-12-25 21:00:00,62.3,"[854.7738896618705, 813.1311890330657, 824.0521537140048, 774.2045399233988, 751.0075107446581]",awake,97.6,29.4,0,0
2023-12-25 21:30:00,57.0,"[776.9626600416332, 878.0171405894991, 838.1408786651026, 775.9834838202621, 828.5258595505087]",awake,99.0,12.3,0,0
2023-12-25 22:00:00,61.0,"[988.6809969889117, 964.6224857046093, 905.1380517151305, 981.4420346158709, 981.394296958117]",light,95.2,7.0,480,450
2023-12-25 22:30:00,70.4,"[976.9674295696943, 1027.0289204622934, 966.9883224362527, 1014.1071913769557, 957.3233906171579]",light,96.9,4.5,480,450
2023-12-25 23:00:00,55.7,"[1037.0880142216702, 1014.1708735515615, 973.7423274264606, 956.2973105596627, 887.8389109636053]",light,95.4,6.5,480,450
2023-12-25 23:30:00,62.3,"[971.6910309004809, 962.3178083045125, 1036.050814159761, 1084.54117386214, 1017.6099834529703]",light,96.1,4.1,480,450
2023-12-26 00:00:00,71.2,"[1100.6311148713548, 925.5910678820253, 990.1701744095038, 1004.6207795789973, 955.263878284008]",deep,96.2,6.3,480,450
2023-12-26 00:30:00,61.3,"[950.9003837596676, 931.253391122684, 1051.5287352897308, 1046.9218045755683, 952.7613255263974]",deep,96.4,3.2,480,450
2023-12-26 01:00:00,59.5,"[977.8218712798673, 987.223100934751, 1045.3124687990098, 930.6493875345225, 1007.8223490104959]",deep,96.7,7.4,480,450
2023-12-26 01:30:00,62.8,"[988.2780960096019, 1013.5337840009269, 898.0989484495526, 1022.5906284724562, 962.6575866545463]",deep,96.2,2.2,480,450
2023-12-26 02:00:00,58.1,"[920.7405375975819, 933.9536960857216, 961.5245019678939, 934.824706581463, 945.5533718926077]",rem,95.1,2.8,480,450
2023-12-26 02:30:00,61.5,"[1016.505839260999, 1024.5423771719572, 960.7194139091446, 1079.0454501906, 1073.746380266845]",rem,95.4,7.4,480,450
2023-12-26 03:00:00,60.4,"[998.974201684771, 1029.8780777928132, 969.4671643932409, 938.7601811856081, 1018.2493644814538]",rem,96.4,6.9,480,450
2023-12-26 03:30:00,59.9,"[939.192315272, 938.3684025202037, 1029.8442911251884, 1013.5752185574992, 981.4867368739367]",rem,96.0,0.7,480,450
2023-12-26 04:00:00,60.0,"[1032.5849462719434, 1040.5121875381776, 1067.6936346819764, 1094.1484437982772, 1016.2951178639488]",light,96.3,5.3,480,450
2023-12-26 04:30:00,56.9,"[1078.7152138231675, 1067.38955022226, 1016.160584416022, 955.2065214841579, 999.7228830180478]",light,95.7,6.1,480,450
2023-12-26 05:00:00,60.3,"[1008.302825147145, 961.0264352319848, 1053.2876264106142, 986.9394025965425, 896.1317305644193]",light,95.1,4.0,480,450
2023-12-26 05:30:00,44.8,"[1028.9786214833305, 960.7712615583771, 973.8708723751485, 1000.956610298401, 1000.361781296466]",light,96.8,5.5,480,450
2023-12-26 06:00:00,76.8,"[794.9785124502993, 784.5500190247853, 743.4520860753257, 748.5148075537242, 796.2731052303698]",awake,98.1,11.0,0,0
2023-12-26 06:30:00,75.7,"[771.9294682663049, 797.1163097031903, 759.9344548308612, 815.7964169935901, 765.2833898954163]",awake,97.7,6.0,0,0
2023-12-26 07:00:00,148.5,"[450.15714207163853, 390.08002870551366, 443.04247714171595, 389.3337667292572, 444.50978672778183]",awake,97.7,79.7,0,0
2023-12-26 07:30:00,129.8,"[420.8748261225257, 362.0793875957369, 413.93214870297777, 461.67589963068474, 416.66743640195574]",awake,98.3,82.0,0,0
2023-12-26 08:00:00,155.9,"[459.00723272231716, 428.7772482338575, 422.778811546007, 470.9335666056137, 475.23251672155396]",awake,97.8,73.7,0,0
2023-12-26 08:30:00,141.1,"[389.93344047461983, 441.77071597942273, 469.2003965199998, 383.8990494603658, 393.8511901362354]",awake,98.1,92.2,0,0
2023-12-26 09:00:00,80.1,"[821.0656679673607, 807.937593150503, 830.1293691650366, 810.193387959919, 769.6867932085855]",awake,97.8,34.4,0,0
2023-12-26 09:30:00,69.5,"[810.7651520238541, 704.8262417205975, 776.9069607234613, 833.1985634070152, 886.4255263992894]",awake,98.1,32.5,0,0
2023-12-26 10:00:00,67.3,"[869.5087993702509, 805.8105000748017, 745.5826897952684, 745.4430131958272, 819.6099201148049]",awake,98.4,21.0,0,0
2023-12-26 10:30:00,63.8,"[782.5018227743958, 826.8701493015136, 787.7040120312702, 782.6040000730814, 868.9383870190297]",awake,98.5,29.0,0,0
2023-12-26 11:00:00,77.2,"[821.5136688830202, 746.2348518686254, 812.9517333598786, 793.8050790498569, 779.3160513857389]",awake,97.2,13.1,0,0
2023-12-26 11:30:00,79.5,"[797.1383428104575, 695.6950592584143, 796.0792420079376, 858.8653129569457, 787.388547924055]",awake,97.6,25.2,0,0
2023-12-26 12:00:00,69.3,"[818.0681763212311, 760.97547080807, 798.1706175069246, 819.0851898371761, 858.893072711197]",awake,98.3,12.7,0,0
2023-12-26 12:30:00,59.0,"[774.5700261919244, 806.6852239919309, 848.2569533394988, 772.3146596329335, 771.9751756564932]",awake,97.1,31.0,0,0
2023-12-26 13:00:00,71.2,"[888.5475990442638, 843.2339102001778, 850.579004977019, 781.706287435081, 797.7047487140176]",awake,98.4,44.7,0,0
2023-12-26 13:30:00,63.0,"[833.8023171319406, 814.6390302044812, 788.4743672330518, 769.8673970337044, 820.905519428326]",awake,97.7,6.7,0,0
2023-12-26 14:00:00,76.3,"[767.6447305112191, 801.1608448820774, 818.9382526103442, 809.7640147502029, 779.916757548328]",awake,97.1,11.7,0,0
2023-12-26 14:30:00,65.9,"[790.0846912970144, 777.5852944550903, 762.735658549557, 867.0068268896539, 771.4296706155889]",awake,97.4,12.2,0,0
2023-12-26 15:00:00,69.0,"[769.4083247464192, 796.1997053848035, 727.2728956488054, 800.0146465333899, 819.4561815405975]",awake,97.6,15.7,0,0
2023-12-26 15:30:00,79.7,"[837.0214106522352, 876.3067898607998, 856.3217903735905, 831.6584948360946, 809.7913930781176]",awake,97.6,23.1,0,0
2023-12-26 16:00:00,76.9,"[734.4184371638946, 725.9210731063405, 816.3387331983791, 839.7419538663556, 804.2540517429543]",awake,97.8,15.8,0,0
2023-12-26 16:30:00,68.0,"[785.3609815696519, 823.8754025893898, 789.3942528006327, 838.4155374961516, 780.2483583107531]",awake,97.6,13.2,0,0
2023-12-26 17:00:00,71.4,"[789.2991905894125, 845.9179942278802, 790.5287832742135, 752.2364809642357, 813.6915518981398]",awake,97.7,16.9,0,0
2023-12-26 17:30:00,67.3,"[818.2192232905292, 801.7241338205481, 793.9628477661272, 783.3351246136123, 819.3094206039569]",awake,98.1,29.5,0,0
2023-12-26 18:00:00,86.2,"[764.2949410335495, 771.8072900922624, 818.7032428204083, 767.4800634712624, 732.8111070515954]",awake,98.0,22.1,0,0
2023-12-26 18:30:00,91.0,"[799.8869749706307, 751.9567828733527, 868.257981906175, 753.901677378861, 794.9091218288719]",awake,97.1,28.3,0,0
2023-12-26 19:00:00,68.0,"[843.7887499346125, 808.1959517484984, 796.1502784129651, 803.5887462417097, 818.8486367965452]",awake,97.8,22.7,0,0
2023-12-26 19:30:00,67.0,"[734.035164461076, 801.6376507701962, 808.1144793836414, 796.6787733820719, 785.1436003284596]",awake,98.3,25.9,0,0
2023-12-26 20:00:00,80.6,"[820.7740261836577, 807.05451305737, 823.0534937519421, 775.3592047905397, 786.8325744586538]",awake,97.1,30.5,0,0
2023-12-26 20:30:00,81.0,"[805.1064883505384, 715.2332987409668, 762.8558113572675, 734.3512825524627, 774.895394793866]",awake,98.4,12.4,0,0
2023-12-26 21:00:00,59.2,"[759.6428872601689, 789.931178387432, 828.6721605492046, 778.186917115736, 827.9420231607323]",awake,97.9,14.3,0,0
2023-12-26 21:30:00,81.0,"[828.2504944812929, 821.5335655624068, 804.6326260298428, 832.9293292019036, 803.3905946942782]",awake,96.9,27.2,0,0
2023-12-26 22:00:00,60.2,"[916.7241916085806, 983.3202345942723, 945.7355744810146, 990.7985420944711, 1097.6772228772488]",light,96.0,4.6,480,450
2023-12-26 22:30:00,59.9,"[1003.4234113314559, 990.9683475082539, 937.3481418424095, 963.4614410989187, 1047.6740101954776]",light,95.8,5.4,480,450
2023-12-26 23:00:00,56.8,"[1019.7675635236968, 1088.2987574879173, 1055.5729646798898, 1007.7143595594271, 1015.5636901791754]",light,96.1,7.2,480,450
2023-12-26 23:30:00,53.0,"[996.0573611318985, 935.6134033549116, 995.2810628761847, 1043.8425605930515, 1008.6228977252451]",light,96.5,1.8,480,450
2023-12-27 00:00:00,61.3,"[992.2214397535392, 914.9018663860976, 915.0066248920655, 1044.9302327282016, 1028.0486159712805]",deep,95.7,4.4,480,450
2023-12-27 00:30:00,58.8,"[993.1909171258956, 1009.7368174425892, 941.498841676344, 982.7726989126994, 1086.599215832079]",deep,95.8,5.7,480,450
2023-12-27 01:00:00,60.9,"[949.2862708334827, 1095.7300476849537, 1005.4495953228871, 857.3817437016044, 962.4128207031645]",deep,96.9,5.6,480,450
2023-12-27 01:30:00,53.9,"[950.8829981925045, 971.6314374102059, 987.0469697299515, 990.3011156419672, 977.631725984854]",deep,95.8,8.0,480,450
2023-12-27 02:00:00,55.0,"[942.9301441230783, 1063.2455705359848, 955.243130553811, 1011.7879145841079, 1035.4720953359456]",rem,95.3,4.8,480,450
2023-12-27 02:30:00,55.9,"[973.1972713188101, 1000.2248010938762, 980.5586131517118, 929.8661469425726, 1043.5859322377746]",rem,96.5,7.2,480,450
2023-12-27 03:00:00,67.0,"[943.7016472652172, 1017.9630172278518, 1007.5663962910597, 1108.3348071616633, 1090.983615285103]",rem,96.4,4.3,480,450
2023-12-27 03:30:00,63.1,"[1002.5953149213736, 1094.3375317872242, 974.4674288494975, 942.2075283115129, 971.6444485604374]",rem,95.4,9.6,480,450
2023-12-27 04:00:00,52.1,"[992.9209289826417, 959.1583915644378, 958.2158867566865, 981.0763291846441, 1065.267890566149]",light,95.4,6.8,480,450
2023-12-27 04:30:00,63.9,"[1042.1364406595262, 1013.5981766151817, 1050.7620331767046, 1020.0779979531932, 1109.8404885072205]",light,95.8,2.8,480,450
2023-12-27 05:00:00,61.4,"[996.513522866937, 998.6931657078911, 1037.3887348019198, 1000.7251825936513, 1005.2615607004378]",light,95.6,7.0,480,450
2023-12-27 05:30:00,72.4,"[982.3383063875317, 989.0509034846046, 998.291290893484, 1040.4475163160923, 979.2456306229619]",light,95.7,5.1,480,450
2023-12-27 06:00:00,73.2,"[815.2897102167323, 816.0108382914143, 724.9190863309111, 884.2949204783698, 838.7598383807202]",awake,98.0,21.8,0,0
2023-12-27 06:30:00,70.8,"[784.8314447101873, 842.4279160983511, 752.7032403685014, 778.6148276821319, 855.642422119122]",awake,98.5,12.4,0,0
2023-12-27 07:00:00,133.5,"[446.0890554454096, 429.773376388687, 432.0776458605463, 413.6880741829498, 437.6229577715529]",awake,97.9,67.9,0,0
2023-12-27 07:30:00,164.5,"[383.04734902917966, 439.4406991974485, 377.8675501695499, 433.96303757006893, 388.51765184030216]",awake,98.2,85.8,0,0
2023-12-27 08:00:00,123.0,"[460.27265580713276, 403.882714614973, 466.0039677986007, 437.609452031109, 429.6430311641965]",awake,97.5,81.0,0,0
2023-12-27 08:30:00,148.8,"[400.09205969220636, 397.53258111955466, 442.66564938335625, 497.00067840171613, 445.99370079233876]",awake,97.7,82.6,0,0
2023-12-27 09:00:00,74.1,"[813.9295406342923, 791.0566988605357, 764.9535595858177, 772.996348047059, 776.6211532553714]",awake,97.5,21.4,0,0
2023-12-27 09:30:00,67.1,"[805.8843189062502, 761.948950826686, 809.7010175339695, 830.7600183729974, 767.2807487463912]",awake,98.2,20.6,0,0
2023-12-27 10:00:00,79.7,"[728.4360728619694, 891.6115532538591, 796.024871476391, 733.5333079277256, 853.6954350497366]",awake,98.5,40.8,0,0
2023-12-27 10:30:00,67.7,"[777.1609754670368, 800.5721807138484, 804.0626456135715, 745.8681850470066, 805.8597540138627]",awake,99.0,22.1,0,0
2023-12-27 11:00:00,65.8,"[784.9653405313969, 801.5965279480863, 779.0694407843432, 764.7441773763749, 836.7310450792525]",awake,98.2,17.7,0,0
2023-12-27 11:30:00,76.9,"[711.2176175823231, 869.086509622103, 845.7309762368625, 874.3811870856913, 834.4287002561618]",awake,98.5,20.0,0,0
2023-12-27 12:00:00,70.9,"[811.3218260608978, 795.138468903866, 788.5754904691504, 799.9042848633957, 812.4326093637382]",awake,98.6,6.5,0,0
2023-12-27 12:30:00,78.1,"[839.1546503468356, 871.73221468979, 829.9788969096176, 768.9610712545599, 806.8584992777234]",awake,97.3,33.7,0,0
2023-12-27 13:00:00,69.9,"[783.9842806121106, 779.8700280231965, 820.5030510655877, 854.4116533178307, 723.3317187653138]",awake,97.0,8.6,0,0
2023-12-27 13:30:00,71.5,"[854.3521073987997, 802.0028447709113, 715.189437716418, 782.7773235768204, 788.1955099419863]",awake,97.6,4.5,0,0
2023-12-27 14:00:00,68.6,"[867.0865509579933, 838.0081593201907, 776.8343494137295, 783.6550395362976, 793.1265768342845]",awake,97.7,27.7,0,0
2023-12-27 14:30:00,72.5,"[809.067876681028, 807.6142021208212, 853.3412481987226, 790.0171462076682, 775.6014123320416]",awake,98.3,16.3,0,0
2023-12-27 15:00:00,85.1,"[820.844311618764, 791.4103004987751, 785.5188764401851, 792.1594328413197, 819.8342990511292]",awake,97.2,21.1,0,0
2023-12-27 15:30:00,79.2,"[782.5038293762618, 811.3429088925725, 817.4136388427851, 778.3759833032491, 798.6912612407598]",awake,97.5,41.9,0,0
2023-12-27 16:00:00,88.6,"[863.6945770205109, 786.378391971262, 809.6957465464616, 791.5837627580898, 799.0271839463103]",awake,97.5,37.0,0,0
2023-12-27 16:30:00,77.0,"[847.6170345659738, 754.5366846713772, 817.9054294837605, 808.5733394263597, 755.211618443331]",awake,98.4,16.7,0,0
2023-12-27 17:00:00,83.0,"[781.0108618099591, 776.9706651359127, 782.3377571911865, 801.2308367364125, 758.649212400537]",awake,98.3,25.0,0,0
2023-12-27 17:30:00,70.5,"[838.1364183902988, 716.2537344671417, 769.840028150568, 780.402470193397, 794.0594758018398]",awake,97.7,10.2,0,0
2023-12-27 18:00:00,79.5,"[780.7702404665374, 816.4453327761846, 848.0144804201245, 796.6730227796074, 844.0432091071156]",awake,97.9,16.9,0,0
2023-12-27 18:30:00,70.2,"[835.6281471119073, 815.9140249687422, 822.9803930124474, 799.6565651621434, 846.0665170565009]",awake,97.6,9.4,0,0
2023-12-27 19:00:00,69.4,"[782.6000081669504, 774.1565131154703, 795.7474569785659, 823.4555482486949, 716.9367375699042]",awake,98.9,23.6,0,0
2023-12-27 19:30:00,68.5,"[796.6320832789636, 828.5214728229275, 769.4444570981979, 836.3482574290226, 833.5218128988513]",awake,98.1,0.0,0,0
2023-12-27 20:00:00,91.2,"[736.0204083952798, 830.8274886036118, 748.9872121968925, 778.3166328529817, 774.0955537983832]",awake,97.9,21.9,0,0
2023-12-27 20:30:00,65.4,"[738.5333609090967, 820.8937855177358, 863.5349278756935, 765.3581219456694, 860.7453731399231]",awake,97.5,32.7,0,0
2023-12-27 21:00:00,82.2,"[768.6740473834299, 794.9712554973286, 833.9025158127183, 742.1833124065873, 834.4545774690762]",awake,98.6,30.2,0,0
2023-12-27 21:30:00,62.0,"[757.1183615253843, 766.72234574231, 751.4432677551232, 850.8715079680571, 840.8085463910713]",awake,98.2,24.6,0,0
2023-12-27 22:00:00,57.3,"[1095.4934514219008, 1017.0525091369665, 971.7195447947424, 1008.9116315779883, 996.20641707853]",light,95.8,7.4,480,450
2023-12-27 22:30:00,53.4,"[958.038142525968, 1067.219430197146, 891.5351556262822, 983.4008294347003, 1036.449223394637]",light,95.7,3.1,480,450
2023-12-27 23:00:00,59.6,"[942.2059117522057, 1006.5003294084594, 990.8113602017597, 1056.542583986417, 985.9798386168468]",light,95.2,4.8,480,450
2023-12-27 23:30:00,63.0,"[1058.7291625222872, 918.286787908076, 993.7361547195875, 910.9347798178944, 1089.2290052847657]",light,96.6,5.9,480,450
2023-12-28 00:00:00,61.7,"[995.1701495985874, 955.3379418232537, 983.899278122799, 1041.4250322361463, 1005.6477215161256]",deep,96.7,5.9,480,450
2023-12-28 00:30:00,63.5,"[911.4263749857256, 974.0434883272254, 1020.363258500628, 1036.3011405410552, 962.6697495105816]",deep,95.8,3.4,480,450
2023-12-28 01:00:00,61.0,"[1018.294333071962, 1041.1112210007857, 994.3651735120166, 943.5012729872567, 1008.7856043630109]",deep,95.9,5.2,480,450
2023-12-28 01:30:00,66.2,"[953.8899306837701, 987.9120908473727, 996.3404071443155, 1038.138276244104, 984.1513344182131]",deep,95.7,8.3,480,450
2023-12-28 02:00:00,66.3,"[914.7988422758424, 1095.3139429637413, 1124.6653537227282, 972.9560595842652, 1079.104112124369]",rem,95.2,3.5,480,450
2023-12-28 02:30:00,67.9,"[1092.123654092067, 956.2311283883096, 942.8809055214845, 984.2314544810054, 967.8682345032856]",rem,95.9,5.7,480,450
2023-12-28 03:00:00,63.0,"[990.730898021736, 928.2183057428666, 1001.3890819394827, 1033.8339303259177, 966.3768539652516]",rem,96.4,4.4,480,450
2023-12-28 03:30:00,62.3,"[1049.384761891043, 1031.3002687899402, 1063.6526124195918, 992.8498322207718, 1016.4572533357118]",rem,96.2,6.2,480,450
2023-12-28 04:00:00,55.4,"[933.829716755711, 977.9022531896691, 965.8781148389145, 1053.5484418047772, 1031.4522634094249]",light,96.7,4.7,480,450
2023-12-28 04:30:00,61.7,"[963.826789641027, 1045.4077123178115, 1026.502067968095, 1030.8233035857588, 980.8846449881872]",light,96.0,5.6,480,450
2023-12-28 05:00:00,61.0,"[1060.0848304835802, 1064.8647978071062, 994.739187786381, 1046.5609196931425, 992.8933666587144]",light,96.1,6.8,480,450
2023-12-28 05:30:00,60.6,"[939.004793419862, 975.8533812681081, 984.3620225972704, 1014.3611792938467, 1039.216521511859]",light,96.2,8.5,480,450
2023-12-28 06:00:00,74.0,"[849.3838522782739, 866.7360577127366, 752.9220039246189, 801.8967523709524, 813.4337971238043]",awake,97.2,23.1,0,0
2023-12-28 06:30:00,83.5,"[766.5009079919912, 810.3868992190768, 796.4586671473213, 791.1300527029408, 788.9539749927974]",awake,98.2,34.7,0,0
2023-12-28 07:00:00,141.9,"[441.6294981998457, 411.79460739083333, 408.7233388518083, 389.7885653877417, 483.9020309679692]",awake,97.9,90.5,0,0
2023-12-28 07:30:00,143.7,"[452.6031305798868, 422.2429643050393, 473.6029359282537, 438.99167759235485, 392.2110741833586]",awake,97.4,87.4,0,0
2023-12-28 08:00:00,123.6,"[420.61246136650857, 442.52728102813444, 393.90729517212196, 436.5592589761179, 407.98998464593427]",awake,99.0,75.6,0,0
2023-12-28 08:30:00,150.9,"[451.35984806878724, 472.43234395695134, 420.3886414152299, 429.34223895162023, 373.20217120303863]",awake,98.4,86.1,0,0
2023-12-28 09:00:00,85.1,"[846.4881570966753, 791.3632383426053, 784.3772926720026, 824.253015967698, 821.2597522755558]",awake,97.6,27.8,0,0
2023-12-28 09:30:00,71.7,"[812.5380445511862, 814.4644167221105, 718.2497166462693, 848.4545841990288, 765.3251007103877]",awake,98.5,18.6,0,0
2023-12-28 10:00:00,58.4,"[808.9002401741059, 750.8798496947632, 789.9221434914612, 821.4729912771694, 783.064361061098]",awake,99.0,27.5,0,0
2023-12-28 10:30:00,75.7,"[867.7684540226301, 801.6540275643786, 798.7623008111058, 809.6001455328936, 674.7510272330921]",awake,98.3,13.9,0,0
2023-12-28 11:00:00,78.4,"[812.3796572778714, 827.7171935589122, 793.164135616869, 796.043653727284, 877.2056925702824]",awake,97.6,33.9,0,0
2023-12-28 11:30:00,74.0,"[851.3213537368799, 814.2418798903392, 805.289806151744, 797.5623051222385, 784.8544104163228]",awake,97.8,12.1,0,0
2023-12-28 12:00:00,76.0,"[788.6517142977284, 754.3654326008597, 815.3539987568107, 816.6866542922876, 841.6793296648426]",awake,97.5,14.6,0,0
2023-12-28 12:30:00,75.6,"[811.3154992314913, 791.7481155772539, 782.0643442281636, 791.7478126214808, 789.7318376174107]",awake,97.9,28.9,0,0
2023-12-28 13:00:00,61.8,"[818.2385393206131, 799.781850618026, 825.7304082485089, 788.9959541892737, 817.5216831913765]",awake,97.7,20.8,0,0
2023-12-28 13:30:00,73.3,"[823.807823222706, 826.5654719996336, 776.0904610374889, 775.8272432408789, 876.1933272037372]",awake,98.0,12.7,0,0
2023-12-28 14:00:00,64.0,"[763.7421513502983, 794.5481988395811, 770.1565388313397, 786.0040867740331, 793.6067322139023]",awake,97.4,40.8,0,0
2023-12-28 14:30:00,85.0,"[769.8132639683826, 813.3268715521821, 834.0479722829292, 785.5175104465402, 861.6721371308648]",awake,97.9,29.5,0,0
2023-12-28 15:00:00,69.8,"[792.8866578820238, 817.3688477609761, 802.8761386385368, 713.9910809622002, 770.0701016892813]",awake,97.4,27.6,0,0
2023-12-28 15:30:00,60.2,"[722.0239459185555, 736.588108688598, 812.5530573448922, 829.217900616033, 777.4105481044963]",awake,96.6,8.3,0,0
2023-12-28 16:00:00,70.7,"[736.2067523788728, 741.1495978931468, 778.3738068241755, 803.2008112021388, 712.3453370840468]",awake,97.5,7.5,0,0
2023-12-28 16:30:00,82.1,"[793.8698780571647, 760.3684798257127, 835.8649615223071, 803.8379085926866, 862.7392225775261]",awake,99.0,22.0,0,0
2023-12-28 17:00:00,61.2,"[730.2460046973869, 753.6781968745317, 793.4909144404417, 791.1038120610759, 860.9810916718714]",awake,98.1,26.3,0,0
2023-12-28 17:30:00,80.3,"[833.9137155641102, 757.2878791918322, 817.4086610497917, 792.1287384759703, 822.3133209330207]",awake,96.8,31.0,0,0
2023-12-28 18:00:00,72.9,"[795.3947187487329, 844.3271314510248, 819.6782124387636, 810.6833345450115, 844.23991760777]",awake,98.2,17.0,0,0
2023-12-28 18:30:00,81.1,"[854.7624146742071, 753.6011509963339, 755.0163228020997, 789.9750021323964, 743.5750757448766]",awake,98.2,16.5,0,0
2023-12-28 19:00:00,82.3,"[777.5417967365487, 847.2246337883137, 885.0964603763325, 790.7971963653664, 776.9743017568549]",awake,97.3,20.0,0,0
2023-12-28 19:30:00,76.4,"[787.7707289837331, 899.9201036411171, 799.7942304633622, 800.7219078027266, 780.6839138035522]",awake,98.7,33.5,0,0
2023-12-28 20:00:00,71.5,"[808.4210665887497, 818.98584363341, 795.1741472455178, 730.8218310963448, 760.1325262829462]",awake,98.7,17.2,0,0
2023-12-28 20:30:00,76.6,"[822.0140761923819, 772.9467675217032, 796.005218840718, 756.6892537631769, 785.415017301376]",awake,97.5,18.8,0,0
2023-12-28 21:00:00,86.3,"[826.2482097235105, 789.5537071232602, 798.2026860065577, 729.2253611174501, 764.9702378864938]",awake,99.0,24.2,0,0
2023-12-28 21:30:00,84.8,"[800.3548033965939, 803.9160030830149, 811.7329447029784, 826.5497072670753, 797.6777949622898]",awake,98.3,26.5,0,0
2023-12-28 22:00:00,57.7,"[965.6777785114618, 908.886010568482, 1009.0133670742732, 963.2318253488447, 984.7459165207056]",light,96.3,1.5,480,450
2023-12-28 22:30:00,57.0,"[1007.2542721788056, 952.7280603876092, 1028.9194495615554, 1099.7194096617252, 1080.562690486159]",light,95.7,6.2,480,450
2023-12-28 23:00:00,58.5,"[994.8402117092302, 977.3050692237538, 1062.6790406216899, 1114.2125389060313, 1025.8949454231738]",light,96.0,2.0,480,450
2023-12-28 23:30:00,53.5,"[972.9362248346945, 1044.4894814830193, 901.2762614515761, 947.5487766124288, 981.2698515336322]",light,96.0,4.0,480,450
2023-12-29 00:00:00,66.8,"[991.6604438512377, 1062.1239998313886, 940.3177028458342, 994.6575575121147, 964.9512859854548]",deep,95.8,2.3,480,450
2023-12-29 00:30:00,61.8,"[999.3278435102278, 938.2167453955342, 988.9323529228816, 912.8885634064824, 929.476983891169]",deep,95.2,0.2,480,450
2023-12-29 01:00:00,63.4,"[1015.6801047042065, 1057.1138216163442, 1041.843585370006, 917.7135173456563, 1082.958945319216]",deep,96.5,5.8,480,450
2023-12-29 01:30:00,64.5,"[1001.5860881578419, 922.0570283004594, 919.0132938475023, 920.6147799728816, 993.051975215284]",deep,95.2,4.8,480,450
2023-12-29 02:00:00,57.8,"[1035.543204979559, 1044.7004908474646, 909.2307960256628, 1034.114946617395, 932.1753303859101]",rem,95.9,6.6,480,450
2023-12-29 02:30:00,58.0,"[987.2707082553187, 1007.497190697307, 1057.8974852040444, 942.0465028623486, 1096.6487647008294]",rem,96.1,5.2,480,450
2023-12-29 03:00:00,53.5,"[1050.6981358400494, 1118.9230443291858, 1074.7308011711534, 943.7540644420573, 1062.6726774276897]",rem,96.2,0.7,480,450
2023-12-29 03:30:00,56.8,"[979.2711762238317, 939.2324921693039, 962.3600001783623, 1039.4247695285958, 1043.1952289344727]",rem,95.5,8.7,480,450
2023-12-29 04:00:00,57.7,"[1090.1645106373617, 1055.5239521799326, 1040.9306941751277, 1088.014342512909, 963.3091328831182]",light,95.3,1.0,480,450
2023-12-29 04:30:00,62.0,"[1016.1401287322261, 994.9659922116097, 938.7412996940699, 1011.101274586638, 1023.4138981012258]",light,95.3,3.6,480,450
2023-12-29 05:00:00,53.2,"[982.41629597027, 953.4586522296611, 958.2048578749749, 1022.0765005633144, 1020.8854203921991]",light,95.7,6.0,480,450
2023-12-29 05:30:00,64.5,"[1047.8597748503341, 971.1332306343766, 1010.1460292883753, 1042.5201943734535, 963.5423383374372]",light,96.2,5.3,480,450
2023-12-29 06:00:00,74.2,"[841.6197579457862, 744.0082345451796, 820.0804801812552, 694.8566270190903, 746.820096926419]",awake,98.0,28.3,0,0
2023-12-29 06:30:00,72.6,"[778.4681979459555, 775.601666397953, 789.5472182782346, 776.1436077744895, 800.2247508723128]",awake,97.4,33.3,0,0
2023-12-29 07:00:00,130.2,"[387.19803382802513, 411.37138539579945, 398.24460115569826, 376.03307869419984, 433.6268506394996]",awake,98.7,77.1,0,0
2023-12-29 07:30:00,130.6,"[418.20934823166397, 412.50319642581843, 424.4919533812245, 402.8024519847846, 429.5849894357405]",awake,97.9,87.7,0,0
2023-12-29 08:00:00,132.2,"[430.5071353886506, 430.85200463789596, 423.0777351897711, 432.7712134662413, 492.5883363824988]",awake,96.6,85.1,0,0
2023-12-29 08:30:00,134.7,"[465.7034869879374, 421.2275855550897, 415.8630845165317, 410.6315363616811, 393.74602592524667]",awake,98.1,89.1,0,0
2023-12-29 09:00:00,79.7,"[720.0134975484639, 817.7523413005789, 799.6138566610442, 815.6934248544011, 783.9988366726122]",awake,97.4,33.4,0,0
2023-12-29 09:30:00,60.0,"[736.1809054231951, 901.3138174812373, 719.5346521127477, 908.787036802854, 824.7487613312123]",awake,98.1,22.9,0,0
2023-12-29 10:00:00,75.4,"[806.9247544258931, 749.6759592662004, 854.7423437925003, 805.1887045201761, 861.7335607260555]",awake,97.8,24.0,0,0
2023-12-29 10:30:00,85.8,"[764.0759119520097, 804.7501707247219, 726.3865156196871, 740.3481273350463, 815.8270129583516]",awake,99.0,21.4,0,0
2023-12-29 11:00:00,69.1,"[769.1744136452995, 793.7404247810014, 920.1760743147998, 785.0443511650911, 819.2480761316081]",awake,97.1,3.8,0,0
2023-12-29 11:30:00,69.9,"[798.6924646994604, 841.4765316121807, 814.7940584257062, 752.2610931020392, 792.3153683401482]",awake,98.0,14.5,0,0
2023-12-29 12:00:00,80.0,"[761.5175891125808, 813.6169563060926, 777.1574109371694, 857.1139340178697, 851.156085760727]",awake,97.7,41.8,0,0
2023-12-29 12:30:00,80.0,"[814.1562123926491, 766.7838533160588, 859.0497194933802, 806.0316526103711, 764.7808018608786]",awake,98.2,23.2,0,0
2023-12-29 13:00:00,68.0,"[810.4537868976889, 784.833895291235, 748.9949609730569, 828.4516368818144, 812.402805413156]",awake,96.8,19.9,0,0
2023-12-29 13:30:00,86.7,"[742.2140746806676, 754.1202203208442, 756.4019089637602, 756.7203385942342, 817.2414317705684]",awake,98.7,13.2,0,0
2023-12-29 14:00:00,75.0,"[780.3791970196743, 798.248787097393, 806.3214363799202, 831.1008890649636, 800.7346227185835]",awake,99.0,7.6,0,0
2023-12-29 14:30:00,60.9,"[842.5522767422564, 765.5869955408564, 748.3752477883012, 810.0793164811828, 777.2821202233014]",awake,97.7,26.3,0,0
2023-12-29 15:00:00,85.7,"[850.2032146751999, 737.0446714429843, 756.2813901490067, 829.5791827797633, 794.3007582258336]",awake,96.9,20.7,0,0
2023-12-29 15:30:00,70.1,"[804.247678210878, 767.2963485837208, 828.485527195074, 777.3227876047586, 796.8102127108451]",awake,97.9,23.1,0,0
2023-12-29 16:00:00,82.9,"[747.7470307359247, 809.5047521849417, 800.8109356609077, 786.2492465481573, 777.6302610381038]",awake,98.1,23.2,0,0
2023-12-29 16:30:00,68.5,"[807.8117164331167, 833.1352429575792, 852.9053938238826, 788.4559876129313, 833.8229185366534]",awake,97.4,31.3,0,0
2023-12-29 17:00:00,90.0,"[827.7257448223863, 799.8934706086804, 741.3227420833953, 822.1641242088538, 831.1150210539371]",awake,96.8,29.1,0,0
2023-12-29 17:30:00,70.0,"[798.6877775378043, 815.1286535501469, 813.5187802648071, 825.8565579969015, 796.6489146644699]",awake,97.6,18.9,0,0
2023-12-29 18:00:00,83.8,"[724.5100441963245, 782.3416189724147, 819.2839763174209, 754.9498946149448, 833.5439284686948]",awake,97.5,16.2,0,0
2023-12-29 18:30:00,77.9,"[764.952157979024, 809.0572173335248, 771.5449146498671, 774.4018435925944, 791.851142251524]",awake,98.9,12.8,0,0
2023-12-29 19:00:00,84.2,"[810.1632911893818, 806.4736451172314, 824.2818639135179, 741.6890070661049, 890.1958259604795]",awake,97.4,20.8,0,0
2023-12-29 19:30:00,71.1,"[785.1439370503617, 818.9770199557978, 719.1979479538903, 825.6853923736907, 795.7880183893722]",awake,97.7,21.7,0,0
2023-12-29 20:00:00,73.9,"[867.024604646587, 835.3716083757915, 823.9307513335143, 776.9269196675511, 800.5842148054053]",awake,98.6,10.6,0,0
2023-12-29 20:30:00,65.0,"[841.0358162469907, 750.6745332600219, 781.3123731591272, 832.0277098169402, 771.9064668431175]",awake,98.7,20.1,0,0
2023-12-29 21:00:00,61.5,"[895.7561268141108, 779.5235400691352, 784.3482946638563, 785.1804735318791, 804.9691441457431]",awake,98.8,20.4,0,0
2023-12-29 21:30:00,65.5,"[839.9570904029063, 802.0440335204964, 862.1825407231856, 803.6909582538588, 861.1826763219607]",awake,96.9,18.7,0,0
2023-12-29 22:00:00,56.8,"[930.7702258336457, 1040.1026425309262, 917.1338252273931, 942.9626139594783, 964.7169659487823]",light,95.9,6.3,480,450
2023-12-29 22:30:00,52.6,"[920.8025585628444, 1000.8417206059546, 1047.550438377756, 1041.109255707084, 990.8678660574643]",light,96.3,1.9,480,450
2023-12-29 23:00:00,62.2,"[1013.2335617058011, 1057.4086165629699, 941.2925586162554, 863.7233986477893, 1004.4605790583653]",light,95.5,5.7,480,450
2023-12-29 23:30:00,52.5,"[966.4821346691645, 976.6798359014662, 968.5404929222683, 1080.1489346026674, 995.4204278940548]",light,95.8,4.3,480,450
2023-12-30 00:00:00,63.9,"[998.5228482593994, 983.0175164950577, 1077.3417385687637, 1066.9310474338213, 981.580664019516]",deep,96.6,1.0,480,450
2023-12-30 00:30:00,56.5,"[1048.4237057605396, 1003.6249286326939, 988.1917692317539, 926.0234099047058, 978.0924123606242]",deep,95.7,6.2,480,450
2023-12-30 01:00:00,62.7,"[988.6005254774402, 1063.679646516619, 988.7933795872132, 965.7937736692502, 1008.6433034413841]",deep,95.6,8.6,480,450
2023-12-30 01:30:00,58.4,"[1000.7289795691497, 1050.5621594710144, 1027.755944893339, 941.5700017292955, 1035.6972073137183]",deep,95.9,3.0,480,450
2023-12-30 02:00:00,59.7,"[943.7684519916268, 968.758529612381, 991.9850017238576, 1062.8380384625893, 1049.664327269497]",rem,96.2,8.9,480,450
2023-12-30 02:30:00,62.0,"[994.7478847562575, 1033.063978513678, 937.3761997818178, 1000.425887804076, 1059.9181992746576]",rem,96.0,10.2,480,450
2023-12-30 03:00:00,54.7,"[1052.7918886735836, 1016.1359205620511, 1017.9654324471995, 1007.7782463556289, 1003.6851942132271]",rem,95.5,5.0,480,450
2023-12-30 03:30:00,67.0,"[1034.1164049715578, 991.2929746401228, 910.9707786492013, 1023.1754599239512, 992.1121206840804]",rem,95.4,9.7,480,450
2023-12-30 04:00:00,64.0,"[1073.4810741310775, 1104.8408979786557, 1033.441705469474, 910.2787828365935, 1012.286579990768]",light,96.1,5.3,480,450
2023-12-30 04:30:00,59.9,"[983.5432579101573, 998.3648344453474, 961.5361060189376, 986.9545706489301, 1007.6504334620886]",light,95.8,3.7,480,450
2023-12-30 05:00:00,59.1,"[1031.7032860403558, 957.7827037682707, 938.8738683425902, 1030.842444350303, 917.4618445707889]",light,95.6,2.4,480,450
2023-12-30 05:30:00,58.8,"[976.3789051212126, 980.6063144427834, 970.3478140512879, 992.3288503835031, 1024.9160488258772]",light,96.1,4.6,480,450
2023-12-30 06:00:00,77.0,"[753.7153830515093, 763.7834189301623, 798.8497745548709, 794.1176837406646, 875.9567323063899]",awake,97.9,35.8,0,0
2023-12-30 06:30:00,74.4,"[840.0027483310681, 866.8766100404775, 847.1216491494416, 837.1331207569162, 796.1574581833096]",awake,99.0,0.0,0,0
2023-12-30 07:00:00,67.7,"[797.4692559182233, 871.8971142452058, 872.7336992914323, 813.1535792550064, 876.317057488908]",awake,98.2,19.1,0,0
2023-12-30 07:30:00,70.6,"[761.3547595544462, 807.8562678790299, 799.5111840288315, 794.9715967544835, 759.3804656901435]",awake,97.9,24.1,0,0
2023-12-30 08:00:00,88.1,"[815.5101081562643, 798.708169555879, 795.7903346942988, 758.0225573873654, 778.7312408084128]",awake,98.2,28.2,0,0
2023-12-30 08:30:00,63.4,"[764.9469883862843, 804.182256217966, 761.7107374839268, 829.3005720072767, 827.8752812713092]",awake,97.9,9.6,0,0
2023-12-30 09:00:00,73.7,"[826.0174645232502, 790.9201488167491, 798.9316330666941, 778.8417403439778, 902.5507811313703]",awake,98.2,24.8,0,0
2023-12-30 09:30:00,78.8,"[820.8874606717475, 778.6005987508563, 810.3554161941008, 806.4873214161559, 814.0575792529597]",awake,98.3,23.9,0,0
2023-12-30 10:00:00,79.7,"[903.3378491620986, 842.6278532299402, 835.0555164489515, 763.3330639691417, 878.5519877654341]",awake,97.8,8.6,0,0
2023-12-30 10:30:00,72.4,"[814.8939340967956, 831.6809347422874, 830.7771241749983, 740.7771142323066, 752.5668156335228]",awake,98.2,23.3,0,0
2023-12-30 11:00:00,83.1,"[719.1454110083027, 782.7777579813534, 788.803784656907, 767.5807979104742, 838.3103144806323]",awake,97.8,29.1,0,0
2023-12-30 11:30:00,71.9,"[864.4284735463211, 816.1002733587434, 775.8693282036389, 823.4750832283725, 807.6739207301762]",awake,97.8,8.6,0,0
2023-12-30 12:00:00,78.6,"[837.5827614592368, 795.8244270310745, 749.6003485547469, 823.6544329444221, 789.3946604635672]",awake,97.8,20.4,0,0
2023-12-30 12:30:00,84.8,"[769.159821971892, 815.588184191538, 856.4681722523538, 834.2116120520024, 788.234665240062]",awake,98.1,40.1,0,0
2023-12-30 13:00:00,79.6,"[810.2152057560746, 781.4132714421589, 734.5734406253628, 831.7885180995319, 771.3553173780882]",awake,97.7,22.9,0,0
2023-12-30 13:30:00,76.1,"[814.3390856819883, 735.8439002909016, 780.7456325119049, 782.4957427274819, 815.7705556631173]",awake,97.9,11.7,0,0
2023-12-30 14:00:00,69.6,"[774.9164551060928, 755.3912669055294, 835.5457632887379, 828.0063434810625, 835.3359851665597]",awake,99.0,19.8,0,0
2023-12-30 14:30:00,72.6,"[827.1571596802158, 821.0136225756366, 821.4530431474851, 826.0764484920041, 837.6525764306474]",awake,97.7,17.9,0,0
2023-12-30 15:00:00,89.1,"[833.3311756015612, 784.872796298958, 803.287748731689, 730.2614953310014, 793.0530244906631]",awake,97.0,27.5,0,0
2023-12-30 15:30:00,71.4,"[787.8417826499458, 778.6016077075717, 849.888884416357, 856.4404639538484, 802.2535965128022]",awake,98.2,35.3,0,0
2023-12-30 16:00:00,93.8,"[849.6505977032591, 838.9132477399963, 794.4553436328156, 794.1086200760066, 792.4449462388801]",awake,98.4,12.4,0,0
2023-12-30 16:30:00,66.8,"[779.2604017115775, 763.6342483595702, 839.7279571856695, 874.818856659268, 786.7779160473465]",awake,98.7,18.4,0,0
2023-12-30 17:00:00,70.1,"[757.8290792824699, 792.3258343795926, 780.0689235701569, 811.780556453556, 851.5124813594153]",awake,97.3,20.2,0,0
2023-12-30 17:30:00,74.7,"[771.993096541692, 878.7913023615417, 802.2553641864791, 748.538902195636, 794.8701812586618]",awake,97.3,16.3,0,0
2023-12-30 18:00:00,88.3,"[839.1130828799165, 861.8177179950368, 827.0973063856079, 797.7497060226456, 801.1988206829975]",awake,98.5,23.1,0,0
2023-12-30 18:30:00,54.7,"[819.1397104695475, 740.9496285337669, 811.0888581674582, 757.0807013079595, 826.308896594857]",awake,97.8,7.6,0,0
2023-12-30 19:00:00,66.2,"[818.9481690969252, 827.2001874342986, 785.6543382927317, 767.0905692417476, 700.4003117821716]",awake,97.9,37.4,0,0
2023-12-30 19:30:00,66.7,"[819.2412601869502, 837.8910733872402, 777.3123940529293, 862.4616310541112, 792.2604138722161]",awake,97.4,25.6,0,0
2023-12-30 20:00:00,70.0,"[822.7637197557209, 789.7527038112976, 802.2570919930185, 842.9102081689944, 723.2660993706122]",awake,98.1,9.0,0,0
2023-12-30 20:30:00,61.2,"[765.8730787780332, 785.4256523295169, 812.4762973157051, 829.8196278438459, 807.5917945809783]",awake,98.9,23.0,0,0
2023-12-30 21:00:00,80.7,"[778.9230033250501, 758.5287865359688, 840.6822761206096, 841.7371136056929, 782.4733633029798]",awake,98.0,17.7,0,0
2023-12-30 21:30:00,92.2,"[708.7067160820847, 825.307283213714, 784.3672058794145, 859.531229172054, 770.1162275101022]",awake,98.0,25.7,0,0
2023-12-30 22:00:00,75.6,"[963.0268253909514, 1018.0952793456169, 929.2454322025629, 999.4334899533137, 908.9912938749058]",light,96.0,4.8,480,450
2023-12-30 22:30:00,62.1,"[1051.3339434272448, 969.5899225222755, 1016.045681066377, 915.4310699092683, 927.4448339687196]",light,96.7,5.6,480,450
2023-12-30 23:00:00,54.7,"[1063.7641103436697, 1065.7251383325931, 917.5028570456585, 923.7735981805089, 1022.1030057321552]",light,94.9,6.3,480,450
2023-12-30 23:30:00,67.9,"[1007.672523615873, 969.8086366127083, 994.3655815719119, 1121.858360207496, 944.4064390776603]",light,95.8,3.5,480,450
2023-12-31 00:00:00,60.4,"[957.5563003273359, 919.5495349905489, 1129.2678959388672, 973.8896134955515, 952.977360392687]",deep,96.8,3.6,480,450
2023-12-31 00:30:00,54.5,"[950.1924032097049, 1082.952038609685, 1004.9860194760316, 1007.1899684067637, 1043.1896005972537]",deep,96.2,6.5,480,450
2023-12-31 01:00:00,51.1,"[954.3529482698694, 972.5492535268061, 915.4540058567279, 1048.8051342058338, 965.0789763422257]",deep,95.7,6.3,480,450
2023-12-31 01:30:00,57.4,"[1079.527963523333, 987.0472063205087, 993.0359550308729, 1045.3073373167738, 1026.4984225511828]",deep,95.6,8.1,480,450
2023-12-31 02:00:00,57.8,"[955.1796574418568, 1032.688228973274, 1034.5525630815393, 1038.665680255941, 956.0157109627426]",rem,96.2,2.0,480,450
2023-12-31 02:30:00,56.5,"[975.3189625932142, 982.9532889948874, 959.8432323900965, 1064.3015600639683, 927.726534087333]",rem,95.9,6.0,480,450
2023-12-31 03:00:00,55.8,"[1021.7655289455719, 934.0287222914648, 1089.2330198128523, 996.9541345536858, 1095.0187737284882]",rem,97.5,1.5,480,450
2023-12-31 03:30:00,63.5,"[1045.1081906621826, 950.8687190529355, 1042.2577190287695, 921.1058703857527, 1050.6292399038525]",rem,96.2,3.5,480,450
2023-12-31 04:00:00,65.6,"[902.2253272068334, 860.3093953659659, 1105.3900471752647, 943.1459814067242, 1039.0274282665619]",light,95.3,5.6,480,450
2023-12-31 04:30:00,58.1,"[1023.5026750723205, 919.6882640259704, 1028.7702430911056, 946.714133682558, 1015.8608981042103]",light,96.4,4.3,480,450
2023-12-31 05:00:00,61.4,"[958.4017593033536, 1051.920898554342, 968.7571945672852, 1005.0519886583214, 1040.2091700658957]",light,95.8,5.6,480,450
2023-12-31 05:30:00,53.7,"[1077.4087969598368, 1046.025593006893, 988.2842345587047, 1008.9770935812601, 1076.4073504396877]",light,95.4,6.0,480,450
2023-12-31 06:00:00,85.9,"[831.0050301355649, 745.0011058763987, 849.1065352502126, 849.784516436078, 817.0700367650406]",awake,97.0,24.9,0,0
2023-12-31 06:30:00,75.0,"[773.155183029667, 818.3955956767516, 745.3636968386911, 799.8921715411848, 869.9516574297602]",awake,98.2,15.8,0,0
2023-12-31 07:00:00,66.1,"[769.3820821800799, 763.3208363457607, 838.807572882892, 831.4149899075853, 795.136437930656]",awake,97.6,30.1,0,0
2023-12-31 07:30:00,73.0,"[828.2151949191945, 813.539348422492, 773.2852385265594, 808.6443059603181, 797.8061381916239]",awake,99.0,13.1,0,0
2023-12-31 08:00:00,73.3,"[769.5750666577865, 824.3208429740324, 818.1982684852749, 728.0765581643, 801.8762482565061]",awake,98.0,22.7,0,0
2023-12-31 08:30:00,77.8,"[730.8772595567945, 771.52574887755, 772.0336104144299, 855.6820370954347, 857.1538226744974]",awake,98.2,26.7,0,0
2023-12-31 09:00:00,71.1,"[706.2928064390273, 781.1253712105724, 681.0767911200431, 813.1273956195427, 840.4213959932972]",awake,97.7,22.9,0,0
2023-12-31 09:30:00,60.9,"[792.8696446575485, 747.5223740462496, 754.714970528632, 805.0580454754177, 810.9296445639499]",awake,98.5,23.0,0,0
2023-12-31 10:00:00,78.7,"[813.4471897278164, 817.9006460789384, 759.3011060620846, 794.695864899868, 797.3062618742028]",awake,96.8,26.7,0,0
2023-12-31 10:30:00,86.0,"[832.8432208924223, 818.3768331956235, 808.2578971190335, 771.5975167335404, 776.4010572464422]",awake,98.5,32.9,0,0
2023-12-31 11:00:00,77.7,"[875.787085857791, 865.8870457601429, 773.7762120015205, 786.1535474706186, 867.1488117354238]",awake,98.0,30.6,0,0
2023-12-31 11:30:00,87.2,"[747.106739936629, 788.0779307727828, 848.1746205493603, 782.353128862634, 768.408495071662]",awake,97.9,19.3,0,0
2023-12-31 12:00:00,59.7,"[856.5352686211602, 818.2125643362441, 815.4117669689609, 789.479783565941, 759.9734493098126]",awake,97.9,16.1,0,0
2023-12-31 12:30:00,79.1,"[786.1322736631917, 845.7367817939382, 783.809602720871, 771.4062854044244, 813.3657412115804]",awake,97.6,27.1,0,0
2023-12-31 13:00:00,75.1,"[757.2017467172961, 758.8143739847575, 841.2398239573927, 793.7810034315205, 853.1993717920832]",awake,98.0,17.5,0,0
2023-12-31 13:30:00,80.6,"[755.4135615635826, 749.9707476395373, 807.9843886742015, 824.3237953123754, 836.4937243444373]",awake,98.1,8.4,0,0
2023-12-31 14:00:00,85.4,"[842.0475373996516, 801.4931908957283, 798.6536857170563, 817.7892331181355, 804.5466861428071]",awake,97.6,26.4,0,0
2023-12-31 14:30:00,80.1,"[835.8049955961795, 759.2250361945213, 792.2771229015191, 802.0966226659847, 823.8307256262674]",awake,97.9,28.9,0,0
2023-12-31 15:00:00,79.9,"[838.380120540129, 809.3951465086411, 820.0311216668333, 789.1132486889255, 779.1593205895012]",awake,98.1,11.8,0,0
2023-12-31 15:30:00,71.9,"[794.3455372434448, 728.7080385459157, 836.5393863917138, 826.0708633460208, 740.0448884159647]",awake,97.8,13.8,0,0
2023-12-31 16:00:00,75.1,"[842.0694511209797, 797.0283770824884, 767.9305079537186, 763.8778937291951, 837.7651847541715]",awake,98.1,6.8,0,0
2023-12-31 16:30:00,72.5,"[818.9302581639215, 863.9914957151113, 786.5150440467645, 809.6539469989076, 820.808802210261]",awake,97.6,18.7,0,0
2023-12-31 17:00:00,82.7,"[852.1422338968591, 777.9462477044265, 824.2914500968026, 805.3347859180528, 808.9645213015975]",awake,98.5,22.8,0,0
2023-12-31 17:30:00,74.0,"[804.344304073252, 824.0878639602304, 772.3671367161536, 781.4681012151734, 852.1802999242774]",awake,98.2,23.1,0,0
2023-12-31 18:00:00,68.0,"[856.8181243970598, 836.746704797309, 827.4122657837851, 802.9305041958459, 860.9419776805315]",awake,98.0,11.3,0,0
2023-12-31 18:30:00,84.7,"[733.8819351866662, 810.0383075946667, 827.6745783415591, 869.5500388678685, 779.6801074024801]",awake,97.7,33.6,0,0
2023-12-31 19:00:00,74.5,"[843.6082683817212, 823.5296546196204, 833.5724225819238, 861.4188348210627, 844.275570368999]",awake,98.3,6.2,0,0
2023-12-31 19:30:00,80.4,"[757.4589573343197, 808.7270176816588, 826.8657996106485, 813.868051498585, 777.126980932135]",awake,97.8,19.7,0,0
2023-12-31 20:00:00,61.4,"[776.7062559815453, 824.4776936589507, 841.1038409422601, 839.6453337369958, 835.1317876298841]",awake,98.2,6.3,0,0
2023-12-31 20:30:00,91.3,"[870.5555374593022, 816.0934909731926, 923.4985642412299, 796.1889497341806, 860.3109502802073]",awake,98.4,25.3,0,0
2023-12-31 21:00:00,87.5,"[746.3258100596925, 776.9355023277311, 796.2281311075346, 800.0493399784937, 752.5817673736143]",awake,97.7,11.3,0,0
2023-12-31 21:30:00,67.5,"[765.4629845024683, 795.9889253708717, 795.0376910882771, 804.152246870342, 770.5727531058736]",awake,98.1,17.9,0,0
2023-12-31 22:00:00,68.5,"[1022.4958482937769, 1035.2296058822844, 912.9648137684277, 1007.7436528888443, 1040.311828561281]",light,95.3,4.9,480,450
2023-12-31 22:30:00,61.3,"[923.663856317895, 1007.3372873800835, 926.6564510309449, 1016.612853293539, 1000.8462892337108]",light,96.2,10.3,480,450
2023-12-31 23:00:00,62.9,"[987.6423783969598, 1021.1825193274276, 1023.03553552974, 1009.1969674075932, 923.1362171556789]",light,95.8,7.3,480,450
2023-12-31 23:30:00,62.9,"[1011.3802270236602, 908.0405250505416, 973.3580900320746, 956.5205836845769, 977.0015356123957]",light,95.8,4.4,480,450
2024-01-01 00:00:00,56.6,"[981.0517563304421, 1032.1957056868077, 975.5260336053494, 1041.2717417854547, 977.3262593040013]",deep,96.1,8.6,480,450
2024-01-01 00:30:00,56.3,"[1073.254372881013, 1055.3708736267477, 1030.5016526195418, 1033.9553273234887, 1036.8994580535357]",deep,95.7,6.1,480,450
2024-01-01 01:00:00,47.3,"[994.9861248616614, 1029.9726715080333, 922.4864884362904, 975.0728881918716, 1113.8333342737699]",deep,96.6,4.4,480,450
2024-01-01 01:30:00,62.4,"[1057.2191741251622, 1035.2410308976844, 997.6589167418741, 1101.6139362016938, 1015.2867691750359]",deep,95.5,7.1,480,450
2024-01-01 02:00:00,49.1,"[1060.1769732791538, 945.4336889287973, 980.9279947345944, 925.4066774091655, 955.2710297411268]",rem,96.1,3.1,480,450
2024-01-01 02:30:00,65.8,"[996.7965659385868, 971.2352537171507, 1025.8595200925552, 958.6773554092327, 986.3457353797721]",rem,96.8,3.7,480,450
2024-01-01 03:00:00,56.4,"[1005.7033686639315, 962.5774792939654, 975.2213398967826, 1052.4999360015688, 987.939567223108]",rem,96.8,4.3,480,450
2024-01-01 03:30:00,61.8,"[999.8175810720415, 1009.675572634972, 1038.220596960349, 992.8918366919985, 1019.1534373868585]",rem,95.1,7.5,480,450
2024-01-01 04:00:00,70.1,"[972.2878332097165, 923.1977187483815, 1034.8964111251096, 1153.5079514311055, 1044.355272821208]",light,96.2,3.3,480,450
2024-01-01 04:30:00,66.3,"[985.4891057830856, 1006.0132302485044, 1025.2082735422393, 1092.0872066881404, 990.9989770308398]",light,95.6,4.3,480,450
2024-01-01 05:00:00,72.3,"[958.6668436552422, 1015.8667285406758, 980.3465406191202, 991.0249426911217, 1004.0448202221202]",light,96.2,4.3,480,450
2024-01-01 05:30:00,66.1,"[951.4495998090171, 1062.1888329010435, 1005.8269740750734, 1028.0973646740986, 893.6352098522877]",light,96.3,6.2,480,450
2024-01-01 06:00:00,69.2,"[746.0722606690993, 822.7864050069315, 826.92837032575, 743.6075291063617, 809.3034067770819]",awake,97.6,25.1,0,0
2024-01-01 06:30:00,68.6,"[851.0601468416497, 794.2414790509309, 846.0771704497735, 796.7129135522481, 806.9802824656177]",awake,97.9,34.5,0,0
2024-01-01 07:00:00,138.5,"[411.18711975622864, 426.1254858963253, 438.7577820575559, 402.1741824969874, 432.86642445613165]",awake,98.6,77.8,0,0
2024-01-01 07:30:00,154.6,"[448.45995231061306, 424.5301963877279, 454.7612428184965, 437.4610585258163, 472.58505392872274]",awake,98.3,82.6,0,0
2024-01-01 08:00:00,137.2,"[502.425502654057, 401.1918665371329, 390.68808661824494, 437.5667204688973, 401.46505014643003]",awake,98.0,90.5,0,0
2024-01-01 08:30:00,134.6,"[416.60378822611017, 382.4262892667501, 387.33176259514994, 455.38597373876297, 456.003971430581]",awake,98.1,87.9,0,0
2024-01-01 09:00:00,87.6,"[736.4692925084072, 835.4314684340085, 861.3378645803286, 779.6549934258531, 757.5906816561862]",awake,98.6,27.7,0,0
2024-01-01 09:30:00,73.4,"[790.1537621639061, 734.7091507405537, 796.8726461689305, 785.8127911853319, 756.4890603894139]",awake,97.4,11.2,0,0
2024-01-01 10:00:00,85.6,"[781.4081030560643, 836.9644137799286, 816.8486341327927, 787.4243064500203, 795.2149022229136]",awake,98.1,28.0,0,0
2024-01-01 10:30:00,65.4,"[771.1046148337144, 835.4456776982792, 769.6883444976037, 829.5908151974884, 786.1842845378453]",awake,98.8,19.8,0,0
2024-01-01 11:00:00,86.6,"[797.5032907437048, 818.3226622049807, 836.4048817681878, 783.6937450117139, 793.9156489324347]",awake,97.5,28.2,0,0
2024-01-01 11:30:00,86.3,"[744.3701162400953, 789.2086617257676, 850.5065335367806, 748.4116874612394, 770.578320629798]",awake,97.8,23.3,0,0
2024-01-01 12:00:00,69.0,"[816.3298910799901, 765.47926691353, 760.5445201412344, 827.6870593007646, 814.7606079264972]",awake,97.8,11.1,0,0
2024-01-01 12:30:00,66.2,"[756.3045339830744, 813.204911331934, 899.378893467399, 828.0214473643754, 885.9060692260855]",awake,98.2,39.6,0,0
2024-01-01 13:00:00,80.0,"[808.2285019575976, 828.7315234967766, 732.0220979822535, 815.0326296003639, 884.2291394530846]",awake,98.3,16.5,0,0
2024-01-01 13:30:00,62.7,"[775.3204792809275, 760.6442516559723, 817.5796634359832, 773.9444500171188, 853.0472908087119]",awake,98.5,36.6,0,0
2024-01-01 14:00:00,74.5,"[790.0536723253895, 779.6783840411393, 781.0854049551931, 731.4281397713681, 792.6263036449714]",awake,97.8,14.1,0,0
2024-01-01 14:30:00,80.1,"[746.3520960499603, 836.0760629303562, 828.3410426802233, 802.9133991251866, 809.5895633169188]",awake,98.5,10.5,0,0
2024-01-01 15:00:00,67.6,"[758.7455885090249, 749.4448423959154, 767.6975843265222, 847.3905622921351, 841.2042756422125]",awake,97.5,17.5,0,0
2024-01-01 15:30:00,48.7,"[826.6916592686528, 756.7143372732326, 846.7573644359619, 750.7594361224632, 809.6633066814518]",awake,98.2,23.8,0,0
2024-01-01 16:00:00,67.6,"[787.9540212406562, 825.608486016386, 808.86549976613, 825.0959555277219, 806.778933679184]",awake,98.1,18.4,0,0
2024-01-01 16:30:00,82.5,"[809.7920136792034, 872.9154969555037, 802.7251937419542, 796.4338192530163, 798.8906773667787]",awake,98.1,2.3,0,0
2024-01-01 17:00:00,90.9,"[766.9770904321024, 756.1746682076364, 783.4294092914545, 801.0228662943557, 777.6388898038651]",awake,97.6,18.8,0,0
2024-01-01 17:30:00,84.1,"[785.3174942836782, 772.8384574579201, 816.1238743953729, 836.2356097675664, 761.6619206416729]",awake,98.6,24.0,0,0
2024-01-01 18:00:00,67.5,"[793.2172491479463, 784.3177907557907, 799.9978744924659, 844.5242401661965, 872.2240866647226]",awake,97.7,23.7,0,0
2024-01-01 18:30:00,63.3,"[810.660764639521, 808.7764966681688, 843.7820757010866, 816.0948898774154, 761.1699939291988]",awake,97.3,23.6,0,0
2024-01-01 19:00:00,80.9,"[762.9954339458726, 809.2459129926584, 801.7117394140209, 849.5398248786968, 812.0400409212948]",awake,98.9,9.4,0,0
2024-01-01 19:30:00,84.8,"[868.2657943116798, 802.6327942721686, 771.4711319597941, 796.7432472391995, 868.6677386022442]",awake,97.4,40.9,0,0
2024-01-01 20:00:00,72.2,"[756.8974835000703, 786.296598922032, 829.3155159738376, 815.3150993371911, 845.6031945117888]",awake,97.9,11.6,0,0
2024-01-01 20:30:00,83.7,"[814.5825133954542, 779.4841257848727, 767.563152989607, 704.0367070451648, 767.8028110731591]",awake,98.8,37.0,0,0
2024-01-01 21:00:00,71.3,"[800.0262456770852, 794.686546734211, 801.5486078394979, 832.2029984866001, 759.3399272252523]",awake,97.9,5.8,0,0
2024-01-01 21:30:00,71.2,"[813.1421568517948, 816.3421999906583, 863.0639847461078, 785.7933878294614, 832.6265021682316]",awake,96.9,6.5,0,0
2024-01-01 22:00:00,70.0,"[1029.4536143569192, 902.2388307818585, 1034.8100356391421, 967.1700437764615, 933.0711276609086]",light,97.3,2.3,480,450
2024-01-01 22:30:00,61.4,"[945.2443932774369, 910.999397138749, 973.3591583718883, 964.1860890508083, 977.4119337640908]",light,95.0,3.1,480,450
2024-01-01 23:00:00,67.0,"[1072.1125351721203, 1095.3903443459112, 972.7310455702928, 1040.012936916306, 998.034457992536]",light,95.3,6.7,480,450
2024-01-01 23:30:00,60.5,"[978.5491128597658, 982.4218105887768, 973.6201666636811, 994.3434333240922, 1008.3339355975478]",light,96.1,2.4,480,450
2024-01-02 00:00:00,67.7,"[1027.9757110906453, 1090.603510300532, 953.4826710729112, 1063.5163762538239, 970.9742541811138]",deep,95.8,6.6,480,450
2024-01-02 00:30:00,60.6,"[997.7159078227941, 953.4614905552061, 1098.5346234230713, 911.5644058683622, 1026.6275095798612]",deep,95.5,5.4,480,450
2024-01-02 01:00:00,50.2,"[1002.4182617750711, 966.7099920447225, 949.7771477393633, 1001.1397232759979, 953.8593291697646]",deep,96.5,3.6,480,450
2024-01-02 01:30:00,54.0,"[1002.9494088830403, 997.868958445853, 1067.7450161198437, 1009.0020153448265, 1040.9600134043842]",deep,96.2,5.4,480,450
2024-01-02 02:00:00,67.3,"[1004.0703410797516, 958.3486397221786, 966.7299354375834, 1060.6756487468751, 999.6599455209764]",rem,95.1,5.5,480,450
2024-01-02 02:30:00,60.6,"[1063.4503088113668, 1012.881302744094, 921.665460569972, 987.1554524097111, 968.3288284130452]",rem,95.6,3.9,480,450
2024-01-02 03:00:00,61.8,"[991.5344131295719, 909.5046499545169, 1077.464285631803, 999.9234882967077, 999.910889119207]",rem,96.6,6.6,480,450
2024-01-02 03:30:00,53.9,"[866.2579447636912, 993.1155828154633, 1095.7366018449034, 971.4341257337984, 919.1762097777686]",rem,95.8,4.0,480,450
2024-01-02 04:00:00,59.4,"[1072.3181855647697, 1005.1441775298547, 1039.8237743127736, 986.9013712006301, 1052.426566902874]",light,96.2,6.2,480,450
2024-01-02 04:30:00,56.6,"[987.9688570961554, 1034.8804435458542, 1059.3836406434173, 974.3234008293077, 855.1217211688813]",light,96.8,8.0,480,450
2024-01-02 05:00:00,58.1,"[1019.1248165891398, 868.8384264019093, 1026.4964530504978, 991.9621883065207, 1020.6271303953846]",light,95.7,6.4,480,450
2024-01-02 05:30:00,68.4,"[988.4958870043389, 974.4933172923974, 1003.9174113626351, 979.1218075084905, 1027.8944496165668]",light,96.4,2.2,480,450
2024-01-02 06:00:00,92.1,"[839.5155067632008, 755.2339635705032, 775.9587717675028, 851.6965512448523, 879.4135414315043]",awake,97.3,0.0,0,0
2024-01-02 06:30:00,69.8,"[823.9382717204421, 766.7792360432717, 787.3426402744411, 770.5294242502163, 852.3911586761116]",awake,97.8,15.7,0,0
2024-01-02 07:00:00,123.2,"[472.303782278084, 451.33286226042173, 391.52457145578285, 454.7645796796096, 455.72939934169153]",awake,98.2,85.3,0,0
2024-01-02 07:30:00,143.7,"[407.13801991285095, 434.8059137838629, 442.3523438479476, 460.28216980966073, 436.2573988862888]",awake,98.5,84.4,0,0
2024-01-02 08:00:00,139.2,"[417.4830631544869, 388.8222973983314, 419.1205675907371, 432.2866684349499, 405.85217455916313]",awake,98.4,84.6,0,0
2024-01-02 08:30:00,144.7,"[465.221442321483, 488.6652154566875, 438.5054491956058, 393.15371342551026, 454.9122525758516]",awake,98.0,81.2,0,0
2024-01-02 09:00:00,82.1,"[836.4898577888495, 796.4635856048756, 819.11957919113, 756.9456808601158, 796.9138541989754]",awake,97.9,29.5,0,0
2024-01-02 09:30:00,85.0,"[778.6886319806947, 776.7626772347269, 859.054308324542, 806.65239192737, 855.415275275239]",awake,98.4,21.1,0,0
2024-01-02 10:00:00,79.1,"[822.8108952108723, 869.6941616248947, 789.5812610574923, 815.0553824782962, 795.505511198158]",awake,98.6,15.6,0,0
2024-01-02 10:30:00,85.1,"[798.1217504721288, 823.5913760512914, 840.6940942244946, 860.1767120587604, 880.5097289100896]",awake,97.9,23.9,0,0
2024-01-02 11:00:00,77.2,"[781.7358911077292, 822.917095397448, 719.0571414016487, 878.9649762651896, 798.4747096812187]",awake,98.2,36.9,0,0
2024-01-02 11:30:00,68.8,"[820.5423572131492, 844.5067341809378, 825.5687989304733, 758.9331968364572, 787.7621575813588]",awake,97.4,7.0,0,0
2024-01-02 12:00:00,74.0,"[898.5663240892966, 773.0611875334425, 831.8409004333587, 784.4042970105505, 786.9191006284167]",awake,97.8,12.5,0,0
2024-01-02 12:30:00,56.9,"[756.5825564491631, 769.0644733101136, 778.4572437287143, 850.5533751537781, 815.9074654161918]",awake,97.8,3.3,0,0
2024-01-02 13:00:00,85.4,"[813.9678799290313, 762.327739760136, 832.106546280723, 796.0341449782064, 799.0660951134062]",awake,97.7,24.3,0,0
2024-01-02 13:30:00,80.6,"[700.4691241486125, 771.076036150054, 805.2863978213937, 848.5345065329949, 764.3400392559724]",awake,98.4,8.3,0,0
2024-01-02 14:00:00,81.1,"[754.2972513054686, 829.8545008769834, 849.87970274915, 790.497636306722, 817.743698171208]",awake,97.6,5.6,0,0
2024-01-02 14:30:00,80.5,"[814.6395020172905, 768.7285142298158, 816.749336153361, 827.5892818821418, 773.6213364387049]",awake,97.5,8.8,0,0
2024-01-02 15:00:00,79.7,"[854.2441514007498, 764.6822341567246, 829.55199495372, 857.4425548509798, 823.4277577642173]",awake,98.0,13.4,0,0
2024-01-02 15:30:00,74.3,"[830.3671745052029, 742.9116161960359, 788.7898386177122, 755.285514143547, 743.8717701431768]",awake,97.6,16.7,0,0
2024-01-02 16:00:00,68.7,"[828.2422110707937, 764.4477991387937, 793.207066029378, 785.7148124791512, 782.788636601058]",awake,97.9,27.8,0,0
2024-01-02 16:30:00,71.5,"[829.0093948565095, 806.132026709423, 797.0768544118326, 831.1481738795999, 832.1953393357476]",awake,96.9,19.0,0,0
2024-01-02 17:00:00,62.5,"[792.4863375165514, 769.4944402594098, 833.0676239100029, 733.8450561844542, 873.0747883281001]",awake,98.7,14.8,0,0
2024-01-02 17:30:00,68.6,"[846.284193633181, 845.5588435322275, 743.0496896149168, 725.9818341784847, 813.9903407032888]",awake,97.2,0.0,0,0
2024-01-02 18:00:00,80.6,"[770.0669374593692, 868.1243474811129, 799.1103908560825, 831.3858683735615, 773.0663652367871]",awake,98.3,26.6,0,0
2024-01-02 18:30:00,93.6,"[773.7557502259956, 837.8043476509187, 779.9454466699696, 782.0435549027359, 762.9943739595617]",awake,98.0,7.9,0,0
2024-01-02 19:00:00,85.2,"[760.9534920137133, 801.004817639649, 855.0372915899936, 860.6829218011798, 829.7997110750016]",awake,98.4,29.6,0,0
2024-01-02 19:30:00,80.9,"[793.5714397958883, 871.0547187156357, 794.4059183874691, 906.6279287091061, 767.685896678066]",awake,99.0,26.1,0,0
2024-01-02 20:00:00,82.6,"[848.1235940038337, 799.1476152071385, 775.3674850271415, 727.3856955424707, 811.7615480019741]",awake,97.7,27.3,0,0
2024-01-02 20:30:00,67.0,"[843.7866466792387, 759.7447278991119, 870.062846746274, 764.8835761386408, 799.6326034109047]",awake,98.7,15.5,0,0
2024-01-02 21:00:00,89.8,"[753.1790766245742, 748.8806837665207, 833.8332875079268, 807.735669139181, 771.494789003812]",awake,98.0,25.1,0,0
2024-01-02 21:30:00,71.3,"[808.2029525720683, 781.3497330097089, 834.7079009929399, 813.3521626263984, 802.5428516512164]",awake,98.6,16.3,0,0
2024-01-02 22:00:00,65.5,"[999.7800045427388, 914.1581434238533, 964.966009629195, 987.6015841120634, 938.7976151315372]",light,96.2,7.2,480,450
2024-01-02 22:30:00,75.7,"[1012.5956926305824, 1024.2690491573287, 1031.1670403981948, 967.4962836857699, 944.7777388099742]",light,95.1,9.1,480,450
2024-01-02 23:00:00,51.4,"[935.8941996132486, 937.3830119820631, 1055.508060557009, 988.1921313720806, 1102.7500827477586]",light,94.9,10.6,480,450
2024-01-02 23:30:00,56.2,"[1068.782188903442, 943.6986422968563, 1012.0240920651556, 920.0151472115268, 919.4711144730237]",light,95.8,5.2,480,450
2024-01-03 00:00:00,59.6,"[962.0755958438428, 927.4315824645346, 1053.6682522508013, 990.0271601732337, 970.6339149560113]",deep,96.5,6.8,480,450
2024-01-03 00:30:00,56.7,"[967.6265534720142, 1106.2449094366093, 1020.5165710881153, 976.0609910165646, 1038.4999884158913]",deep,95.4,2.2,480,450
2024-01-03 01:00:00,58.3,"[1087.157443900791, 952.9969416684048, 959.0486897281676, 966.1567028711107, 983.9502810379115]",deep,96.4,3.8,480,450
2024-01-03 01:30:00,62.0,"[1022.728143680681, 927.0649245054815, 974.3223179707454, 985.2603963697626, 1061.1548949647965]",deep,96.5,4.6,480,450
2024-01-03 02:00:00,65.4,"[1010.485342474204, 1074.9807126161793, 1052.8109715559174, 1122.4440832502055, 1010.1426910887853]",rem,96.6,6.8,480,450
2024-01-03 02:30:00,65.4,"[1032.7305958389607, 1003.4780530293006, 1020.9639493827937, 977.3711511712255, 911.7144132751529]",rem,95.0,6.7,480,450
2024-01-03 03:00:00,63.9,"[1024.0615712623535, 1005.4489943110088, 1099.5063000367174, 1068.3988452980632, 997.2564802525353]",rem,96.2,3.5,480,450
2024-01-03 03:30:00,62.8,"[1030.4224763086095, 1057.1011402084894, 1032.7898782614338, 1032.426906681999, 955.3742991515786]",rem,95.8,3.7,480,450
2024-01-03 04:00:00,59.3,"[995.4709572252962, 1029.371842232353, 980.7537011174941, 998.6162299252669, 1083.1927751913713]",light,95.7,4.5,480,450
2024-01-03 04:30:00,50.6,"[1009.8051523998924, 1019.5723678802765, 1034.1777029285797, 1040.2145327874955, 951.7631423403766]",light,95.2,2.3,480,450
2024-01-03 05:00:00,66.0,"[1063.4171160023586, 1054.6135303100575, 953.9526988397388, 947.7603334646411, 1048.632649287226]",light,96.0,8.0,480,450
2024-01-03 05:30:00,70.1,"[1061.8241253261324, 916.8378071478943, 981.0582152389165, 984.7821178659607, 997.9610312350575]",light,96.1,6.7,480,450
2024-01-03 06:00:00,77.7,"[773.1052213405121, 738.6545721792605, 765.9180206900667, 842.5402254830675, 836.2457193109161]",awake,97.1,11.7,0,0
2024-01-03 06:30:00,81.9,"[757.6354535745921, 820.6585661059297, 698.7272807267865, 750.845259137493, 754.7839198085736]",awake,97.9,23.0,0,0
2024-01-03 07:00:00,129.9,"[420.54215560074437, 435.4622497332406, 461.3397867958593, 447.38293081802505, 444.86460309358677]",awake,98.2,87.1,0,0
2024-01-03 07:30:00,133.6,"[402.63969763730177, 465.94407508633043, 357.26097514777257, 475.4845207049399, 447.88821967651205]",awake,97.9,86.2,0,0
2024-01-03 08:00:00,143.9,"[426.29479747102266, 444.46313530219095, 402.6677931786521, 367.4091156278388, 444.2880863954336]",awake,97.4,94.5,0,0
2024-01-03 08:30:00,144.6,"[403.5633269436601, 416.5242189608999, 443.1529982589611, 444.57615044511357, 410.6214410162706]",awake,97.6,89.0,0,0
2024-01-03 09:00:00,78.6,"[797.6369277591707, 862.6814087883429, 792.5555688541888, 791.9258042309626, 742.1103898453979]",awake,97.6,13.3,0,0
2024-01-03 09:30:00,71.1,"[811.8930618872923, 797.5934313648783, 836.5529090716994, 861.4186583635841, 882.9476196738688]",awake,98.0,18.1,0,0
2024-01-03 10:00:00,81.8,"[774.0748495088485, 861.4362424409738, 773.7145299435031, 743.7690369021157, 821.1870705807826]",awake,98.2,16.6,0,0
2024-01-03 10:30:00,77.2,"[786.1673020761081, 789.5033139165135, 820.9080030329084, 851.2455144816937, 846.7830399272453]",awake,98.1,30.6,0,0
2024-01-03 11:00:00,58.8,"[787.7101745875071, 804.8705690146296, 746.1116841344598, 766.2710000663834, 828.1525431265339]",awake,98.7,37.4,0,0
2024-01-03 11:30:00,67.7,"[820.242236610676, 767.9099605318471, 769.0001307465295, 787.972900859031, 805.8767140342318]",awake,97.9,21.6,0,0
2024-01-03 12:00:00,59.0,"[800.3441983508509, 812.267812919815, 898.4962074575833, 777.1732482060429, 813.0431975860542]",awake,97.7,16.9,0,0
2024-01-03 12:30:00,74.5,"[761.1434651342656, 806.637076652608, 848.5818953229615, 813.6662800304198, 749.100508457502]",awake,98.6,5.9,0,0
2024-01-03 13:00:00,75.8,"[776.4815456362634, 760.4537166070472, 763.3404156771612, 724.5185677829714, 831.7803269741]",awake,98.1,0.0,0,0
2024-01-03 13:30:00,91.3,"[790.983843427703, 760.1563763481672, 885.7826239422669, 833.4044097444737, 787.0673609571038]",awake,97.9,10.2,0,0
2024-01-03 14:00:00,77.1,"[835.2278964396631, 839.8259502592056, 803.3389225086137, 751.7023120958738, 744.7983808966386]",awake,97.6,4.1,0,0
2024-01-03 14:30:00,70.4,"[790.2665479970902, 761.2018612442373, 734.268204190041, 719.0912569220905, 808.8569405759391]",awake,98.3,22.1,0,0
2024-01-03 15:00:00,98.1,"[755.7465779929248, 762.378018583978, 748.0957054046848, 838.369636095553, 776.4169727089992]",awake,98.4,10.1,0,0
2024-01-03 15:30:00,72.3,"[870.2690097380862, 833.6454214581723, 776.7315571119894, 748.6412989217822, 760.0401211443626]",awake,98.3,42.1,0,0
2024-01-03 16:00:00,71.4,"[889.8547717289844, 813.5613702148222, 849.3616007488661, 811.8413253016831, 813.6435332346286]",awake,98.2,34.4,0,0
2024-01-03 16:30:00,77.2,"[813.7240027487521, 739.0271025406428, 850.0916890693665, 686.1425488494632, 820.8962173558383]",awake,98.1,22.6,0,0
2024-01-03 17:00:00,77.9,"[806.4063235737456, 805.700006732298, 787.9284798678194, 814.325546069826, 797.8175611159438]",awake,99.0,32.2,0,0
2024-01-03 17:30:00,77.2,"[852.5568544729773, 882.6476979093361, 817.0416706193392, 846.3116324276515, 770.530873702563]",awake,98.6,3.2,0,0
2024-01-03 18:00:00,79.6,"[762.0444407981905, 832.7435522672845, 799.1938893914846, 851.9704694496693, 714.44526518172]",awake,98.5,14.1,0,0
2024-01-03 18:30:00,92.8,"[803.5584757226949, 806.2973639115866, 790.1993642003989, 780.1765860108394, 896.8533264885217]",awake,98.0,7.2,0,0
2024-01-03 19:00:00,73.6,"[881.1210434827909, 719.1874691574894, 845.603737776067, 764.9313251313441, 796.7004590440657]",awake,98.1,10.8,0,0
2024-01-03 19:30:00,71.0,"[835.3879638872752, 820.9932880152613, 865.3462760551371, 778.1019916542699, 811.0295233228871]",awake,97.7,17.6,0,0
2024-01-03 20:00:00,85.3,"[798.5777874289408, 802.4027445400739, 899.2860455655289, 812.4178831743468, 789.5723966994223]",awake,98.3,13.8,0,0
2024-01-03 20:30:00,70.0,"[785.4068285730277, 782.4180786892026, 811.5286693324001, 793.4647910044914, 788.0358759359098]",awake,98.3,27.9,0,0
2024-01-03 21:00:00,77.1,"[769.28471702636, 848.2036311622932, 683.9788177562635, 816.2870678740926, 824.1340280074575]",awake,97.0,42.4,0,0
2024-01-03 21:30:00,86.8,"[836.8635957760638, 851.8175818505877, 763.185638642064, 839.9451243516659, 823.1451232844208]",awake,98.1,24.0,0,0
2024-01-03 22:00:00,66.2,"[994.2960350051638, 886.5909861732262, 1004.0296317079623, 1050.9913611258312, 1037.3914141196615]",light,95.8,4.1,480,450
2024-01-03 22:30:00,56.5,"[1044.403569930806, 936.8167056044267, 1002.9981667657587, 962.7398119168588, 1017.7922921374554]",light,95.5,2.5,480,450
2024-01-03 23:00:00,56.6,"[1007.7372433002258, 996.4664373123964, 1046.5438519373615, 999.7492440309347, 1025.729023867761]",light,95.6,3.4,480,450
2024-01-03 23:30:00,54.9,"[1020.6485077346232, 969.6827841137914, 991.3990293850628, 963.7101560527049, 999.0978727105703]",light,95.7,5.6,480,450
2024-01-04 00:00:00,55.3,"[1047.6071773247036, 1016.1717943007404, 1032.341346250836, 985.9786014781859, 985.6634739728935]",deep,95.2,3.5,480,450
2024-01-04 00:30:00,51.9,"[953.8830261559561, 1092.2235086796875, 1004.9040609878447, 1032.1668360667281, 963.6409979881057]",deep,95.8,4.8,480,450
2024-01-04 01:00:00,56.4,"[876.1602109741699, 989.3803471139713, 989.6876055287769, 947.3946353451894, 1015.9007007196848]",deep,96.0,5.7,480,450
2024-01-04 01:30:00,64.6,"[984.688567272386, 979.7654857860915, 982.214312878601, 1005.0712325129407, 974.3497328532658]",deep,95.6,4.5,480,450
2024-01-04 02:00:00,65.8,"[1008.8544265944062, 1009.8498495773166, 1007.6380571916565, 939.900097428369, 1036.6253931384058]",rem,96.3,6.6,480,450
2024-01-04 02:30:00,56.9,"[898.2664275597103, 994.5401183146123, 894.0467802054791, 1093.5030906259217, 997.0398435905653]",rem,96.9,5.5,480,450
2024-01-04 03:00:00,54.5,"[986.2386818373657, 1010.1784208843613, 978.4593042796894, 1085.1845482473295, 1025.3487274550753]",rem,95.8,4.1,480,450
2024-01-04 03:30:00,60.6,"[993.953908925424, 1063.8655004795282, 992.6046088649526, 1011.3884696425163, 970.8365577895802]",rem,96.5,7.7,480,450
2024-01-04 04:00:00,55.6,"[963.6007435021368, 948.8145335481498, 1006.5506967195486, 945.2666596995213, 1069.2670042206048]",light,96.6,3.7,480,450
2024-01-04 04:30:00,51.0,"[966.6799334115722, 1014.2816691267328, 1013.9683848979889, 933.9179690389199, 990.2383322749797]",light,96.2,7.3,480,450
2024-01-04 05:00:00,63.4,"[1040.596805131898, 1059.3366164703032, 974.5180969743652, 1049.7691220579109, 967.1056839938295]",light,96.2,5.7,480,450
2024-01-04 05:30:00,55.1,"[1102.5701859576018, 1013.0791001031512, 1026.0699518634142, 1019.8543932375092, 1017.3512016592501]",light,95.9,2.2,480,450
2024-01-04 06:00:00,69.4,"[829.8459231291343, 836.3713159242127, 747.3080883816662, 775.7833632207552, 719.4779358896874]",awake,98.1,15.4,0,0
2024-01-04 06:30:00,67.1,"[720.2358434205127, 836.8138950313956, 802.3033291100026, 795.7833655344496, 770.910132769377]",awake,98.0,12.5,0,0
2024-01-04 07:00:00,148.6,"[434.90735639463855, 427.704955154199, 443.3873197593605, 444.0316420992343, 414.56221202115944]",awake,98.3,86.6,0,0
2024-01-04 07:30:00,128.0,"[449.7143389970181, 448.5195573312821, 419.00759818127034, 446.5589674368841, 418.4114594396996]",awake,97.8,76.3,0,0
2024-01-04 08:00:00,137.9,"[429.18639322803165, 437.50133668936735, 408.08014852188364, 450.36157992763714, 437.5631453224988]",awake,98.0,82.5,0,0
2024-01-04 08:30:00,143.0,"[405.7881338846343, 462.4873703488331, 415.0314909190892, 409.906454882004, 428.06736927530704]",awake,97.5,82.3,0,0
2024-01-04 09:00:00,70.6,"[819.716818615054, 827.3127385051596, 815.4124950908407, 724.3363369781516, 779.4677507635639]",awake,98.0,21.7,0,0
2024-01-04 09:30:00,72.9,"[815.4899523265751, 850.4277472740058, 759.824825007047, 776.1969587517394, 821.5751460655324]",awake,97.5,15.5,0,0
2024-01-04 10:00:00,81.6,"[742.8461797616175, 804.3141619780719, 794.7139896269035, 831.8366393815644, 742.9377608388465]",awake,98.0,30.1,0,0
2024-01-04 10:30:00,65.5,"[827.2671057117032, 816.7347126007578, 793.4437061287483, 834.0477062404791, 816.3453533183666]",awake,97.0,31.6,0,0
2024-01-04 11:00:00,87.3,"[768.9604619025126, 791.2246156924598, 867.4829153583781, 784.7111719631298, 790.373048147881]",awake,98.6,6.0,0,0
2024-01-04 11:30:00,69.9,"[801.7002032713156, 796.1689260075167, 844.2769410661356, 852.7109581702626, 759.022246963997]",awake,97.4,11.5,0,0
2024-01-04 12:00:00,87.7,"[802.0176117270701, 752.9939261997873, 776.7969074827597, 829.9362194170491, 825.8611480753976]",awake,98.7,12.8,0,0
2024-01-04 12:30:00,62.3,"[784.9212848815215, 812.4998659716373, 753.9706515480477, 797.0803057441103, 785.9400049868417]",awake,98.1,19.0,0,0
2024-01-04 13:00:00,57.1,"[768.9419991080335, 849.865338788566, 797.1208107744234, 830.9541628310379, 868.2350374355038]",awake,98.4,33.2,0,0
2024-01-04 13:30:00,72.0,"[777.5303679866751, 818.9030064000481, 804.4593660578436, 770.8285523373853, 714.7255463828682]",awake,98.5,17.1,0,0
2024-01-04 14:00:00,74.0,"[782.96875039981, 780.9688072605265, 756.3067159120911, 778.6961261021019, 793.6044313010834]",awake,98.1,25.4,0,0
2024-01-04 14:30:00,78.0,"[838.033740910477, 864.5367230788713, 836.5410358665342, 791.3783946268446, 793.6051467605844]",awake,97.3,25.5,0,0
2024-01-04 15:00:00,71.1,"[756.8040897499621, 740.2497305501545, 914.1361754948991, 821.1093380870589, 805.1968268543791]",awake,98.0,18.3,0,0
2024-01-04 15:30:00,75.4,"[807.2288896247126, 813.5548209510104, 717.2344237737061, 703.9057540649223, 742.1737946079254]",awake,98.4,15.4,0,0
2024-01-04 16:00:00,73.5,"[821.8768114256118, 814.1988609193069, 773.882930360861, 801.5924067764637, 803.453695577662]",awake,98.5,27.1,0,0
2024-01-04 16:30:00,72.1,"[731.6810322593, 807.6373777737579, 829.9601057902378, 813.86043642747, 740.0043778227983]",awake,98.4,14.2,0,0
2024-01-04 17:00:00,81.9,"[813.390335402936, 813.9113524247466, 779.7553302346488, 837.3308836074248, 884.331386940272]",awake,97.7,32.9,0,0
2024-01-04 17:30:00,81.8,"[809.2534900246302, 799.736766260533, 744.2714597260712, 804.5324705421327, 801.3906623165994]",awake,98.1,15.8,0,0
2024-01-04 18:00:00,71.2,"[787.2712839840497, 805.597909175751, 817.5018636410327, 833.4851030985936, 847.4321155507685]",awake,97.9,0.0,0,0
2024-01-04 18:30:00,81.9,"[788.4852446439303, 771.6600518736277, 730.4253589730931, 822.0846147576326, 776.6396583353538]",awake,98.1,14.9,0,0
2024-01-04 19:00:00,73.6,"[799.8619381558261, 773.6000349696171, 804.5791243370434, 787.0431252368409, 779.3964193936044]",awake,98.1,40.6,0,0
2024-01-04 19:30:00,69.7,"[786.7031872754762, 849.826198873209, 825.4614260387716, 838.7186677953557, 854.2064402979538]",awake,98.0,24.6,0,0
2024-01-04 20:00:00,73.7,"[731.3587050498608, 761.516480217163, 803.158784112252, 875.8636918309255, 820.1835642203641]",awake,98.3,16.8,0,0
2024-01-04 20:30:00,80.3,"[749.9834775620667, 878.330320245312, 802.2135218215203, 808.0260436563685, 858.2869458887455]",awake,98.0,25.3,0,0
2024-01-04 21:00:00,83.9,"[823.8872127724694, 848.7911036432931, 819.2769086959436, 797.0729231975147, 819.9740251836274]",awake,97.8,37.7,0,0
2024-01-04 21:30:00,76.5,"[840.2108815623016, 722.497608092171, 797.5391442752685, 819.2004509518722, 777.3049524478201]",awake,97.8,24.8,0,0
2024-01-04 22:00:00,58.6,"[992.248914803229, 966.3483557044495, 968.4750165102679, 1012.3357071890059, 1036.316399224372]",light,95.9,7.2,480,450
2024-01-04 22:30:00,59.3,"[1067.2413983443262, 1039.8075960798835, 941.0253150702372, 1106.1798958943364, 1033.5586603492645]",light,95.3,8.2,480,450
2024-01-04 23:00:00,59.1,"[1039.7576334555235, 1073.0441314105756, 952.6725224793605, 963.4989999042647, 1058.285493491779]",light,95.8,6.7,480,450
2024-01-04 23:30:00,58.1,"[1028.2296363417447, 1017.7381537458406, 962.8408348579155, 928.8977834001497, 978.2026071887186]",light,95.8,5.4,480,450
2024-01-05 00:00:00,60.3,"[1051.1269845830586, 993.9227002487772, 1075.2649645827817, 1026.5209035330417, 1050.0368973124332]",deep,96.8,5.7,480,450
2024-01-05 00:30:00,54.1,"[1044.2958101779004, 1048.619682835821, 1021.6212785124424, 873.7635646923234, 1007.8298320145366]",deep,96.1,3.9,480,450
2024-01-05 01:00:00,64.3,"[985.3476652897695, 1053.9789406678453, 1034.0575651473569, 1066.7796998547842, 972.2972239148057]",deep,96.5,7.4,480,450
2024-01-05 01:30:00,59.5,"[981.1686642762261, 933.1153890694015, 1008.9506386747174, 992.3665372645218, 1027.2873735655287]",deep,96.0,0.0,480,450
2024-01-05 02:00:00,64.7,"[993.6933013954906, 1009.2984329725887, 1007.643265467072, 997.7804747573113, 1032.4473920295318]",rem,95.7,9.7,480,450
2024-01-05 02:30:00,67.9,"[984.5490314043532, 1018.3469103435672, 1038.7602745133786, 1031.2764980713118, 1021.7687819423271]",rem,95.6,3.9,480,450
2024-01-05 03:00:00,65.8,"[1017.7622576832305, 1069.0251126597568, 1023.7087135901235, 956.7887995179985, 936.7731869675723]",rem,94.7,7.7,480,450
2024-01-05 03:30:00,70.1,"[1007.4410702614646, 1001.740034372717, 938.4335499919213, 888.6933228377281, 1004.5529359566202]",rem,95.7,5.7,480,450
2024-01-05 04:00:00,60.7,"[989.7981824775727, 1021.4095985203393, 997.7632017449421, 937.8727462859207, 1024.505558273244]",light,95.6,5.3,480,450
2024-01-05 04:30:00,63.4,"[943.0696557213631, 1008.6866225206404, 1062.389154053277, 902.6459199522637, 991.2132537534669]",light,96.0,5.1,480,450
2024-01-05 05:00:00,68.4,"[997.1263502265376, 1010.8512318928636, 1003.8153969466307, 1018.1095721349463, 1019.5271776838713]",light,95.4,1.7,480,450
2024-01-05 05:30:00,57.8,"[1004.448900576282, 1093.8002588098093, 998.0873730086192, 1025.5508467851998, 995.3047266779502]",light,96.6,6.6,480,450
2024-01-05 06:00:00,74.5,"[847.6783835493897, 794.2266629881306, 815.2156521978777, 787.4939283821799, 814.0470905292583]",awake,97.3,24.5,0,0
2024-01-05 06:30:00,79.0,"[748.480708148719, 799.4175607919925, 797.8049946133543, 815.59357759237, 747.990676853502]",awake,97.8,9.7,0,0
2024-01-05 07:00:00,160.9,"[466.53868790495, 454.1723297534604, 449.7791471762, 410.60929705896086, 437.9854357137954]",awake,97.2,85.5,0,0
2024-01-05 07:30:00,139.7,"[424.4073519628496, 437.1161857629579, 401.64819198640544, 435.9575241995502, 380.4010747979667]",awake,97.3,81.6,0,0
2024-01-05 08:00:00,153.8,"[417.36617501378214, 394.0862741448648, 435.8020936012648, 423.2605857896333, 482.984085821118]",awake,98.0,88.7,0,0
2024-01-05 08:30:00,140.3,"[421.20869575327623, 427.5710444252536, 406.43988441739975, 396.70770623129334, 441.7791137457885]",awake,98.2,77.2,0,0
2024-01-05 09:00:00,78.5,"[846.0041905804609, 719.3129169296309, 841.087707257054, 911.0187700221861, 812.641155598106]",awake,97.6,21.0,0,0
2024-01-05 09:30:00,71.8,"[828.8800838493149, 857.1494483257604, 795.0454360885116, 758.6208095787821, 804.0030947864232]",awake,97.5,24.0,0,0
2024-01-05 10:00:00,81.6,"[755.5582851371694, 809.5452699865277, 840.4527954851137, 804.5177335750307, 817.336549348533]",awake,98.5,30.3,0,0
2024-01-05 10:30:00,78.4,"[774.747704737247, 798.7322614856969, 803.7420844066437, 824.6720026204748, 790.9877644294642]",awake,98.4,13.6,0,0
2024-01-05 11:00:00,62.6,"[747.2179066828872, 795.3823082387205, 860.645638164551, 772.2692790798661, 790.1210446107591]",awake,97.5,13.3,0,0
2024-01-05 11:30:00,77.9,"[800.3910568702521, 728.2627538190795, 753.7181971965083, 867.5779721292647, 861.475790843598]",awake,97.6,36.4,0,0
2024-01-05 12:00:00,72.8,"[752.8522226356865, 860.0105133984301, 809.0808846452162, 782.7748634072078, 763.0758399459909]",awake,98.1,17.4,0,0
2024-01-05 12:30:00,70.0,"[810.1724470115815, 834.410230088186, 827.0234714724128, 890.9765138287124, 720.5675068195299]",awake,97.9,26.3,0,0
2024-01-05 13:00:00,68.6,"[753.2940705442003, 820.7986818827651, 839.1189923382378, 743.8245415762292, 835.7937555079869]",awake,97.2,18.9,0,0
2024-01-05 13:30:00,72.3,"[805.0424372108853, 856.3737220890257, 797.251349716218, 828.5881948256372, 768.6086201718484]",awake,97.7,19.6,0,0
2024-01-05 14:00:00,81.1,"[787.2202342712352, 806.2850605804006, 789.615444437142, 757.8636076517519, 746.200837268511]",awake,98.4,19.1,0,0
2024-01-05 14:30:00,71.5,"[782.8941280203961, 844.2243119792257, 764.0790161681757, 751.2497812570482, 801.7172649276946]",awake,98.5,24.2,0,0
2024-01-05 15:00:00,66.7,"[769.0732732293693, 807.1037398578835, 750.8447464338353, 828.183682041446, 836.5839742342142]",awake,98.0,18.9,0,0
2024-01-05 15:30:00,72.1,"[858.3021575179635, 849.0579102174092, 811.5402902575515, 818.7861952187752, 749.7631299581448]",awake,98.6,17.2,0,0
2024-01-05 16:00:00,74.4,"[849.3702439909815, 813.1660597160928, 815.9295572164499, 745.9921197449875, 768.0796414791565]",awake,99.0,32.8,0,0
2024-01-05 16:30:00,78.3,"[781.7032330880601, 804.4055108545514, 856.8968202917085, 745.2566399146898, 814.4314859841799]",awake,98.3,21.8,0,0
2024-01-05 17:00:00,88.2,"[772.4057466938935, 864.2164884505897, 843.5675078439293, 784.5827497648189, 733.0262674579958]",awake,98.5,9.8,0,0
2024-01-05 17:30:00,82.2,"[779.4196857278928, 785.0818425586074, 789.5202515435785, 780.2880008046171, 819.4752016736408]",awake,97.5,11.0,0,0
2024-01-05 18:00:00,66.0,"[833.8052061282883, 761.2374154113572, 769.5684189943079, 823.4175933678376, 712.2979787509603]",awake,98.0,18.2,0,0
2024-01-05 18:30:00,74.7,"[812.6718735345111, 844.3671113399273, 797.9453055945269, 750.7391031390049, 736.6763072118711]",awake,98.8,12.2,0,0
2024-01-05 19:00:00,84.7,"[763.460959692651, 794.3675077044178, 859.8924519621207, 829.970326211672, 739.3756418665167]",awake,97.8,18.6,0,0
2024-01-05 19:30:00,77.5,"[688.1439602502811, 849.3688841302794, 804.4087691270497, 804.1264002842312, 811.9982736802506]",awake,99.0,29.5,0,0
2024-01-05 20:00:00,66.5,"[757.069901105914, 749.3867455254634, 815.5966921141401, 814.5178878668789, 822.8186847892674]",awake,97.6,0.0,0,0
2024-01-05 20:30:00,82.1,"[824.0405006857335, 824.4728291085615, 818.617034300626, 709.3283107530771, 777.8609812339649]",awake,97.1,17.1,0,0
2024-01-05 21:00:00,68.8,"[775.9336430552784, 792.7503275840359, 807.5119056879562, 812.2499868635435, 769.7215132905288]",awake,98.7,25.7,0,0
2024-01-05 21:30:00,63.4,"[773.4838264479006, 809.6874115091045, 832.1718998017024, 786.7774934340007, 841.4504560670111]",awake,98.0,34.9,0,0
2024-01-05 22:00:00,57.8,"[935.9452453287423, 1037.6864529489299, 1071.3521865837738, 1079.7875233141315, 941.6023045886344]",light,96.9,3.3,480,450
2024-01-05 22:30:00,70.3,"[1076.2596230111074, 1069.4888412260773, 964.0041405444981, 934.0756937329473, 1007.192226232614]",light,95.4,7.5,480,450
2024-01-05 23:00:00,68.5,"[992.1889275738574, 875.7500384520465, 913.5547461811524, 967.4863380220067, 1045.914626166229]",light,95.9,4.0,480,450
2024-01-05 23:30:00,60.6,"[1034.8325737503822, 1002.0086287178977, 1111.770278389863, 976.5682255343277, 975.3373771253088]",light,95.8,3.1,480,450
2024-01-06 00:00:00,55.2,"[1026.7088654470165, 961.7675498500353, 1071.83761028535, 1046.66493993767, 1044.0668648895135]",deep,96.9,6.5,480,450
2024-01-06 00:30:00,60.5,"[1065.9633750930793, 1046.329606598389, 1012.3246612168782, 986.7440653083191, 958.9469779056575]",deep,95.2,2.7,480,450
2024-01-06 01:00:00,59.9,"[1042.6980355667029, 1019.8424801271317, 1107.290955709353, 1068.0726473847697, 996.8371615498478]",deep,95.4,6.7,480,450
2024-01-06 01:30:00,55.1,"[943.3849479146612, 951.3899702553277, 969.5745684458451, 1095.2290445522733, 910.9915069844992]",deep,96.3,4.2,480,450
2024-01-06 02:00:00,61.5,"[1058.913104661448, 1050.3957720346548, 940.0030262217533, 966.6700494004531, 1010.393196507351]",rem,95.5,7.3,480,450
2024-01-06 02:30:00,69.3,"[1202.8924199678897, 1005.7691795430734, 997.5878588415243, 1043.2204465639334, 1001.9982883116949]",rem,96.0,7.4,480,450
2024-01-06 03:00:00,63.4,"[1056.0832047813822, 1064.1079317605283, 1058.0908641750225, 1054.0928429137612, 979.5209815042394]",rem,95.8,3.0,480,450
2024-01-06 03:30:00,64.7,"[1010.5654042338111, 940.3007959188901, 997.8396212218261, 1014.6883522704245, 1023.6506403887454]",rem,96.7,5.9,480,450
2024-01-06 04:00:00,62.4,"[1036.3265787698906, 1024.1665051081477, 822.7533751868693, 998.8862509444017, 990.8165582801295]",light,95.5,3.1,480,450
2024-01-06 04:30:00,53.1,"[990.1208575609028, 1005.8943350281587, 969.9163858910473, 950.9590818172127, 966.4067856301717]",light,95.9,6.1,480,450
2024-01-06 05:00:00,62.6,"[990.106473143913, 1002.2796648059937, 1041.62022888838, 1117.0510332353927, 1007.2669707149599]",light,95.6,8.0,480,450
2024-01-06 05:30:00,63.0,"[860.3430177703465, 981.9114314679431, 957.6894588529235, 952.5428609874126, 978.9144927784628]",light,96.2,2.4,480,450
2024-01-06 06:00:00,67.3,"[748.0672803624768, 844.6575454585787, 844.7184706073604, 794.4779856947276, 812.3800393190396]",awake,98.3,28.3,0,0
2024-01-06 06:30:00,73.6,"[772.7315348610279, 826.8850622075291, 773.9670881902541, 835.9360345698258, 816.0678673715613]",awake,97.4,9.5,0,0
2024-01-06 07:00:00,85.0,"[756.9484696108835, 813.0089861419453, 818.9910844276161, 804.5623732185666, 700.7603974437795]",awake,97.0,20.9,0,0
2024-01-06 07:30:00,82.1,"[740.0783437219189, 846.504092144964, 797.4763997756036, 787.2808292627178, 864.0638413697745]",awake,98.6,10.0,0,0
2024-01-06 08:00:00,86.2,"[808.1423018778845, 763.9032189539525, 783.11466923924, 815.1454033763636, 807.4021066633593]",awake,97.7,42.1,0,0
2024-01-06 08:30:00,75.0,"[821.9853494609708, 830.2553137278118, 822.7031375417134, 785.4092038470976, 781.1940455982212]",awake,98.4,28.9,0,0
2024-01-06 09:00:00,92.0,"[831.9124696232401, 759.2330185487268, 861.5519137113046, 762.3200351486956, 867.7280373266778]",awake,98.1,4.8,0,0
2024-01-06 09:30:00,62.9,"[889.3643040107082, 728.8912828065536, 812.7937181580744, 828.9214592739518, 790.839847607669]",awake,98.0,28.8,0,0
2024-01-06 10:00:00,71.3,"[856.6255931616912, 799.6062004605186, 902.0731080014132, 806.7406182327022, 771.3731687347449]",awake,98.3,16.7,0,0
2024-01-06 10:30:00,81.4,"[774.2562282584207, 754.2038857106251, 784.8567159729828, 797.0099061900919, 796.2694974609853]",awake,98.1,31.1,0,0
2024-01-06 11:00:00,80.4,"[756.003815830508, 789.1766802634804, 875.2850392950776, 767.9619072259362, 750.1946614658073]",awake,97.3,5.9,0,0
2024-01-06 11:30:00,81.4,"[740.3747984500596, 794.1442529983491, 783.0876130872116, 792.0149014708036, 757.7692682398992]",awake,98.0,19.7,0,0
2024-01-06 12:00:00,77.8,"[739.1379147651782, 787.0538298535653, 910.5437986753591, 810.9110814848054, 805.4714474765661]",awake,98.1,27.0,0,0
2024-01-06 12:30:00,76.8,"[841.3674841185796, 794.3745607354825, 845.6612628423946, 729.4781740387084, 823.2459095499798]",awake,98.7,11.8,0,0
2024-01-06 13:00:00,86.1,"[802.1974145467927, 788.6381509943154, 776.5068415398166, 795.0991291101816, 814.7313612509463]",awake,97.5,16.5,0,0
2024-01-06 13:30:00,69.2,"[768.9202707372632, 814.1214489482643, 803.487152871354, 832.4499867173101, 828.6857796926333]",awake,98.0,32.3,0,0
2024-01-06 14:00:00,93.5,"[715.666792966663, 822.1775616697528, 803.0660233308773, 850.685434126413, 800.1580478603936]",awake,97.2,16.4,0,0
2024-01-06 14:30:00,92.9,"[818.9065469859878, 783.159138871842, 818.0001890931792, 838.1995910776855, 745.1020141897816]",awake,98.2,14.8,0,0
2024-01-06 15:00:00,72.9,"[684.521080227425, 750.6597290276889, 795.5883192490845, 749.0264213167202, 829.7792090099598]",awake,97.6,28.4,0,0
2024-01-06 15:30:00,69.5,"[785.478340925514, 796.2662370957403, 761.708111546196, 674.4311166848961, 858.8482039826041]",awake,98.3,21.8,0,0
2024-01-06 16:00:00,73.7,"[803.4682397902425, 835.9803124281145, 758.0114506737979, 785.8261901039536, 789.6003537164833]",awake,97.2,41.5,0,0
2024-01-06 16:30:00,61.3,"[838.8430797999855, 783.8200435813847, 851.3241139986633, 844.2072061182156, 793.9570646106139]",awake,98.9,15.7,0,0
2024-01-06 17:00:00,72.7,"[777.2467173459881, 831.9418481332762, 780.7105286268496, 822.8893677199283, 780.0507000416981]",awake,96.8,21.0,0,0
2024-01-06 17:30:00,74.8,"[779.292781894614, 818.8419183404299, 803.635223506779, 720.4428899809433, 816.3964944886122]",awake,97.7,31.7,0,0
2024-01-06 18:00:00,80.0,"[897.235597275524, 851.9066459860097, 795.7715893470911, 831.2036709955099, 792.3993077508527]",awake,98.1,12.5,0,0
2024-01-06 18:30:00,66.3,"[805.5616226397759, 845.5640862528888, 763.9009331132129, 766.8327134474407, 782.9694521109429]",awake,97.9,21.3,0,0
2024-01-06 19:00:00,87.7,"[815.4742883839931, 804.1929550217695, 840.3013463312225, 797.8121334381696, 825.201303743085]",awake,98.3,19.3,0,0
2024-01-06 19:30:00,67.7,"[763.8419892110597, 780.7454711517951, 775.4248955011908, 771.9373283941992, 799.001806228992]",awake,98.2,26.9,0,0
2024-01-06 20:00:00,78.9,"[805.8237498564214, 852.7119216170496, 725.127247289882, 824.4055365083502, 807.3295405743146]",awake,98.0,14.1,0,0
2024-01-06 20:30:00,66.9,"[777.0410020365842, 834.7617840533329, 750.2895848154934, 791.3691437450859, 799.8690936388575]",awake,98.3,23.3,0,0
2024-01-06 21:00:00,67.3,"[842.7194962025605, 759.231697120781, 803.348594625686, 843.9479320570274, 771.683460178064]",awake,98.4,43.6,0,0
2024-01-06 21:30:00,86.9,"[823.9948018408547, 855.3829177491579, 752.1418037935663, 796.3013088168474, 830.1947660933745]",awake,97.7,1.2,0,0
2024-01-06 22:00:00,59.0,"[971.6969872600768, 963.1866034040319, 1067.783377825922, 1024.1622402127098, 990.5454547270148]",light,95.4,8.3,480,450
2024-01-06 22:30:00,60.8,"[968.5111897828526, 962.5688942142943, 972.193665580581, 978.1000909727061, 1005.9385766871964]",light,95.7,5.0,480,450
2024-01-06 23:00:00,59.2,"[1055.7172430838125, 1010.3038148070573, 1078.5996087078245, 1008.2731674174236, 1037.445746924132]",light,95.5,7.1,480,450
2024-01-06 23:30:00,51.6,"[968.7555234956708, 938.3736474734783, 1002.0433519648193, 1008.689414319803, 1067.3094998009547]",light,96.0,3.1,480,450
2024-01-07 00:00:00,62.6,"[978.6751635584455, 908.8483170754932, 1000.5763964021095, 989.3712132227874, 989.994005380241]",deep,96.4,3.7,480,450
2024-01-07 00:30:00,50.8,"[908.2121247428469, 978.0757079902123, 961.0485259668436, 1038.13141436961, 1067.5790171320887]",deep,95.7,5.6,480,450
2024-01-07 01:00:00,55.8,"[1078.4537921984997, 843.0882874669353, 1028.2632497791785, 1009.0176846769265, 937.2953466938358]",deep,95.8,4.8,480,450
2024-01-07 01:30:00,61.2,"[992.7368781728077, 1058.0227566692079, 962.1592292798787, 981.2253783371139, 899.1939419343464]",deep,95.9,4.3,480,450
2024-01-07 02:00:00,49.1,"[1057.4328920131215, 995.820068015347, 943.7468251252855, 934.933287037601, 1064.5287840762912]",rem,95.2,4.8,480,450
2024-01-07 02:30:00,52.9,"[903.9991706852704, 1042.719045737701, 1099.9844657985464, 1081.7402920949849, 1007.0390510040404]",rem,95.0,1.7,480,450
2024-01-07 03:00:00,56.3,"[1050.4890388482572, 1050.1277182077006, 979.1635277315966, 957.0635944800238, 1062.6786793602864]",rem,96.6,6.7,480,450
2024-01-07 03:30:00,61.1,"[1036.695017879071, 948.5459248778718, 986.022434066375, 1017.4168196475949, 957.9452202828577]",rem,97.1,3.8,480,450
2024-01-07 04:00:00,56.2,"[977.712870817072, 979.6298891826999, 946.6606452353237, 1084.6576506078181, 1005.2468370623163]",light,96.4,3.4,480,450
2024-01-07 04:30:00,60.6,"[954.2666685172792, 1000.1240743259915, 990.9794588394234, 981.3238798180033, 1037.5525733462234]",light,95.4,4.9,480,450
2024-01-07 05:00:00,55.0,"[976.01130575364, 963.518366532536, 972.7075811422939, 937.4787451252048, 1002.2158062083298]",light,96.6,4.0,480,450
2024-01-07 05:30:00,62.6,"[1055.6200744563264, 1044.0867430041944, 948.3532479271494, 951.8596468222538, 935.8565504936834]",light,96.6,6.1,480,450
2024-01-07 06:00:00,64.5,"[835.4002702897933, 833.6559438161212, 772.9521486918233, 816.116494160505, 685.8724380907659]",awake,97.8,11.7,0,0
2024-01-07 06:30:00,81.4,"[803.4246505904767, 780.3737328320574, 811.2974312304054, 833.0027689687795, 773.4394783564554]",awake,96.5,24.7,0,0
2024-01-07 07:00:00,67.9,"[758.4416160463819, 803.5004625465681, 807.1908592002364, 829.9912174246158, 826.0423734077647]",awake,97.0,20.3,0,0
2024-01-07 07:30:00,72.0,"[809.9679520371045, 812.9023073893244, 834.2944954009588, 808.3126410220359, 834.9745932423034]",awake,96.7,29.3,0,0
2024-01-07 08:00:00,66.1,"[874.8232970483715, 782.2101343305677, 756.7197430003408, 804.1396954701427, 840.2586317448261]",awake,98.4,15.1,0,0
2024-01-07 08:30:00,72.1,"[734.626857606435, 757.1764354815779, 848.4774340799406, 844.4917609453386, 768.267211446975]",awake,98.2,27.5,0,0
2024-01-07 09:00:00,54.0,"[784.3758822362307, 795.8417413498199, 755.9029988686956, 755.7365539296948, 781.1178979415974]",awake,97.9,12.0,0,0
2024-01-07 09:30:00,69.2,"[815.4680139034567, 835.8977532721191, 817.2436509827832, 819.3249195858145, 767.7354460692953]",awake,98.2,20.3,0,0
2024-01-07 10:00:00,73.5,"[753.5004874149996, 831.5510816795457, 823.6449170493607, 771.6095329759941, 873.0867974196042]",awake,97.5,27.9,0,0
2024-01-07 10:30:00,73.3,"[782.5840213566288, 802.2098767136779, 795.5564861539992, 825.967815535347, 839.2694167619306]",awake,98.1,9.6,0,0
2024-01-07 11:00:00,83.8,"[750.1999180148748, 785.4531323951505, 870.4174628571079, 820.084941216642, 794.4892895199417]",awake,97.6,23.7,0,0
2024-01-07 11:30:00,85.2,"[782.3084686895493, 788.0181493226994, 824.855010144719, 790.8094703752437, 900.7804759018436]",awake,98.0,20.6,0,0
2024-01-07 12:00:00,81.4,"[817.1668882207297, 780.0187652633101, 841.9154989030727, 826.576192084579, 758.947362860751]",awake,98.0,21.8,0,0
2024-01-07 12:30:00,77.2,"[736.6840324975227, 841.4425809155864, 742.4741648724766, 743.7515010010642, 821.2785768611794]",awake,98.3,0.0,0,0
2024-01-07 13:00:00,72.9,"[795.6205832009676, 706.6358656941231, 849.7977256068959, 859.9567793517587, 777.3871589172498]",awake,97.8,1.8,0,0
2024-01-07 13:30:00,69.8,"[738.1831105196012, 791.2104925426913, 736.4987533004243, 764.027404143908, 851.1883954154971]",awake,97.5,26.8,0,0
2024-01-07 14:00:00,80.3,"[772.684295003747, 847.5406840174226, 799.0103688627173, 787.3338176660179, 724.5303028127435]",awake,97.7,30.0,0,0
2024-01-07 14:30:00,91.0,"[785.5572242864869, 706.2815951427617, 810.3157308526305, 772.0855561806319, 785.2185541047622]",awake,97.7,11.6,0,0
2024-01-07 15:00:00,65.0,"[793.8663950163422, 799.8470261930427, 833.0910504123592, 865.3341110900723, 765.8464819608997]",awake,98.5,19.6,0,0
2024-01-07 15:30:00,75.1,"[812.3414395307025, 745.260715445595, 837.7560901934864, 819.0569977105949, 702.7266491222322]",awake,98.4,2.4,0,0
2024-01-07 16:00:00,63.0,"[807.992939014602, 820.6368783741224, 802.9650393419396, 761.8888827091529, 873.8134583352534]",awake,98.6,10.6,0,0
2024-01-07 16:30:00,71.4,"[826.1589705635981, 795.4851877613014, 823.7016940289767, 763.7967740509656, 797.0632397767727]",awake,97.8,30.6,0,0
2024-01-07 17:00:00,69.5,"[802.6694384700775, 844.6993120580971, 878.9310107579429, 827.697488924073, 776.2946131832296]",awake,98.0,29.0,0,0
2024-01-07 17:30:00,75.5,"[858.6885671850903, 778.330842315359, 844.5643323967383, 806.1359767976305, 905.0462711327558]",awake,97.7,20.7,0,0
2024-01-07 18:00:00,69.1,"[843.1529497546271, 831.4782654677033, 858.3573409918129, 699.6811667351477, 854.3264289226066]",awake,97.9,15.2,0,0
2024-01-07 18:30:00,78.5,"[830.0535211328055, 849.4074590188193, 789.1273438856044, 825.2120025608439, 780.7191988334757]",awake,97.9,16.7,0,0
2024-01-07 19:00:00,73.4,"[782.0736666920131, 807.4718136559962, 767.6490854362919, 798.9835321369677, 807.615692468599]",awake,96.8,15.0,0,0
2024-01-07 19:30:00,85.5,"[778.0763572056411, 842.6563309936107, 779.7051650799941, 784.7205467475079, 778.6198507372902]",awake,98.4,13.7,0,0
2024-01-07 20:00:00,63.1,"[773.4321808779762, 823.6461108210747, 798.9597517394279, 811.495883305089, 806.4968871457849]",awake,98.3,25.4,0,0
2024-01-07 20:30:00,74.8,"[809.2191286153761, 783.1884153460772, 780.3291416680548, 799.4994964713168, 768.5277689540492]",awake,98.4,39.0,0,0
2024-01-07 21:00:00,70.8,"[750.434714332293, 794.0683289366676, 783.0319652633317, 811.4489354845276, 830.9014905879988]",awake,97.1,28.6,0,0
2024-01-07 21:30:00,81.6,"[833.3167697962245, 770.4890056198867, 768.2276455420874, 735.5187778109125, 776.0004268356181]",awake,97.6,37.4,0,0
2024-01-07 22:00:00,68.3,"[1012.5806672063683, 1032.067828170527, 928.5501073008445, 1083.6585505993423, 966.2244487776428]",light,96.4,5.2,480,450
2024-01-07 22:30:00,63.1,"[1086.406445463867, 991.7668258107919, 1061.1186443945965, 1040.132511570225, 1020.155578640666]",light,95.3,3.0,480,450
2024-01-07 23:00:00,66.1,"[922.3735619614574, 995.5879021206399, 988.001076773466, 1057.2034224538543, 973.3756552397874]",light,95.6,6.7,480,450
2024-01-07 23:30:00,64.1,"[1021.1757705742, 954.8958443907161, 1022.2747289065734, 979.1160061516331, 971.3930792979779]",light,95.5,3.0,480,450
2024-01-08 00:00:00,60.8,"[1072.7111700826329, 1028.7421811109652, 1006.1950735000303, 1115.461314257241, 1024.0186228736952]",deep,96.2,4.8,480,450
2024-01-08 00:30:00,52.0,"[967.06436633755, 991.9369476522148, 1058.2355016900372, 1007.8158153966165, 962.5682112289209]",deep,95.6,5.3,480,450
2024-01-08 01:00:00,66.1,"[1037.8043174309407, 986.7441919478744, 1002.8112211608011, 1055.3349357285801, 956.842335556445]",deep,96.2,5.1,480,450
2024-01-08 01:30:00,60.3,"[827.3565870645605, 968.9763472910724, 942.7861134394267, 991.1083742853351, 988.3787967714394]",deep,95.4,5.3,480,450
2024-01-08 02:00:00,62.5,"[993.0549273432462, 1028.0342778536658, 1081.4355410524304, 983.5502723115052, 896.7140306055911]",rem,96.4,5.5,480,450
2024-01-08 02:30:00,67.5,"[1044.5266845811734, 1100.6399380478877, 975.9123973943321, 1028.8633419675957, 998.1254779399362]",rem,95.7,2.0,480,450
2024-01-08 03:00:00,54.9,"[1132.3196534107144, 987.3419221227283, 942.9249185669119, 1055.4017202959794, 1059.4468013942183]",rem,96.5,5.4,480,450
2024-01-08 03:30:00,65.1,"[942.0045571842684, 934.8354750481096, 1007.6127168747483, 935.0415403359917, 950.8677794202471]",rem,95.6,5.5,480,450
2024-01-08 04:00:00,56.3,"[894.6476381557229, 963.5937295649868, 933.481983467855, 1005.8068134076915, 1015.9014166672207]",light,96.2,5.2,480,450
2024-01-08 04:30:00,66.5,"[973.6301078633423, 1037.1920806645041, 990.7417788512887, 985.1811563438348, 998.2433023258046]",light,95.8,7.5,480,450
2024-01-08 05:00:00,60.4,"[996.8019292407944, 971.8718976676447, 930.8261702292954, 1019.7177223678502, 920.7643231512064]",light,95.6,3.2,480,450
2024-01-08 05:30:00,57.6,"[1039.3847756716166, 963.4219002275903, 999.8863746716167, 1004.1365273759359, 1012.5892464043864]",light,95.8,5.4,480,450
2024-01-08 06:00:00,78.2,"[810.5316492041563, 763.2424582127685, 781.1510996717668, 692.9402933610918, 746.9285672607369]",awake,98.3,30.8,0,0
2024-01-08 06:30:00,70.7,"[799.1297623401275, 804.0168328094785, 774.338726465878, 855.4711913284066, 872.0827203401858]",awake,98.4,4.9,0,0
2024-01-08 07:00:00,128.7,"[487.86686355152654, 477.1010463408421, 456.9632968484348, 479.0116445520346, 406.4142591525585]",awake,97.5,73.8,0,0
2024-01-08 07:30:00,144.4,"[464.90481247455807, 414.8690852995695, 434.7929156438552, 437.5967852509338, 394.72944948629953]",awake,97.7,91.6,0,0
2024-01-08 08:00:00,142.1,"[481.30956427041474, 437.5141304931201, 478.18580816719697, 466.5070228615332, 433.9996744189017]",awake,98.5,78.4,0,0
2024-01-08 08:30:00,142.3,"[437.4409846470206, 444.5481715301957, 438.00950426464203, 429.4550107841914, 445.66636342137537]",awake,97.4,81.8,0,0
2024-01-08 09:00:00,72.4,"[839.4791914031418, 804.6996713283789, 818.5003079797345, 829.0379992549343, 872.7486065541093]",awake,97.9,28.8,0,0
2024-01-08 09:30:00,78.8,"[799.8840796306412, 873.9819607630203, 836.9683722390039, 772.50203430846, 838.1550260635952]",awake,98.4,21.5,0,0
2024-01-08 10:00:00,86.6,"[754.217277626533, 822.009663671067, 773.0453718782694, 877.608643392918, 838.8926188183557]",awake,97.8,0.0,0,0
2024-01-08 10:30:00,72.4,"[847.5805368864927, 751.4140438261982, 793.2786603890451, 784.3160861410099, 773.2956864752267]",awake,98.6,24.5,0,0
2024-01-08 11:00:00,80.3,"[801.9545653751344, 849.037982204361, 760.1747448285907, 735.7133608586365, 747.423536349523]",awake,98.2,17.7,0,0
2024-01-08 11:30:00,84.7,"[766.5381567773277, 799.7843339867596, 805.4889569642754, 786.3585862368664, 759.7094239397568]",awake,98.6,23.2,0,0
2024-01-08 12:00:00,64.9,"[811.4928554589649, 807.0910424781665, 799.0713639781027, 746.296263275087, 745.3337829326492]",awake,97.6,18.7,0,0
2024-01-08 12:30:00,77.9,"[772.041146644673, 830.7171950890623, 774.2270284301889, 805.3500337186433, 829.9304291611032]",awake,97.7,26.2,0,0
2024-01-08 13:00:00,75.7,"[835.6557239483514, 805.3598067542564, 762.6140397065805, 736.2442936111029, 799.134806156825]",awake,98.0,18.3,0,0
2024-01-08 13:30:00,70.1,"[780.7511373051065, 844.467263613038, 794.1865694395245, 793.9047322674484, 749.3406881532335]",awake,97.6,3.3,0,0
2024-01-08 14:00:00,73.5,"[778.6439900366761, 850.2652255218825, 833.1822839588841, 768.1119517082907, 810.4934790912071]",awake,97.5,0.0,0,0
2024-01-08 14:30:00,74.5,"[775.0673746476082, 781.6858851405151, 768.3684304633823, 865.4609606217961, 823.139318747378]",awake,97.4,34.1,0,0
2024-01-08 15:00:00,82.1,"[773.0247854744827, 723.6060494346972, 815.181871392323, 803.1883652112118, 784.4008541674796]",awake,97.8,27.6,0,0
2024-01-08 15:30:00,75.1,"[866.4642948819626, 804.946301068347, 805.1929279916553, 759.8471097650399, 866.3958002485883]",awake,98.8,11.9,0,0
2024-01-08 16:00:00,79.3,"[830.2016399294987, 840.9388832783659, 704.6860792048985, 785.1409644178141, 737.2121088048641]",awake,98.4,0.1,0,0
2024-01-08 16:30:00,76.7,"[780.304684338681, 763.7824190904137, 761.6711898917456, 780.2129234146056, 754.5989503465865]",awake,98.8,6.4,0,0
2024-01-08 17:00:00,74.8,"[813.7551356711051, 804.4887504090865, 818.1163719223052, 790.2211668813618, 799.2068665966699]",awake,98.3,13.5,0,0
2024-01-08 17:30:00,76.5,"[802.6652935151063, 782.0155331440944, 813.0102291154963, 837.3712562615186, 778.2221976462141]",awake,97.8,10.4,0,0
2024-01-08 18:00:00,63.4,"[692.5507926183636, 911.7941357994109, 787.552005065385, 806.0157103563217, 850.4625679517035]",awake,98.4,43.9,0,0
2024-01-08 18:30:00,77.7,"[828.1945378890205, 810.4919645539825, 757.8818663685307, 734.2566565175341, 795.2425459159577]",awake,97.5,24.7,0,0
2024-01-08 19:00:00,81.4,"[832.1006971152035, 746.7128780690637, 905.2394745803185, 791.5393568311675, 818.7582754927658]",awake,98.1,13.4,0,0
2024-01-08 19:30:00,52.3,"[769.4597221528788, 794.0139677486175, 741.860985752572, 803.550831503315, 829.2858493905842]",awake,98.6,40.7,0,0
2024-01-08 20:00:00,75.9,"[839.9822005720245, 799.7614452435857, 818.8612482179407, 828.9611142255231, 841.7049132192931]",awake,98.6,26.6,0,0
2024-01-08 20:30:00,83.4,"[822.9082413397657, 840.6669071103044, 769.7308038985942, 772.9840911149485, 795.8115188657935]",awake,97.7,28.5,0,0
2024-01-08 21:00:00,81.5,"[842.3699615885364, 859.9692677135608, 770.5725543938196, 813.7866152250081, 696.5404556601844]",awake,98.1,16.1,0,0
2024-01-08 21:30:00,70.0,"[854.5309722211191, 892.7595869122957, 757.0258767412549, 836.497128540956, 810.3216334924855]",awake,97.8,4.0,0,0
2024-01-08 22:00:00,59.6,"[1062.683874707452, 956.8081637072283, 1023.1418194864948, 995.9007815879758, 941.5998159832448]",light,95.9,6.0,480,450
2024-01-08 22:30:00,56.4,"[1075.2818205275696, 948.5609959126739, 1100.3614754599332, 1005.5853637391152, 1001.1767767029443]",light,96.9,6.4,480,450
2024-01-08 23:00:00,50.6,"[1052.1413764829463, 1012.7462707522185, 1065.6944050779762, 1055.4839908184508, 949.4121668639337]",light,95.5,7.9,480,450
2024-01-08 23:30:00,58.4,"[1012.5997198209409, 1057.0653002667098, 996.7512172145359, 982.5537516733896, 973.3879673576506]",light,96.7,6.0,480,450
2024-01-09 00:00:00,54.7,"[1019.4232155064125, 1062.0098566468128, 1047.4371700552174, 949.9512231095681, 981.8417860060108]",deep,95.5,4.1,480,450
2024-01-09 00:30:00,61.5,"[948.2252585109027, 953.7560086186085, 1008.7948963091783, 984.9488758247196, 1043.2060162896355]",deep,97.5,4.8,480,450
2024-01-09 01:00:00,68.9,"[1039.9411982297581, 935.7246045571243, 954.3236380823121, 930.6011527861881, 980.669065155633]",deep,96.0,3.8,480,450
2024-01-09 01:30:00,60.4,"[1056.4351612603791, 1019.1460806278114, 1030.7708938767012, 1015.8584282791891, 917.2565437817491]",deep,95.7,4.1,480,450
2024-01-09 02:00:00,67.6,"[1000.9844412730446, 1129.5853331309881, 940.0121417645506, 1022.8196077261788, 1068.9018863620963]",rem,95.6,3.9,480,450
2024-01-09 02:30:00,52.7,"[1069.8015013214163, 1025.708465964644, 950.0049458878364, 994.349705096078, 1090.6143286768051]",rem,96.0,3.9,480,450
2024-01-09 03:00:00,59.5,"[1088.4091182628654, 996.5957362015399, 1041.6418501925755, 938.1946059369543, 980.8206492068261]",rem,95.8,7.9,480,450
2024-01-09 03:30:00,63.3,"[1047.599669084372, 936.953989945949, 1014.9697377212905, 1003.0247255556875, 1027.4630220737197]",rem,95.7,4.5,480,450
2024-01-09 04:00:00,57.1,"[1031.2434542558394, 1077.296694870376, 1023.1427597118698, 969.8383543224114, 1049.6383991560126]",light,95.9,6.8,480,450
2024-01-09 04:30:00,59.4,"[1031.8435498294687, 1075.7205647080343, 962.5474876380769, 1008.6423365100078, 977.1165698085149]",light,95.5,5.2,480,450
2024-01-09 05:00:00,62.2,"[968.5837848833365, 1018.2651019224768, 941.9233562681435, 1094.5563755239612, 987.6018642678289]",light,96.2,6.3,480,450
2024-01-09 05:30:00,48.3,"[948.535177001782, 927.3823325402539, 1032.244907411567, 909.4014656154502, 997.9814041307001]",light,96.0,7.7,480,450
2024-01-09 06:00:00,72.2,"[804.366775516494, 804.828682299383, 723.958854825727, 776.5926848033647, 823.3641654050225]",awake,97.8,12.6,0,0
2024-01-09 06:30:00,59.7,"[802.0230016834026, 805.7096879558422, 791.3361829351418, 798.321104152884, 811.4159203757141]",awake,98.6,9.8,0,0
2024-01-09 07:00:00,159.3,"[388.33348981748037, 466.21164496711214, 390.59856715066337, 434.5654740373126, 434.5974088268236]",awake,98.3,85.0,0,0
2024-01-09 07:30:00,131.8,"[449.77442741678584, 414.314350978664, 416.702298161467, 436.65634615843135, 460.77749683141343]",awake,98.4,94.5,0,0
2024-01-09 08:00:00,141.3,"[420.0473616244917, 426.93855457363804, 441.7094493224674, 513.406635382321, 468.35909853324915]",awake,97.6,80.1,0,0
2024-01-09 08:30:00,142.2,"[423.3382156730172, 453.4679572581114, 393.6022293764992, 423.0572943368082, 428.9067579493107]",awake,99.0,75.5,0,0
2024-01-09 09:00:00,69.9,"[731.5860721039587, 798.6331546696257, 816.7791949578632, 837.620151516325, 818.1422371589026]",awake,97.6,18.4,0,0
2024-01-09 09:30:00,67.1,"[747.5309996968481, 759.4450076749587, 777.7564700470108, 800.5128653327841, 826.2926002797623]",awake,98.2,28.1,0,0
2024-01-09 10:00:00,79.6,"[760.7939477237701, 793.5197592915764, 803.9750450267421, 863.1059420870762, 845.2257622338129]",awake,98.1,14.7,0,0
2024-01-09 10:30:00,72.1,"[788.8264125151477, 845.9357000298227, 745.0175904413808, 769.7818293562083, 826.3415665969027]",awake,97.6,40.3,0,0
2024-01-09 11:00:00,68.2,"[838.5054447998718, 813.6317731818244, 868.5377005800058, 789.0778834644067, 748.1210496193675]",awake,97.9,10.6,0,0
2024-01-09 11:30:00,72.3,"[799.8983277082787, 784.8831360375034, 811.4676264876867, 867.4327103487051, 848.546066381604]",awake,97.6,19.6,0,0
2024-01-09 12:00:00,86.6,"[794.9272875504926, 837.4476555569249, 788.0453522071906, 756.5325014919207, 784.5776689498995]",awake,99.0,24.8,0,0
2024-01-09 12:30:00,69.5,"[761.6253663162631, 782.7727170818737, 762.588244649487, 884.0002814894397, 777.8192561821812]",awake,97.8,19.9,0,0
2024-01-09 13:00:00,73.7,"[747.2184600158175, 763.9602941820008, 829.6750350546179, 840.492388672823, 794.5735190225686]",awake,98.1,24.5,0,0
2024-01-09 13:30:00,77.2,"[745.5455368747505, 791.0808142976948, 780.5981346407456, 720.2428125385939, 843.9685586532881]",awake,98.3,20.7,0,0
2024-01-09 14:00:00,62.0,"[796.7735748809744, 813.0563653710448, 844.1848890981877, 736.4601432904052, 783.8665443984593]",awake,97.8,27.1,0,0
2024-01-09 14:30:00,74.4,"[844.287440737842, 743.9946225312045, 764.202965116344, 765.5450114197971, 848.0182819175795]",awake,98.0,27.6,0,0
2024-01-09 15:00:00,77.4,"[867.1752386697851, 817.2982273861902, 778.3154286988226, 850.8217932754477, 836.1419282425029]",awake,98.4,25.1,0,0
2024-01-09 15:30:00,76.0,"[760.0694979883607, 872.3105955733818, 879.8479020501259, 835.5737450182903, 795.4427889061277]",awake,97.7,3.5,0,0
2024-01-09 16:00:00,66.7,"[799.3076189485572, 848.129240659584, 795.2873806046357, 755.6530303374786, 771.6614623311514]",awake,97.9,9.9,0,0
2024-01-09 16:30:00,68.7,"[795.202947626904, 845.008262587294, 784.4347459635583, 795.294701801998, 795.9046170343572]",awake,97.8,19.8,0,0
2024-01-09 17:00:00,76.8,"[777.2611752233001, 807.2616900416926, 790.5278657514106, 777.9327744578442, 838.2990819308167]",awake,96.8,25.8,0,0
2024-01-09 17:30:00,77.1,"[792.2500808505539, 801.4333302752416, 855.5578940865769, 805.5963881837627, 735.8012207855759]",awake,98.3,20.5,0,0
2024-01-09 18:00:00,74.7,"[797.4972153271046, 765.6399928211625, 777.8264746060305, 780.7244777982482, 801.4274630444658]",awake,98.0,32.5,0,0
2024-01-09 18:30:00,75.4,"[823.7665228476912, 835.7333324597879, 871.5503220428777, 882.5002820821239, 804.1790821899344]",awake,97.6,10.8,0,0
2024-01-09 19:00:00,64.3,"[813.3847926081933, 791.8574356084866, 803.3725374029086, 806.7046530132842, 712.320056844981]",awake,98.4,17.9,0,0
2024-01-09 19:30:00,76.9,"[740.1205495205965, 805.0132199019204, 842.9823424547216, 812.8256890347785, 818.481220591866]",awake,98.1,30.8,0,0
2024-01-09 20:00:00,77.9,"[840.770759055883, 784.7235748909119, 853.5514545961628, 792.3802727090014, 771.1517189306659]",awake,97.7,5.6,0,0
2024-01-09 20:30:00,60.0,"[748.3409537211247, 785.0481218140228, 814.6751502440036, 781.6767555198946, 935.2790297097379]",awake,97.9,26.6,0,0
2024-01-09 21:00:00,89.0,"[795.8863602368444, 683.4148973175381, 776.6644566128974, 839.9879101208471, 731.4562248794151]",awake,98.3,6.9,0,0
2024-01-09 21:30:00,69.1,"[857.3231696336566, 840.2594197822996, 785.3187929720096, 802.479252225617, 764.8221845580964]",awake,98.0,34.8,0,0
2024-01-09 22:00:00,61.7,"[994.8115030024941, 994.342347115054, 986.9135087543018, 1032.2045603158663, 1046.7145493594235]",light,96.4,5.3,480,450
2024-01-09 22:30:00,57.4,"[931.0383634725569, 981.662959411194, 957.558269468263, 1004.6628939178228, 1058.7465471334394]",light,96.5,8.6,480,450
2024-01-09 23:00:00,61.0,"[1003.4065985525893, 999.697150652452, 1001.5185082451127, 922.5658696513261, 910.8670156828771]",light,95.1,8.3,480,450
2024-01-09 23:30:00,49.2,"[1096.9595116584653, 1103.4232204729392, 916.5095932101863, 1052.5766521540163, 1015.7264318448013]",light,96.0,7.9,480,450
2024-01-10 00:00:00,51.6,"[1079.0920427538574, 1028.566093084163, 1029.9703701247686, 1129.350891124835, 900.754657193979]",deep,95.5,4.5,480,450
2024-01-10 00:30:00,54.0,"[979.0985041428149, 972.815980131974, 912.3193950503863, 980.9133836981906, 994.1002105526871]",deep,95.4,5.3,480,450
2024-01-10 01:00:00,63.2,"[926.4923144351246, 987.2264653551662, 981.9300120380728, 1042.7682858945302, 920.5756408043054]",deep,96.4,3.6,480,450
2024-01-10 01:30:00,73.1,"[1040.5626962372407, 1000.7264182648809, 970.1413376200859, 1030.35502218413, 1011.3475050955769]",deep,95.7,3.1,480,450
2024-01-10 02:00:00,70.0,"[1046.2331304650345, 952.0633896712159, 943.4612853686286, 918.5134461818781, 985.2468382371432]",rem,96.0,7.5,480,450
2024-01-10 02:30:00,55.8,"[974.355684937783, 929.8879114673704, 895.6299940162121, 1014.7177956238106, 956.7498128199303]",rem,95.5,4.5,480,450
2024-01-10 03:00:00,63.1,"[951.7727442566404, 1035.4735672455056, 1020.568950189243, 1006.8398756798956, 987.0499884717688]",rem,96.0,3.5,480,450
2024-01-10 03:30:00,65.8,"[966.7588389374057, 984.1627767418677, 1028.581781628302, 1009.1201397983928, 1042.1442887509625]",rem,96.6,6.6,480,450
2024-01-10 04:00:00,70.2,"[1008.3166085178087, 996.4435645403166, 1003.5761526439782, 899.1833866564908, 1037.5062897767382]",light,96.9,4.6,480,450
2024-01-10 04:30:00,57.1,"[993.0074498677085, 983.265704019307, 968.5393652703601, 960.0593081101092, 1050.9920746148157]",light,96.2,4.9,480,450
2024-01-10 05:00:00,57.5,"[1030.1727405341433, 1033.7659128712437, 1055.2217945863993, 954.0768023404573, 949.0576964602446]",light,96.2,0.7,480,450
2024-01-10 05:30:00,49.8,"[1018.3120059724467, 1038.4826695664926, 1018.3005058150386, 935.2044639715207, 891.6017086714799]",light,95.8,3.9,480,450
2024-01-10 06:00:00,76.3,"[830.6808387101428, 772.6564263841753, 845.3350097197674, 764.4005942092022, 840.7108487736745]",awake,97.2,14.6,0,0
2024-01-10 06:30:00,82.2,"[790.0639245248751, 821.0488096543942, 803.9638064953585, 777.1265215931143, 756.8597856145313]",awake,98.6,10.2,0,0
2024-01-10 07:00:00,144.0,"[350.1269047262856, 390.3994610339933, 433.9897527109537, 420.48849079142167, 394.4018424582719]",awake,97.7,85.3,0,0
2024-01-10 07:30:00,125.5,"[381.56500741446655, 415.6788440397378, 368.36593033861624, 431.24317456119724, 438.03524567496555]",awake,98.3,79.7,0,0
2024-01-10 08:00:00,130.7,"[451.96717372676056, 363.17661928233815, 414.99091868997317, 418.4282689793897, 427.4498613707278]",awake,98.1,87.2,0,0
2024-01-10 08:30:00,144.7,"[457.3216963690223, 401.658104277694, 444.99859264894883, 410.2056128784835, 409.2085386800432]",awake,98.0,75.9,0,0
2024-01-10 09:00:00,70.4,"[743.3266918822833, 830.8020843668967, 752.5284435728412, 767.6728787999365, 794.798692346911]",awake,97.8,28.2,0,0
2024-01-10 09:30:00,86.2,"[810.3009833506521, 813.2442771208523, 773.1547662128667, 761.4460249194356, 795.0514046537255]",awake,98.6,29.9,0,0
2024-01-10 10:00:00,80.9,"[855.2089788431274, 794.1767834795279, 803.2229002053091, 844.7160373340785, 838.0658149166744]",awake,98.0,24.1,0,0
2024-01-10 10:30:00,85.7,"[818.7419053553173, 778.4667929002852, 789.3407665862317, 765.731077006928, 821.5728542572045]",awake,97.0,20.0,0,0
2024-01-10 11:00:00,78.9,"[823.2286772054008, 771.4897974145948, 801.1314244579704, 819.0202020300878, 814.7871281050809]",awake,98.1,33.3,0,0
2024-01-10 11:30:00,70.4,"[798.8329593047443, 784.5846717505513, 774.7183358603271, 803.4005731630136, 828.2226173705483]",awake,98.6,18.2,0,0
2024-01-10 12:00:00,66.2,"[801.5968283434486, 731.6165931677035, 790.0185092850362, 826.4725640869473, 742.4062681014428]",awake,98.2,14.8,0,0
2024-01-10 12:30:00,87.6,"[834.3849933261047, 883.3873793824023, 777.0081403913721, 763.8930721011473, 773.0269420211341]",awake,97.8,11.4,0,0
2024-01-10 13:00:00,77.2,"[838.0448445423012, 791.9357076380631, 812.648851485897, 847.6032093799122, 817.9328597458442]",awake,97.5,1.6,0,0
2024-01-10 13:30:00,81.4,"[819.6659608550078, 794.281621811891, 796.7928309824028, 743.7977097284826, 755.8005637419403]",awake,97.8,26.8,0,0
2024-01-10 14:00:00,76.8,"[807.953385278023, 779.2308949527959, 842.4669910230433, 837.6257142959755, 776.5318478014711]",awake,98.5,10.9,0,0
2024-01-10 14:30:00,73.3,"[817.1537234733496, 737.4425862898373, 796.2023919136653, 856.6342962072833, 795.3118990861142]",awake,97.8,13.1,0,0
2024-01-10 15:00:00,65.2,"[797.9544506733384, 812.0072997040776, 809.5278025495237, 772.1952615918182, 798.537725373174]",awake,96.7,19.6,0,0
2024-01-10 15:30:00,66.3,"[769.8195596838177, 754.8550597943563, 813.7177786457677, 863.2853406054775, 786.9558230073054]",awake,97.5,12.5,0,0
2024-01-10 16:00:00,82.7,"[788.3916470322454, 842.6460493457728, 840.1698044283708, 784.3920001369507, 711.5186408301593]",awake,99.0,0.3,0,0
2024-01-10 16:30:00,81.5,"[852.0177786750121, 767.6432646098871, 826.794313253141, 809.4281646730725, 859.7734098703918]",awake,98.5,22.5,0,0
2024-01-10 17:00:00,90.9,"[811.349440687516, 808.4124935931861, 782.586244751563, 809.8940941244862, 707.2122230796391]",awake,97.3,28.7,0,0
2024-01-10 17:30:00,68.5,"[781.7468684226404, 848.4830251639274, 672.7429691984325, 857.9459438212529, 799.2710445203074]",awake,99.0,42.2,0,0
2024-01-10 18:00:00,70.1,"[810.8876374679445, 807.8448957594536, 789.6340653902622, 804.9595617396368, 797.9191990399316]",awake,97.4,30.1,0,0
2024-01-10 18:30:00,78.0,"[818.3908219975168, 850.9101676072088, 784.6272587236808, 792.2369750252553, 918.163993725328]",awake,97.6,3.9,0,0
2024-01-10 19:00:00,72.4,"[852.6981447243969, 857.3983231224643, 839.5834308248566, 835.6267540080487, 850.7242774363801]",awake,98.3,10.6,0,0
2024-01-10 19:30:00,69.7,"[796.0408196516087, 844.8212672508575, 809.0272143660496, 797.1428004835872, 796.8640214611448]",awake,97.5,1.1,0,0
2024-01-10 20:00:00,89.0,"[740.6135147846993, 799.7421129940451, 827.5534574496369, 807.5448220646805, 796.3920766390718]",awake,97.9,32.5,0,0
2024-01-10 20:30:00,87.7,"[868.7574896402933, 776.5063539835007, 765.5396717110744, 778.4017322380298, 762.0590163955594]",awake,97.9,3.0,0,0
2024-01-10 21:00:00,72.7,"[827.8930214244837, 774.4961011368332, 830.631903747056, 739.6104246926772, 795.4637972332442]",awake,97.4,20.2,0,0
2024-01-10 21:30:00,73.7,"[854.794638369167, 820.2363248986248, 749.8513853899149, 758.5279917421307, 856.5959998089551]",awake,97.2,20.9,0,0
2024-01-10 22:00:00,63.2,"[1009.9284487333064, 1036.8688599883976, 991.4338284379428, 1019.618884692423, 983.7362367611497]",light,95.9,4.6,480,450
2024-01-10 22:30:00,54.7,"[1080.0131092154836, 1030.9515181019829, 1014.953834364382, 975.6934574865408, 1002.2432981148644]",light,96.3,7.1,480,450
2024-01-10 23:00:00,59.3,"[973.4614408522888, 1006.0351835874015, 990.247500586039, 991.5826746102608, 1013.443376097093]",light,95.9,7.2,480,450
2024-01-10 23:30:00,62.1,"[939.932410251778, 977.0903311952461, 1045.4172502555487, 1028.1747468016495, 1050.4254724140528]",light,95.9,4.1,480,450
2024-01-11 00:00:00,61.0,"[1017.4476789547914, 987.8946327335987, 1039.3691314576583, 1006.7003930381131, 952.3177200039008]",deep,96.3,7.0,480,450
2024-01-11 00:30:00,60.1,"[1083.729599377668, 986.604344973288, 1095.3666627267075, 972.0351998734183, 1043.7538707132499]",deep,96.5,6.5,480,450
2024-01-11 01:00:00,54.3,"[981.6210340809437, 1043.4069396743155, 1000.9077312726444, 1005.4838380002514, 923.9497444259291]",deep,97.1,5.6,480,450
2024-01-11 01:30:00,45.6,"[1031.083212421828, 1060.3343662108007, 1082.4187862812137, 1057.7752021285455, 1017.7609095552026]",deep,96.1,4.2,480,450
2024-01-11 02:00:00,52.6,"[987.1043281199087, 1089.3324059113443, 1045.8848597429323, 1104.4056464378264, 973.4706291431255]",rem,95.5,4.6,480,450
2024-01-11 02:30:00,75.0,"[1009.488475188062, 893.6449369631052, 972.7793151650479, 968.8714499465511, 1081.0817122479818]",rem,96.5,2.8,480,450
2024-01-11 03:00:00,66.5,"[996.561810057285, 947.9212078085258, 1015.2110282807064, 956.732832836075, 1034.4887745867356]",rem,95.6,6.7,480,450
2024-01-11 03:30:00,66.4,"[994.1008016538435, 1113.941518611253, 1038.7852024822066, 1023.599102935915, 1079.4113266978263]",rem,96.4,0.9,480,450
2024-01-11 04:00:00,61.0,"[1053.5272635922581, 1007.3411659754182, 978.6626161128727, 1039.936578362269, 1083.7447620003115]",light,95.8,5.4,480,450
2024-01-11 04:30:00,59.9,"[1022.1672181532701, 980.1464102461821, 995.760543237624, 1026.3720177305618, 1067.3591825368644]",light,95.9,6.0,480,450
2024-01-11 05:00:00,57.5,"[981.4629581277724, 1019.0219234774695, 971.394941191559, 1052.7045769099695, 1045.5391507102881]",light,95.5,3.5,480,450
2024-01-11 05:30:00,54.7,"[1007.9912934912536, 1060.5677848559887, 945.2367871417714, 905.3372266713681, 994.5653423084032]",light,95.5,5.0,480,450
2024-01-11 06:00:00,92.2,"[821.864694206834, 783.4096689489868, 819.628297037376, 824.2097115636383, 839.9539148273082]",awake,98.0,13.1,0,0
2024-01-11 06:30:00,85.9,"[780.098618156305, 791.696466497299, 775.7068303509677, 852.211959164757, 757.3228204134897]",awake,98.0,14.9,0,0
2024-01-11 07:00:00,124.0,"[395.587805181634, 451.27241335865233, 338.86824176656717, 475.43289122664544, 456.59391630527546]",awake,97.7,88.6,0,0
2024-01-11 07:30:00,142.5,"[395.166136306978, 414.7531520048447, 478.83382803152125, 447.58783012903456, 436.93844186011927]",awake,97.8,80.5,0,0
2024-01-11 08:00:00,145.5,"[397.679449227225, 406.17290179274596, 462.5232430082218, 445.94169672500607, 427.94814203389734]",awake,98.0,82.3,0,0
2024-01-11 08:30:00,134.0,"[396.98164649759906, 422.83786863707405, 433.58885899293614, 456.87353738327, 448.1079327516851]",awake,97.7,85.7,0,0
2024-01-11 09:00:00,80.8,"[721.0518432466661, 771.8557298699055, 738.578954963236, 734.0346626563603, 857.7201475537088]",awake,98.5,4.0,0,0
2024-01-11 09:30:00,78.7,"[738.6853371436212, 817.5581844401826, 753.0194429340502, 746.30716585411, 800.7573712598451]",awake,97.8,23.8,0,0
2024-01-11 10:00:00,77.2,"[772.4416814276364, 774.1976750028589, 825.7809897368985, 779.4461602660916, 806.6633542212296]",awake,98.2,18.3,0,0
2024-01-11 10:30:00,59.1,"[779.3658380140455, 815.0933509648529, 861.734507614597, 814.3315895963678, 777.4588554024483]",awake,98.2,25.2,0,0
2024-01-11 11:00:00,79.0,"[813.1579308966247, 786.6545478443466, 794.324093706259, 745.6141293574501, 831.7545994877618]",awake,97.7,14.0,0,0
2024-01-11 11:30:00,75.8,"[797.2869678744097, 817.9619883801402, 796.1252278459389, 797.9716439392131, 764.5390035993045]",awake,98.6,19.1,0,0
2024-01-11 12:00:00,77.7,"[840.4647179529909, 800.546314425453, 877.1414274365126, 730.9201039120071, 806.3145282697548]",awake,97.9,26.1,0,0
2024-01-11 12:30:00,76.7,"[788.6229928809321, 768.241438852836, 747.7478409285659, 768.6187076863795, 844.641213626764]",awake,97.3,28.0,0,0
2024-01-11 13:00:00,70.9,"[830.9070125285127, 797.2958582346679, 886.7518196367389, 774.101150390574, 806.7992846276026]",awake,98.1,17.2,0,0
2024-01-11 13:30:00,69.3,"[810.163242717552, 809.2017724674012, 822.4186030402464, 792.3050492929129, 720.1942145066683]",awake,98.1,26.0,0,0
2024-01-11 14:00:00,75.6,"[794.9898191750267, 763.9774232152057, 777.7056842322738, 804.9116825675201, 800.895282451101]",awake,97.9,17.6,0,0
2024-01-11 14:30:00,69.3,"[741.4136563450401, 861.6700304144854, 875.4264959031476, 776.6753072606016, 827.4436400523529]",awake,98.8,17.7,0,0
2024-01-11 15:00:00,91.4,"[852.44787733463, 814.7212147325437, 748.0972267217281, 792.290957567035, 819.5701452710543]",awake,97.3,19.3,0,0
2024-01-11 15:30:00,80.4,"[780.9379346703104, 742.2305686600224, 782.4744017535112, 740.5823027890727, 832.7735298866004]",awake,98.6,36.8,0,0
2024-01-11 16:00:00,76.6,"[820.6579153653163, 878.2797489040797, 842.064170678757, 802.2496776525043, 789.957848593511]",awake,97.9,24.8,0,0
2024-01-11 16:30:00,77.8,"[756.8889177869304, 780.1175080599594, 804.4787624898966, 830.0110082254062, 843.202597267691]",awake,98.1,17.4,0,0
2024-01-11 17:00:00,66.5,"[849.9291381777513, 812.817668636517, 883.6585317956275, 808.2275422790893, 807.0982439338095]",awake,98.2,27.4,0,0
2024-01-11 17:30:00,72.0,"[777.6150313330957, 804.0102795650447, 773.6480892151209, 814.0447114395931, 747.4460093026377]",awake,98.5,23.5,0,0
2024-01-11 18:00:00,85.5,"[833.6050504254538, 804.215433664623, 793.1302997459951, 810.5704594041104, 772.0663211670869]",awake,98.8,35.2,0,0
2024-01-11 18:30:00,69.8,"[852.9798879952345, 854.4520515938767, 745.4859130728108, 795.5415397033061, 735.791951495007]",awake,98.1,6.1,0,0
2024-01-11 19:00:00,76.5,"[801.1520747413299, 810.9558354354184, 825.8416549928706, 828.411406977472, 839.1271511403205]",awake,98.3,4.9,0,0
2024-01-11 19:30:00,77.2,"[812.8583807457026, 744.8282889358153, 786.4717544831902, 729.152381781905, 811.6167353197351]",awake,97.6,5.7,0,0
2024-01-11 20:00:00,74.7,"[854.1385201661678, 755.1146827465775, 826.3966934345143, 855.6583557741894, 732.4350164185503]",awake,97.2,13.7,0,0
2024-01-11 20:30:00,70.3,"[803.2663842295948, 829.0221452754349, 802.5786901311494, 786.05605692832, 806.6571431054999]",awake,97.2,32.9,0,0
2024-01-11 21:00:00,68.9,"[840.0589062846518, 766.9774907681632, 786.715192696887, 806.0048270805863, 879.3912396720582]",awake,97.5,42.1,0,0
2024-01-11 21:30:00,82.8,"[739.7110229290673, 829.3046074198477, 794.3386460782683, 781.061415273776, 749.1253759759063]",awake,98.3,12.5,0,0
2024-01-11 22:00:00,60.1,"[965.6336793260192, 1037.6742035147433, 885.5791581469083, 1025.9104135532236, 1013.8828452714905]",light,96.1,4.2,480,450
2024-01-11 22:30:00,57.3,"[1088.8151644207114, 905.3299321602697, 979.981336317192, 996.1271401493238, 1076.0566391308328]",light,95.7,5.6,480,450
2024-01-11 23:00:00,52.6,"[940.0792777480434, 1133.3991309437154, 1070.4282734824985, 921.3717514683169, 1025.2629466832545]",light,96.2,8.1,480,450
2024-01-11 23:30:00,60.6,"[991.0849560592218, 1078.2727320379527, 1047.865619618903, 997.620794858002, 937.9199015758868]",light,96.6,5.7,480,450
2024-01-12 00:00:00,56.9,"[1016.6035278937098, 984.3860043883365, 938.7788814893164, 1013.4600395363373, 1005.1773850718782]",deep,95.4,5.4,480,450
2024-01-12 00:30:00,59.1,"[1026.6431474845347, 985.7585378176694, 990.0126070880062, 986.0848432935544, 1015.878249191655]",deep,95.8,4.2,480,450
2024-01-12 01:00:00,45.4,"[1027.9362516451095, 995.595311967503, 1016.085846513678, 999.3510516101965, 1043.9327039508164]",deep,96.6,7.9,480,450
2024-01-12 01:30:00,68.2,"[971.794143739165, 1004.9718832711194, 1042.9484638713172, 1009.4943887008637, 982.0722086377342]",deep,96.4,4.7,480,450
2024-01-12 02:00:00,55.4,"[957.5570122143276, 1049.6534482083784, 1004.3924206011803, 930.2783843171258, 1012.291948618578]",rem,96.7,7.1,480,450
2024-01-12 02:30:00,62.2,"[931.6311719914406, 1037.9434479785439, 1045.7060021065295, 905.1891543170659, 1022.0921935866546]",rem,96.2,5.4,480,450
2024-01-12 03:00:00,45.4,"[976.8705710860021, 950.3725944025468, 1000.7577813664226, 1027.3329665166598, 946.5537502255306]",rem,95.6,4.6,480,450
2024-01-12 03:30:00,60.9,"[949.7249042890456, 983.5468709746276, 1016.659234194971, 1033.5140899480336, 909.9925897021333]",rem,96.2,8.0,480,450
2024-01-12 04:00:00,49.5,"[1085.9804715906528, 1037.1147554500078, 976.123638660423, 999.7697595600354, 974.7526415500793]",light,95.8,5.4,480,450
2024-01-12 04:30:00,59.9,"[895.7583494904453, 896.6027810915515, 959.3248329273688, 1010.9376113154271, 957.3879132406128]",light,96.6,3.3,480,450
2024-01-12 05:00:00,68.0,"[985.7146376897878, 1033.813372713359, 1047.771564990251, 1059.0157371721289, 997.6044684710516]",light,95.2,3.5,480,450
2024-01-12 05:30:00,64.9,"[1001.627892416532, 983.9777336882546, 1122.673018343962, 985.6819797630291, 1056.335727291886]",light,96.4,1.9,480,450
2024-01-12 06:00:00,90.3,"[810.4143386379245, 754.9636239571041, 828.8125814177757, 806.9331911290826, 779.6850659715849]",awake,98.4,9.6,0,0
2024-01-12 06:30:00,76.0,"[668.6974836196188, 827.0746117610336, 790.1488230712905, 831.703820081525, 788.0451742906802]",awake,98.1,27.3,0,0
2024-01-12 07:00:00,161.5,"[411.54241137690906, 421.8980806545148, 386.2467608793031, 439.28279883870175, 511.34532019550943]",awake,98.0,90.2,0,0
2024-01-12 07:30:00,149.6,"[408.16347748617943, 468.37508841596167, 459.4475302209572, 429.7433212789154, 406.1421572866868]",awake,97.5,86.3,0,0
2024-01-12 08:00:00,138.0,"[446.6887317685015, 447.3375284565788, 458.13452154766185, 450.87814985799787, 488.08244882465374]",awake,97.2,85.2,0,0
2024-01-12 08:30:00,145.7,"[459.0297913304022, 445.76452594701334, 415.6943425237151, 453.0030946133079, 364.06947691103653]",awake,97.7,79.5,0,0
2024-01-12 09:00:00,81.1,"[823.7783063829326, 860.4206653515608, 843.8044745662489, 769.7452729778203, 847.1854097015606]",awake,99.0,44.3,0,0
2024-01-12 09:30:00,74.4,"[767.5874943042801, 819.1679754888457, 775.5763524216211, 780.5997125331028, 746.9361243404952]",awake,98.2,7.6,0,0
2024-01-12 10:00:00,67.8,"[830.123132692104, 804.2806899921715, 768.183056288904, 806.8983111557616, 672.3369576716802]",awake,98.4,20.5,0,0
2024-01-12 10:30:00,61.8,"[760.8091338026996, 781.6035047701382, 781.2143342630412, 801.9115634531928, 821.8805317576943]",awake,98.4,30.1,0,0
2024-01-12 11:00:00,57.8,"[813.4344287316068, 766.1488407757694, 844.0317863358232, 829.3991400086223, 821.818036448892]",awake,97.1,31.8,0,0
2024-01-12 11:30:00,84.4,"[801.6454903766592, 731.5443909435577, 795.4931529804977, 865.4115789606686, 870.3649178957944]",awake,97.8,3.5,0,0
2024-01-12 12:00:00,66.3,"[894.3591875111586, 844.9947968702105, 729.0381182755925, 763.4635715002952, 750.8020621301088]",awake,98.7,18.1,0,0
2024-01-12 12:30:00,71.1,"[807.2229486024112, 819.9049726569151, 761.990065328331, 795.2753065469057, 762.7755733095966]",awake,98.3,16.1,0,0
2024-01-12 13:00:00,75.7,"[797.1013590516293, 745.0515130666892, 856.8056505340231, 797.9225218040074, 805.2504676451717]",awake,98.1,36.9,0,0
2024-01-12 13:30:00,72.9,"[766.1723643563708, 826.5062964310798, 854.9949997856821, 791.5781887218155, 821.4752532990052]",awake,97.3,23.6,0,0
2024-01-12 14:00:00,70.7,"[879.4488847398578, 803.471194353028, 829.9863128186888, 868.3910721893822, 776.9605111280798]",awake,98.2,30.8,0,0
2024-01-12 14:30:00,76.0,"[797.6890576668123, 841.2431148277801, 792.4045945368622, 836.9682017702494, 778.7439409014709]",awake,97.7,19.2,0,0
2024-01-12 15:00:00,73.9,"[761.1470003570579, 760.0723731996077, 857.0442845065168, 809.0661111892359, 760.5893239586566]",awake,98.4,28.7,0,0
2024-01-12 15:30:00,76.8,"[795.1265301313825, 761.7140571898785, 857.3697878283054, 812.8762607990672, 776.9314667936436]",awake,97.3,15.2,0,0
2024-01-12 16:00:00,69.8,"[838.2478993599264, 782.1312741323346, 810.6298254342244, 781.3585299480917, 755.0584885787432]",awake,97.2,31.7,0,0
2024-01-12 16:30:00,69.1,"[795.763122909298, 829.739633183895, 863.3616755823439, 793.2975845853867, 826.0733779407578]",awake,97.3,23.7,0,0
2024-01-12 17:00:00,74.6,"[816.8155930943956, 889.0810600077508, 862.3588079533498, 810.6570201116365, 804.2569310799436]",awake,98.3,3.5,0,0
2024-01-12 17:30:00,90.2,"[785.231076276645, 776.3371519554021, 788.8594776741646, 816.0018654938183, 773.0403417156799]",awake,97.8,12.7,0,0
2024-01-12 18:00:00,56.3,"[732.4251549241669, 763.2176929125333, 816.4369600749245, 840.7579986980751, 874.2672753788888]",awake,97.5,37.3,0,0
2024-01-12 18:30:00,91.9,"[873.9674924752451, 757.0451403744158, 879.8650401394729, 791.8590772581072, 833.2985707489722]",awake,98.1,19.5,0,0
2024-01-12 19:00:00,86.8,"[809.5529734806287, 753.371304738686, 796.4699467600234, 813.1263528180037, 826.8316520533809]",awake,97.4,17.3,0,0
2024-01-12 19:30:00,73.9,"[791.9936946404046, 815.4026007769525, 790.5842642617408, 717.9441664389738, 790.2090445693397]",awake,96.8,35.3,0,0
2024-01-12 20:00:00,83.2,"[766.2507293301758, 848.179867564923, 774.2805208752148, 787.829263220194, 742.4171323784246]",awake,98.3,32.7,0,0
2024-01-12 20:30:00,81.2,"[769.3871052776407, 799.0645045542554, 747.7631145426499, 830.740908248693, 844.8109197683743]",awake,97.4,39.9,0,0
2024-01-12 21:00:00,71.3,"[845.48229968837, 763.028151648821, 746.7525967059381, 835.7255523888543, 770.4436716465694]",awake,97.7,13.4,0,0
2024-01-12 21:30:00,75.3,"[786.3255009661275, 819.9446647125527, 796.9414275907812, 819.9211571352556, 783.3110234753564]",awake,98.1,22.1,0,0
2024-01-12 22:00:00,65.7,"[962.2691627255447, 902.6466341396196, 984.7831643509182, 1099.4464199086342, 1012.9242717358422]",light,95.3,4.5,480,450
2024-01-12 22:30:00,63.4,"[964.9247627120326, 981.6844189938316, 1010.2122048997869, 1005.3664948968375, 917.5512104314008]",light,96.8,2.8,480,450
2024-01-12 23:00:00,57.4,"[1031.9281151916434, 998.0436506987046, 990.3956390165781, 1080.21439328166, 917.6088386015917]",light,95.7,7.1,480,450
2024-01-12 23:30:00,57.3,"[1045.759946911288, 953.7829739962959, 990.3150944138107, 978.4368947414379, 991.4891869320088]",light,96.1,7.5,480,450
2024-01-13 00:00:00,61.5,"[1019.7977340023159, 1007.2311328867794, 982.2191904536703, 841.6537460086431, 933.3684595454295]",deep,95.1,2.9,480,450
2024-01-13 00:30:00,58.0,"[997.0255150586426, 988.7336399838555, 1106.0380393173268, 1025.4627341044334, 989.9484203252542]",deep,96.2,5.7,480,450
2024-01-13 01:00:00,54.8,"[982.1151648541465, 1063.9331923166599, 964.2485530981621, 917.5550642874516, 1036.636811075097]",deep,96.1,4.3,480,450
2024-01-13 01:30:00,60.5,"[977.1802402103718, 996.6652222951219, 1014.3540647239703, 1106.212951797825, 1039.0023735177945]",deep,96.0,7.9,480,450
2024-01-13 02:00:00,58.3,"[973.8705000180399, 999.8125489165359, 963.1191735578241, 1043.8084914708706, 968.1336231063088]",rem,95.4,6.3,480,450
2024-01-13 02:30:00,54.2,"[928.1166176369188, 932.5204870189948, 1037.5570469318327, 997.2046692136719, 976.5389535115387]",rem,96.6,6.9,480,450
2024-01-13 03:00:00,56.9,"[1013.84465355218, 1049.1400086922247, 1050.1360603053217, 1001.861176966584, 1053.523119698156]",rem,96.4,6.4,480,450
2024-01-13 03:30:00,58.7,"[911.4272929698094, 1056.547083530341, 985.4787182968396, 988.804818657073, 1000.3952184481278]",rem,96.3,0.5,480,450
2024-01-13 04:00:00,47.3,"[1009.1804253137602, 1033.8050315682447, 1077.9734363397079, 911.1760259937004, 1040.1896677259504]",light,95.8,7.5,480,450
2024-01-13 04:30:00,61.4,"[1002.3101408449826, 988.9642696416064, 1013.9113876289352, 981.3614878368478, 1008.2159958416836]",light,96.2,7.8,480,450
2024-01-13 05:00:00,55.7,"[982.6187453576395, 1036.6333203357487, 949.9589583124955, 933.5156960248779, 1047.2006879368125]",light,96.1,1.9,480,450
2024-01-13 05:30:00,65.5,"[1057.188015406741, 1067.8581716761241, 955.3580301479275, 997.374512309499, 1061.3084521944218]",light,96.1,8.2,480,450
2024-01-13 06:00:00,65.1,"[848.2045427803798, 857.1327314289942, 793.3207629463942, 790.3443518207077, 810.776703487476]",awake,98.4,28.0,0,0
2024-01-13 06:30:00,61.8,"[736.6758922288348, 757.5198676618897, 794.1294521836357, 787.7219984169908, 803.7692181147529]",awake,98.2,14.0,0,0
2024-01-13 07:00:00,68.7,"[817.1278025894686, 832.3435748100046, 825.2017158934384, 823.204656991601, 804.0337951467974]",awake,97.8,28.9,0,0
2024-01-13 07:30:00,78.4,"[828.1876405337242, 798.7928740223039, 751.5762522061971, 788.0132492464405, 885.0978319182616]",awake,98.5,11.6,0,0
2024-01-13 08:00:00,73.5,"[834.934775186039, 793.3160189506159, 791.5132602703608, 765.2700543192253, 811.6236598824406]",awake,97.4,27.8,0,0
2024-01-13 08:30:00,68.9,"[896.7363513349538, 787.6251190086681, 725.2321862981037, 820.1209975092505, 758.8125292140307]",awake,97.9,34.0,0,0
2024-01-13 09:00:00,88.5,"[827.6066907825181, 809.1293535117732, 787.3894341545712, 747.1680716585744, 738.1979558464536]",awake,97.9,22.2,0,0
2024-01-13 09:30:00,77.7,"[844.0697944059945, 822.5353969076174, 732.5308464332555, 838.9244487051029, 787.7708071554896]",awake,98.3,21.0,0,0
2024-01-13 10:00:00,92.6,"[790.4904323571511, 785.7479918938578, 876.9500849390089, 810.1587522212446, 825.5401633907146]",awake,97.7,17.3,0,0
2024-01-13 10:30:00,86.1,"[873.2260393917079, 756.0506410304995, 752.427038177449, 809.8751169568924, 759.4755720698221]",awake,97.2,19.4,0,0
2024-01-13 11:00:00,56.5,"[792.9588270160435, 790.3205067036589, 846.2189138697682, 812.8821698954634, 816.2745349166921]",awake,98.2,26.4,0,0
2024-01-13 11:30:00,72.8,"[820.6237537278491, 826.2795597058638, 809.8327570514303, 780.570218998636, 823.9301875661324]",awake,98.0,15.6,0,0
2024-01-13 12:00:00,89.1,"[771.8584944549189, 790.2847293541769, 790.3488610256724, 833.7996332603731, 766.4647560576402]",awake,98.2,15.3,0,0
2024-01-13 12:30:00,83.2,"[833.5049430156079, 739.3158191427003, 827.9232668774877, 818.92479031101, 807.1491855692343]",awake,98.3,24.6,0,0
2024-01-13 13:00:00,82.6,"[810.5410497262515, 788.2667776903646, 847.4364818761128, 768.2137354841635, 818.6868312378724]",awake,97.8,15.1,0,0
2024-01-13 13:30:00,91.1,"[775.5356621739151, 745.9870712168873, 734.7217902978248, 767.6366365291435, 796.3638396586948]",awake,96.8,31.4,0,0
2024-01-13 14:00:00,84.9,"[817.1915665017165, 798.0488291781985, 777.8388430264623, 888.466784348825, 837.9135904418364]",awake,97.2,32.1,0,0
2024-01-13 14:30:00,76.5,"[742.8199062551453, 796.1088686057076, 805.6327086056486, 830.2775728036768, 829.2373386804528]",awake,97.5,8.3,0,0
2024-01-13 15:00:00,64.9,"[800.2064754635062, 780.3782254052412, 758.0362633272857, 795.2895479653193, 856.7965744369378]",awake,98.3,5.9,0,0
2024-01-13 15:30:00,82.9,"[764.8951601469133, 762.405840865718, 745.309756596805, 823.6443531447965, 779.1568061533067]",awake,98.0,26.4,0,0
2024-01-13 16:00:00,88.1,"[839.2804493241565, 783.9896992277776, 771.5661496635037, 744.6272013350159, 863.9446302732433]",awake,97.4,0.4,0,0
2024-01-13 16:30:00,75.8,"[725.2671683883224, 742.2759495543193, 780.7056855526166, 845.7565349378582, 802.7315968659244]",awake,98.0,12.9,0,0
2024-01-13 17:00:00,72.1,"[819.4027803052344, 762.5084663081886, 840.7025704377962, 790.0838014450849, 785.0837671801561]",awake,98.0,30.6,0,0
2024-01-13 17:30:00,63.2,"[817.1259357142412, 821.7078616955204, 794.7042316257105, 718.5685345259204, 875.1828120452798]",awake,98.8,31.9,0,0
2024-01-13 18:00:00,75.4,"[783.2381061639238, 826.8555676809718, 820.818266766377, 822.621866817195, 774.5516532948675]",awake,97.8,15.4,0,0
2024-01-13 18:30:00,104.9,"[769.385713902233, 771.1017966814109, 775.2982850402043, 875.8260947553503, 785.9449893847873]",awake,97.8,6.8,0,0
2024-01-13 19:00:00,70.1,"[744.4088019541974, 824.632820666184, 861.731721326558, 722.6780197737423, 814.8053268921126]",awake,98.1,7.4,0,0
2024-01-13 19:30:00,75.9,"[741.551252306712, 763.7687692198477, 752.1977245950253, 786.2297370366748, 819.0078174364202]",awake,97.2,18.5,0,0
2024-01-13 20:00:00,72.1,"[862.9038713508573, 875.5346240617722, 836.900772908378, 802.3446602276737, 816.6101520782711]",awake,98.4,4.7,0,0
2024-01-13 20:30:00,79.0,"[806.1561308437543, 736.3472864161547, 824.8994312054324, 808.5903481946409, 724.871957856634]",awake,98.0,13.3,0,0
2024-01-13 21:00:00,69.8,"[728.4597676633525, 769.6971355389408, 821.7193245805672, 824.758675346927, 818.5291910332513]",awake,97.9,20.0,0,0
2024-01-13 21:30:00,83.4,"[737.0043719243727, 848.1989344131791, 773.6690778386103, 785.4483422363725, 818.2546033884901]",awake,98.4,29.2,0,0
2024-01-13 22:00:00,54.8,"[966.4600134428248, 981.8696039738368, 1036.123830505834, 883.7471448304532, 1029.2620676420506]",light,95.7,3.4,480,450
2024-01-13 22:30:00,63.6,"[969.3347596758625, 955.2367696309863, 1015.9586524291556, 959.54706735403, 1001.0372065896678]",light,96.3,5.4,480,450
2024-01-13 23:00:00,61.9,"[1023.5807744833382, 914.0745501044415, 1022.7810842713797, 1114.3365926493827, 997.458157833112]",light,95.2,5.3,480,450
2024-01-13 23:30:00,60.5,"[879.0298763801172, 992.601898933865, 1034.7462272680186, 914.1743917254485, 1051.9881905350196]",light,95.6,5.3,480,450
2024-01-14 00:00:00,58.0,"[1052.6259314083666, 925.7891861372959, 1028.8751982589968, 1044.2537616549776, 1066.1661374702776]",deep,95.9,1.8,480,450
2024-01-14 00:30:00,59.9,"[997.7340945288265, 937.3590562878953, 901.0372170248905, 972.3337655921708, 1059.724794703856]",deep,96.3,3.9,480,450
2024-01-14 01:00:00,66.6,"[997.8149834380661, 975.6374650746958, 1039.4235148503055, 1037.9490491973536, 1032.7627653003237]",deep,96.5,4.1,480,450
2024-01-14 01:30:00,69.3,"[1048.1749762216405, 931.2204171873462, 1049.128723767963, 953.3579397632906, 974.0985200976805]",deep,96.1,5.2,480,450
2024-01-14 02:00:00,49.6,"[981.4593904906208, 1135.1280225823684, 1031.681163242373, 959.8747674405687, 975.1135921276452]",rem,95.2,3.0,480,450
2024-01-14 02:30:00,64.9,"[1048.133634189744, 1007.4513794997417, 994.4234581752828, 891.5976422879345, 977.4217020084457]",rem,96.1,2.2,480,450
2024-01-14 03:00:00,55.3,"[979.0719959864862, 965.7496018381685, 989.1887924919207, 1044.982353765706, 983.44120294135]",rem,95.7,5.4,480,450
2024-01-14 03:30:00,52.1,"[899.1987389500147, 1019.7976341057467, 1021.7215369512517, 977.1849762413088, 1034.271455953735]",rem,96.2,5.9,480,450
2024-01-14 04:00:00,61.1,"[966.0771888151309, 1021.5103048544655, 1007.0799788478291, 974.248758615774, 1028.946272311166]",light,96.4,4.5,480,450
2024-01-14 04:30:00,52.7,"[931.4737281281625, 990.7969846887578, 1068.4326764506077, 1096.9925499375126, 970.2315837365687]",light,96.8,6.9,480,450
2024-01-14 05:00:00,60.5,"[1014.0233357715479, 1082.0598382675278, 1040.0464838592454, 956.200958707395, 957.7629428014827]",light,96.4,5.3,480,450
2024-01-14 05:30:00,62.5,"[988.4749521192372, 1034.5042005710206, 1124.5628185829542, 1037.0017601744476, 926.5425893748932]",light,95.9,2.0,480,450
2024-01-14 06:00:00,70.2,"[789.4849981400868, 721.6133226814712, 763.384325287594, 765.822022553887, 756.4586373890397]",awake,98.8,5.7,0,0
2024-01-14 06:30:00,84.6,"[823.2584846138552, 738.9171792391629, 792.0775614405422, 816.3866204880053, 739.813805963156]",awake,97.8,13.3,0,0
2024-01-14 07:00:00,75.0,"[757.0675525397245, 830.5515849265308, 865.9960702937278, 895.7361980584938, 789.0097082045324]",awake,98.5,23.7,0,0
2024-01-14 07:30:00,63.6,"[828.7182793571434, 826.7299398078243, 798.9690233126881, 816.723933407765, 821.9899518141445]",awake,98.0,34.0,0,0
2024-01-14 08:00:00,88.0,"[767.408869217146, 767.1006897562563, 740.9987203306836, 814.9683122772354, 776.98731670259]",awake,98.2,11.1,0,0
2024-01-14 08:30:00,63.4,"[764.2020297534194, 829.6778209555506, 787.0105996866131, 781.2006176491922, 809.6854347013573]",awake,98.1,25.1,0,0
2024-01-14 09:00:00,72.3,"[799.341541615435, 821.9419387817046, 823.2453766230049, 845.5250041428467, 879.5205033464371]",awake,98.5,19.4,0,0
2024-01-14 09:30:00,86.1,"[796.4798111181309, 747.1543365384221, 866.256693162095, 740.9302218885159, 864.5383192952813]",awake,99.0,20.3,0,0
2024-01-14 10:00:00,79.0,"[829.8614324841194, 797.5312825634567, 839.1110336052087, 773.2001496369907, 838.5519363524048]",awake,97.3,23.5,0,0
2024-01-14 10:30:00,80.6,"[874.9112513061832, 745.1140237336857, 789.6936615261135, 789.6628162851049, 840.9884848967482]",awake,97.7,24.4,0,0
2024-01-14 11:00:00,71.3,"[800.5671389883679, 841.7977882083048, 819.0888798113258, 843.406289799101, 797.7512603425032]",awake,98.0,4.8,0,0
2024-01-14 11:30:00,89.8,"[789.9229056872463, 785.9390707719615, 788.5060661831237, 802.0196887670155, 860.2964299766352]",awake,98.2,11.2,0,0
2024-01-14 12:00:00,80.5,"[790.516302714417, 827.1559083768348, 807.29693832884, 796.5685987017978, 848.5090343067229]",awake,98.1,13.4,0,0
2024-01-14 12:30:00,76.2,"[900.8659569232284, 810.691975326224, 803.8284584314948, 805.8582265385315, 816.0473001521251]",awake,97.8,20.8,0,0
2024-01-14 13:00:00,69.1,"[882.3235400143287, 869.2475882289517, 804.5870723490102, 769.7325470120019, 875.5074414492788]",awake,97.6,17.2,0,0
2024-01-14 13:30:00,77.4,"[781.7061060791787, 729.1140815930057, 796.4753930528336, 797.6182853454984, 769.4438370056872]",awake,98.3,10.1,0,0
2024-01-14 14:00:00,80.7,"[751.9665084304025, 872.8493391982954, 816.4819616908223, 836.3255010349519, 792.744386963583]",awake,98.0,16.7,0,0
2024-01-14 14:30:00,68.2,"[863.2582611647204, 763.3459086168019, 854.2093472446212, 822.5247564790606, 760.4241558913951]",awake,98.2,30.0,0,0
2024-01-14 15:00:00,66.3,"[782.0914513436954, 778.6151755877041, 846.0000344222289, 800.1631563078068, 773.9215861498907]",awake,98.1,17.7,0,0
2024-01-14 15:30:00,59.2,"[784.4462690159379, 810.8154747519989, 816.5509890865587, 767.4101671220926, 707.0555053223925]",awake,98.6,30.0,0,0
2024-01-14 16:00:00,74.0,"[757.5840493108248, 736.7324240891406, 790.7327946986252, 764.7190474296633, 743.4081336973029]",awake,98.4,26.9,0,0
2024-01-14 16:30:00,79.4,"[739.5041711765126, 792.3505055656261, 796.8187424929195, 796.8590189647131, 841.1077594924163]",awake,98.7,12.7,0,0
2024-01-14 17:00:00,66.2,"[744.8585409715653, 754.7923306303396, 786.9294404434937, 771.9172399689561, 786.4107514729586]",awake,97.6,22.3,0,0
2024-01-14 17:30:00,63.5,"[803.6249023617797, 829.0299726285052, 807.2404936166248, 804.8087095330507, 834.3140999775297]",awake,97.9,20.1,0,0
2024-01-14 18:00:00,79.0,"[743.435251249205, 836.9201173677068, 790.9206679231261, 816.9896133291179, 839.840180997616]",awake,97.8,7.7,0,0
2024-01-14 18:30:00,75.7,"[811.4324097584116, 877.4981089288327, 740.3306285950761, 783.2263514998062, 767.2683251732476]",awake,98.4,14.4,0,0
2024-01-14 19:00:00,55.7,"[813.7461301874778, 850.9991665978447, 806.3019771014477, 794.8141729450663, 773.5083030091158]",awake,98.1,17.9,0,0
2024-01-14 19:30:00,56.9,"[776.1685547244695, 765.224563351562, 821.3174013060274, 732.7457652259066, 751.8219339268638]",awake,98.2,4.1,0,0
2024-01-14 20:00:00,65.0,"[818.9416443393784, 797.0859124344736, 707.9954914013135, 817.4608648036308, 834.1966594554966]",awake,97.6,14.7,0,0
2024-01-14 20:30:00,70.0,"[722.4751404585948, 845.7997051374796, 801.2619254931668, 819.265009837097, 740.9944628816501]",awake,98.0,18.1,0,0
2024-01-14 21:00:00,64.1,"[802.0920548690889, 817.3149500691671, 787.5916638673563, 788.8702115302115, 827.2019850797079]",awake,98.5,25.1,0,0
2024-01-14 21:30:00,81.1,"[804.3775921770855, 728.914233931905, 788.4483076324468, 713.0656992072866, 765.0265639410173]",awake,97.3,23.6,0,0
2024-01-14 22:00:00,51.1,"[1067.6182564489532, 944.2844689453215, 888.5557053246382, 1029.5716986110565, 1029.9587894872118]",light,96.4,3.8,480,450
2024-01-14 22:30:00,48.8,"[1032.0163007877863, 1034.4413042929975, 1023.9239522988216, 1029.1797000003194, 1032.7903035927668]",light,95.0,7.4,480,450
2024-01-14 23:00:00,62.8,"[1000.3715790805918, 918.061299027975, 945.6176841680522, 1022.0236890654114, 1005.1012985476129]",light,96.4,3.4,480,450
2024-01-14 23:30:00,60.4,"[997.271284352046, 933.6086955977628, 1058.3470114005734, 983.8990456550747, 997.6542266873288]",light,96.6,3.8,480,450
2024-01-15 00:00:00,55.4,"[1018.5013717062805, 990.1923879842237, 985.253544283728, 1009.726809755944, 929.7671421282007]",deep,96.0,8.3,480,450
2024-01-15 00:30:00,48.1,"[1041.6067236582205, 1052.7025094580104, 996.8676634073614, 1009.9431871996281, 1042.1162599489617]",deep,94.8,5.2,480,450
2024-01-15 01:00:00,62.9,"[897.1572926862906, 1126.123237229271, 1031.8258727419206, 1095.8612776146902, 936.1995139818678]",deep,96.3,9.1,480,450
2024-01-15 01:30:00,57.2,"[990.0313929433814, 966.0890263799447, 1014.2424816816012, 1040.6175194077455, 1086.3402735106292]",deep,96.1,6.5,480,450
2024-01-15 02:00:00,55.6,"[930.111326521391, 912.6478887345102, 994.6464996563543, 1002.4210038954302, 966.9046240512984]",rem,96.4,6.4,480,450
2024-01-15 02:30:00,54.2,"[1041.489754084034, 1060.8976788820726, 928.2174924479656, 980.2170231457003, 1080.5455544712258]",rem,96.1,2.3,480,450
2024-01-15 03:00:00,51.6,"[1016.5461356810865, 1011.4186565242151, 946.8282365282008, 1062.7607060582243, 1072.6610011841422]",rem,96.2,5.2,480,450
2024-01-15 03:30:00,54.0,"[1013.2644743072183, 1081.6998724025511, 1020.6902560491438, 1035.1224990457458, 974.1475497604646]",rem,95.7,5.3,480,450
2024-01-15 04:00:00,54.6,"[1044.9492667357626, 1066.3037863045606, 898.3155756750612, 1059.865534912736, 1063.887761891878]",light,95.7,3.5,480,450
2024-01-15 04:30:00,59.5,"[1004.5721264522303, 991.3454483175404, 955.2082527727887, 974.2831244144026, 933.0170133783298]",light,95.2,7.6,480,450
2024-01-15 05:00:00,57.1,"[974.3983083491728, 996.1564783486965, 946.4750238944044, 1017.930599305545, 1042.0098521936134]",light,95.4,3.5,480,450
2024-01-15 05:30:00,53.3,"[972.8099211015548, 1007.0603107546111, 933.4839038646107, 967.19109757007, 1032.6220116899665]",light,96.2,7.7,480,450
2024-01-15 06:00:00,65.7,"[823.0390793571542, 737.850649746093, 832.2181426284282, 887.1488971158161, 748.9405431182419]",awake,97.7,19.6,0,0
2024-01-15 06:30:00,78.0,"[756.2424639058331, 798.0608966892316, 842.7753686700232, 820.3678296839929, 920.7078399817992]",awake,98.3,29.1,0,0
2024-01-15 07:00:00,130.9,"[427.3113128535956, 380.7963445649645, 378.3741888601072, 409.8335989595506, 421.74818713075484]",awake,98.0,71.2,0,0
2024-01-15 07:30:00,135.5,"[426.98481595362927, 425.641970250463, 374.9415558649859, 447.34922577462316, 422.87280264267014]",awake,98.0,79.2,0,0
2024-01-15 08:00:00,135.5,"[344.3626733494584, 408.63730795501556, 461.0717853993558, 401.1129560141344, 410.45966855385916]",awake,98.1,85.6,0,0
2024-01-15 08:30:00,140.5,"[449.9801999128287, 395.28818213768636, 378.2151241158871, 426.7914924335267, 418.4749092243694]",awake,97.7,78.8,0,0
2024-01-15 09:00:00,78.4,"[814.4282352081798, 742.0558297126262, 782.9619290622865, 804.6959131122603, 721.7998850476629]",awake,97.9,19.7,0,0
2024-01-15 09:30:00,70.6,"[844.9421546479023, 821.1560811109055, 801.4112193481634, 836.4900826936592, 809.2679073321183]",awake,97.7,21.2,0,0
2024-01-15 10:00:00,79.6,"[716.6066649127249, 725.1530624984272, 788.716399379209, 793.1519066061385, 824.8474574330513]",awake,98.0,23.2,0,0
2024-01-15 10:30:00,79.6,"[748.9572566676333, 765.2668978304301, 746.8933750739293, 824.2903213252837, 793.3091370532887]",awake,98.0,22.6,0,0
2024-01-15 11:00:00,77.1,"[809.3192942634843, 801.8162766239641, 716.7518308813982, 811.9642469819028, 759.6239890566128]",awake,97.5,26.1,0,0
2024-01-15 11:30:00,56.6,"[789.9326271705507, 792.6266737191725, 811.2627906738863, 843.443047921375, 879.3495344832099]",awake,97.4,22.1,0,0
2024-01-15 12:00:00,78.1,"[844.7291882934629, 730.5294935141292, 773.5530718501013, 742.9451134700303, 763.5626350836294]",awake,98.5,21.8,0,0
2024-01-15 12:30:00,75.3,"[733.5709482541195, 782.4512563803743, 796.212467666782, 745.6875064923947, 732.7667262900036]",awake,98.0,14.4,0,0
2024-01-15 13:00:00,62.9,"[801.1075262437937, 871.661598771187, 787.5729724359709, 785.5004914149221, 791.065610753219]",awake,98.6,12.9,0,0
2024-01-15 13:30:00,79.1,"[752.9027357535986, 716.0098439531878, 833.4144707644161, 768.5251568801573, 836.8172453804137]",awake,98.4,11.6,0,0
2024-01-15 14:00:00,71.4,"[834.3758241538909, 792.0272451523776, 892.8515832507527, 755.8217781933264, 799.5732820709419]",awake,98.7,35.6,0,0
2024-01-15 14:30:00,70.6,"[865.5810695456458, 772.7399081839513, 841.1780239189693, 869.1745613398974, 839.0735215794248]",awake,98.1,14.3,0,0
2024-01-15 15:00:00,74.2,"[780.686168591291, 807.9435007510642, 845.2715785513677, 850.2650706462316, 754.5497778314378]",awake,97.8,18.9,0,0
2024-01-15 15:30:00,81.5,"[786.7026363321734, 835.0389306457959, 844.4052053404623, 782.3684179733516, 829.6780150514481]",awake,97.8,21.4,0,0
2024-01-15 16:00:00,84.0,"[815.0479899966339, 830.6038290364544, 790.883998168912, 801.919438879538, 809.8637243911973]",awake,98.5,12.7,0,0
2024-01-15 16:30:00,72.9,"[853.1992590658851, 837.5010673765447, 815.6133325521866, 733.5710659751409, 820.2951755055033]",awake,97.2,18.6,0,0
2024-01-15 17:00:00,69.3,"[760.4388655619944, 858.8420049765141, 874.6032371712766, 814.2104569487452, 774.5307293062219]",awake,97.9,21.7,0,0
2024-01-15 17:30:00,79.2,"[816.122055682663, 837.138536448695, 815.5939715247295, 772.00389021106, 797.3533466961827]",awake,96.6,0.0,0,0
2024-01-15 18:00:00,67.5,"[790.7687180352566, 760.4766023432617, 876.76526433264, 893.0356151789854, 733.4048171825264]",awake,97.6,30.4,0,0
2024-01-15 18:30:00,71.8,"[913.1177505746213, 806.7080732007385, 833.8122497516533, 830.0387443334101, 741.3624052914823]",awake,98.1,16.8,0,0
2024-01-15 19:00:00,81.8,"[804.0713602283205, 863.4153332671826, 808.9359237308408, 741.9389032738245, 776.7906273692292]",awake,98.2,2.0,0,0
2024-01-15 19:30:00,89.8,"[864.2951904255161, 762.9527729892359, 807.8311575709375, 836.953165405644, 737.7648966094287]",awake,98.4,3.6,0,0
2024-01-15 20:00:00,72.9,"[725.8112498146378, 790.7436921114622, 854.5072233803836, 742.2303679563362, 798.4802685988508]",awake,97.7,27.2,0,0
2024-01-15 20:30:00,68.7,"[851.4743191056585, 765.3738831595718, 825.8669155513462, 775.7739251883236, 768.0935707332953]",awake,97.9,28.2,0,0
2024-01-15 21:00:00,63.0,"[839.6886639018361, 825.6811348979169, 803.5284664544535, 784.1988623522302, 835.8159784507699]",awake,97.9,21.9,0,0
2024-01-15 21:30:00,73.9,"[790.2255084389519, 848.6337075350548, 792.1104322064526, 787.3583241411264, 861.5845226952199]",awake,98.1,24.6,0,0
2024-01-15 22:00:00,64.3,"[1054.5510656594863, 955.8862412386716, 990.4455399449047, 1093.0214254191883, 985.4788086995485]",light,96.7,3.2,480,450
2024-01-15 22:30:00,52.9,"[973.330814991005, 958.3686771574601, 977.6688744243258, 986.8478227830095, 967.8608966053578]",light,95.5,3.2,480,450
2024-01-15 23:00:00,57.8,"[986.0592453073234, 1099.3420433712547, 995.6137288693192, 1057.9554545755616, 978.1392210839898]",light,95.7,3.2,480,450
2024-01-15 23:30:00,56.1,"[974.849214333973, 918.3159362636399, 930.7220345132879, 1051.2967800544643, 947.6011344450249]",light,96.0,1.7,480,450
2024-01-16 00:00:00,61.4,"[1052.1333768066065, 1049.0535681978388, 1072.9584933673905, 1119.7945388205205, 1095.126224395533]",deep,94.8,3.5,480,450
2024-01-16 00:30:00,59.3,"[1095.044016655468, 936.8561229342585, 1048.0739683418474, 990.7868695226874, 1073.6659376975688]",deep,96.0,6.9,480,450
2024-01-16 01:00:00,56.6,"[965.359169484744, 1033.877911523579, 1053.5529343259432, 971.4637660499628, 1005.6800142334738]",deep,95.9,7.0,480,450
2024-01-16 01:30:00,68.4,"[1010.9430119083338, 987.6104173676549, 1070.5542873865513, 1027.2736647092156, 1057.1795389506035]",deep,96.6,5.6,480,450
2024-01-16 02:00:00,67.6,"[1003.2117338740491, 995.0898375495, 965.022611473165, 1061.1622970450592, 973.8443302764013]",rem,96.2,6.1,480,450
2024-01-16 02:30:00,58.7,"[995.1060897794326, 926.9114145765566, 1049.9401024345868, 967.9787410484752, 1042.2833413274325]",rem,96.1,5.4,480,450
2024-01-16 03:00:00,63.5,"[1006.6877352188643, 1035.9085050608123, 997.3214815085687, 1043.4382617474002, 1033.0223489179805]",rem,96.3,5.2,480,450
2024-01-16 03:30:00,60.4,"[947.8207928762324, 987.1353640921755, 1004.1631520696, 951.6037017722459, 1041.7224928237724]",rem,96.6,5.8,480,450
2024-01-16 04:00:00,57.5,"[1008.2731372235856, 1116.4521405624566, 974.5724189877867, 1038.3150274973075, 947.0875096808946]",light,96.0,6.7,480,450
2024-01-16 04:30:00,56.4,"[1033.8881704690466, 1051.8336535025835, 974.1116674589456, 1009.3680043001027, 1135.1934003835631]",light,96.3,5.7,480,450
2024-01-16 05:00:00,60.3,"[1010.1812780983729, 1098.6333694624313, 1000.8971346152051, 990.1569676140545, 1044.4117235012693]",light,95.9,5.9,480,450
2024-01-16 05:30:00,58.4,"[996.3868622964576, 1087.6010639972278, 1099.7746330820405, 958.8768834212487, 1022.0368425123715]",light,96.6,4.8,480,450
2024-01-16 06:00:00,67.4,"[843.8138612520645, 819.4384258999585, 849.8238382586866, 719.8424321360741, 731.5841112070912]",awake,97.9,30.0,0,0
2024-01-16 06:30:00,68.2,"[816.0823643065747, 791.0506653989876, 817.7609780190206, 814.4478387806731, 748.7821237382326]",awake,97.7,26.0,0,0
2024-01-16 07:00:00,142.4,"[456.2900070957393, 395.60726800841155, 442.14842483404794, 438.92641233223213, 422.68622547990634]",awake,97.7,78.4,0,0
2024-01-16 07:30:00,133.1,"[416.91252163233514, 399.5123448849838, 429.7264652129202, 498.25275427787125, 435.3798954853167]",awake,97.7,81.7,0,0
2024-01-16 08:00:00,146.8,"[411.90269344854244, 414.2934744534686, 474.8094908343116, 458.89678552894225, 478.2925709963194]",awake,97.0,87.1,0,0
2024-01-16 08:30:00,150.2,"[477.7608047866107, 397.5416529343583, 392.0716014439041, 463.83795842337423, 380.63270661318376]",awake,98.1,86.2,0,0
2024-01-16 09:00:00,81.2,"[787.9200571866543, 766.9008083075742, 786.9297044039557, 743.6638414067132, 713.9984939340486]",awake,98.3,13.5,0,0
2024-01-16 09:30:00,72.2,"[775.3194690871087, 765.5377378353942, 770.6148016995659, 790.2851755897963, 756.4677580028218]",awake,98.5,12.9,0,0
2024-01-16 10:00:00,79.9,"[771.2281860209899, 834.5923201948904, 865.9261387509475, 837.8556910853672, 763.1869237074093]",awake,98.6,42.0,0,0
2024-01-16 10:30:00,76.2,"[810.4553086033137, 827.1699558820851, 789.614802962881, 824.0108383715861, 816.385242569877]",awake,97.6,9.4,0,0
2024-01-16 11:00:00,69.4,"[799.5910921336792, 844.0331067729813, 781.2957780664228, 772.1527491722769, 873.7300619729596]",awake,97.8,26.0,0,0
2024-01-16 11:30:00,59.5,"[857.2216914444784, 789.8445198991998, 873.7359551229371, 814.9517462434342, 762.5864711280927]",awake,98.1,20.7,0,0
2024-01-16 12:00:00,74.1,"[843.7641076170776, 772.600748448786, 765.5613091692946, 820.2666611953273, 820.8383133286522]",awake,97.8,0.0,0,0
2024-01-16 12:30:00,80.6,"[878.6037986240392, 727.030368339523, 782.3528348108587, 819.8813081000948, 759.2257660212573]",awake,98.7,21.0,0,0
2024-01-16 13:00:00,75.4,"[869.5239954681524, 752.1053257559842, 744.3296417808878, 745.9613472759922, 822.1438535278181]",awake,97.3,24.3,0,0
2024-01-16 13:30:00,70.7,"[802.093464882868, 799.2453513108766, 889.4783947173803, 750.441995620639, 729.3398065742888]",awake,98.2,28.0,0,0
2024-01-16 14:00:00,74.0,"[844.7067241142922, 844.192018534037, 790.2043551496716, 804.1381923001027, 843.3263602384791]",awake,98.5,13.0,0,0
2024-01-16 14:30:00,72.6,"[815.3951087923944, 813.8158753199427, 791.9503063823979, 754.7616223592956, 842.4473487539309]",awake,98.4,11.7,0,0
2024-01-16 15:00:00,69.3,"[791.6896490724265, 826.7823079803715, 803.0186546924068, 808.3108481045928, 698.35101757557]",awake,97.3,26.9,0,0
2024-01-16 15:30:00,69.8,"[871.5773243878842, 775.5433302717298, 729.8155853750274, 774.9842500409854, 767.2949903424638]",awake,98.0,39.3,0,0
2024-01-16 16:00:00,82.1,"[781.7780004140261, 790.6731212431104, 776.4229384253259, 814.092096383289, 782.6118428782614]",awake,99.0,10.5,0,0
2024-01-16 16:30:00,85.6,"[737.1054417179098, 820.0383960767161, 842.2785985603448, 756.9854624364862, 726.4042472676315]",awake,98.3,36.2,0,0
2024-01-16 17:00:00,84.7,"[775.0951196857817, 776.0073420039807, 797.4543319592113, 772.9006856136075, 750.7406237367524]",awake,96.8,20.7,0,0
2024-01-16 17:30:00,80.8,"[812.1259722973447, 751.0559657239935, 786.9808483467737, 843.1577729747265, 841.5727806785553]",awake,97.0,15.9,0,0
2024-01-16 18:00:00,81.9,"[851.1394061554356, 715.3352946459922, 782.7729353442317, 822.9262429493077, 815.0719683013916]",awake,97.3,33.7,0,0
2024-01-16 18:30:00,73.6,"[790.5339387032574, 768.9164857028347, 725.3430050178332, 860.2074977355803, 879.4677847771065]",awake,98.1,34.2,0,0
2024-01-16 19:00:00,89.8,"[775.2612763909721, 814.321834502459, 788.1556403317155, 832.2880166048392, 763.6365336709721]",awake,98.8,6.2,0,0
2024-01-16 19:30:00,81.7,"[819.6410800709104, 791.6128610549619, 737.4684508614102, 790.3276669039052, 753.1090886578856]",awake,98.5,19.3,0,0
2024-01-16 20:00:00,69.6,"[712.1308593991033, 782.3022459449655, 766.0789219005428, 845.3155105720667, 825.0502341124619]",awake,97.4,26.0,0,0
2024-01-16 20:30:00,81.5,"[751.8836722892027, 798.6670405096594, 782.9908481819818, 773.3521399279502, 763.4455782172842]",awake,97.4,19.0,0,0
2024-01-16 21:00:00,81.7,"[823.7647278623067, 766.0463031178747, 833.8275828934272, 806.8007086439688, 779.2117085729668]",awake,97.7,24.2,0,0
2024-01-16 21:30:00,88.8,"[788.5645318735366, 814.1771384792353, 826.9266944177547, 818.8390049101486, 872.1448829866797]",awake,97.7,27.0,0,0
2024-01-16 22:00:00,66.9,"[933.3707022860378, 1027.601745215653, 966.0697187255911, 1006.6654661974062, 951.6172797546194]",light,96.1,6.5,480,450
2024-01-16 22:30:00,64.1,"[1031.7600287989114, 975.3382074710888, 1036.5044689476913, 1005.3749950434155, 1067.2702110888652]",light,95.5,3.4,480,450
2024-01-16 23:00:00,62.9,"[966.9788326659067, 959.4699710692387, 1081.1124371034214, 1024.959968228032, 944.7316716061106]",light,96.1,4.5,480,450
2024-01-16 23:30:00,60.3,"[1019.0261933971871, 997.578614773429, 894.670178192232, 1053.021609342381, 1011.1828441043173]",light,95.9,2.3,480,450
2024-01-17 00:00:00,53.6,"[1040.5437176901733, 1035.6283974209061, 977.6330124284266, 941.6018069898446, 982.1641116553178]",deep,95.9,4.6,480,450
2024-01-17 00:30:00,62.1,"[1022.8113387282377, 1095.006565242272, 998.4869547779356, 977.5314439495822, 1002.4189138146619]",deep,96.5,6.2,480,450
2024-01-17 01:00:00,59.5,"[1032.425211352604, 1009.1670664877691, 1029.8023864010393, 978.9792852594242, 956.2800898443351]",deep,95.6,5.4,480,450
2024-01-17 01:30:00,54.1,"[986.0351955876872, 1086.5106387970384, 1032.9998691516387, 948.9327204197275, 1041.955214805196]",deep,96.1,7.2,480,450
2024-01-17 02:00:00,45.1,"[917.998634711096, 1045.9522084413034, 1052.2217597260617, 1055.9599145282739, 1042.9164611421436]",rem,95.8,0.8,480,450
2024-01-17 02:30:00,62.2,"[903.0946272294186, 1019.7531784891958, 977.503186308051, 1062.1576097404543, 995.7178175782307]",rem,95.8,4.9,480,450
2024-01-17 03:00:00,48.9,"[1016.6553347058356, 954.3285402263649, 916.0374800857311, 1012.0960915540237, 1013.0051139812216]",rem,95.3,6.6,480,450
2024-01-17 03:30:00,71.0,"[1101.7382699817995, 1099.8542010414917, 934.8169504749427, 1030.920854920603, 946.3203218944162]",rem,96.7,3.3,480,450
2024-01-17 04:00:00,57.1,"[1009.0867380626231, 1007.258809725622, 936.8267573901041, 1013.0783365123852, 1073.8666743762694]",light,95.7,3.4,480,450
2024-01-17 04:30:00,55.6,"[875.8314280563173, 978.1622798481453, 1086.5257902716464, 1039.5099369943734, 977.6935088493261]",light,95.8,7.3,480,450
2024-01-17 05:00:00,67.5,"[1073.0010179101473, 987.7830104828794, 954.8817702886066, 1013.8496460478691, 1095.5558678896875]",light,95.3,5.9,480,450
2024-01-17 05:30:00,64.6,"[990.0098177528378, 993.3163703929943, 1030.0430472882817, 1017.1714436987008, 1008.3552629101565]",light,95.7,4.7,480,450
2024-01-17 06:00:00,69.2,"[748.9397136610564, 833.7009102023965, 813.1134828384315, 869.9080608356169, 841.1970837774645]",awake,98.0,21.3,0,0
2024-01-17 06:30:00,60.0,"[835.3229876864823, 827.489952420221, 727.3114816395604, 748.5445687167792, 797.852907016427]",awake,98.1,16.2,0,0
2024-01-17 07:00:00,142.2,"[389.84272971491055, 428.02845716121266, 447.8035992615198, 449.2380766045442, 392.38223353739943]",awake,98.3,87.5,0,0
2024-01-17 07:30:00,147.8,"[454.68923948563776, 469.3774831902732, 489.4832530821053, 389.5691557780953, 436.70853289794877]",awake,98.7,83.2,0,0
2024-01-17 08:00:00,136.0,"[455.69432682292455, 470.2725488850786, 442.9174033349319, 426.51553874842995, 413.0181314935121]",awake,97.7,83.4,0,0
2024-01-17 08:30:00,133.5,"[460.8430776738766, 482.90844972433933, 401.6980067845188, 440.2892036154201, 438.75765807473385]",awake,98.2,85.3,0,0
2024-01-17 09:00:00,71.2,"[751.3130766264911, 850.1245695329101, 873.7482934488901, 820.7146017090689, 795.1263984529969]",awake,99.0,25.4,0,0
2024-01-17 09:30:00,80.2,"[853.2909306763022, 800.9990232384264, 747.021684836322, 769.7189338687049, 819.194866911286]",awake,98.8,16.4,0,0
2024-01-17 10:00:00,86.7,"[733.7873674617839, 756.6926846213929, 804.810317382325, 812.2495944329555, 813.1973799588498]",awake,97.9,29.1,0,0
2024-01-17 10:30:00,77.5,"[793.7691235014488, 843.3099538300518, 779.8295415001801, 817.5001500816826, 803.719916238341]",awake,98.7,29.0,0,0
2024-01-17 11:00:00,68.7,"[768.8097073954269, 836.558122530548, 741.2732801754664, 808.1935794555718, 784.4366499376002]",awake,98.9,28.3,0,0
2024-01-17 11:30:00,73.9,"[792.3375711510803, 799.1025908602496, 752.734687304595, 801.4009274435713, 810.6396777088935]",awake,98.9,15.2,0,0
2024-01-17 12:00:00,75.2,"[807.1847160029936, 757.7609719587454, 802.0566279617144, 816.7673446572686, 730.5611310612707]",awake,97.2,37.4,0,0
2024-01-17 12:30:00,84.5,"[748.4173694771154, 781.2455479485551, 755.0486616042841, 779.1088736939362, 772.0999388960124]",awake,97.4,36.2,0,0
2024-01-17 13:00:00,68.5,"[854.2066051679275, 848.1795004911635, 769.3314823462074, 852.1884571822677, 769.8795519790287]",awake,97.0,12.2,0,0
2024-01-17 13:30:00,58.9,"[784.7886897266568, 796.1272482441024, 709.8708197822696, 737.7340175762391, 795.648694127556]",awake,97.4,18.6,0,0
2024-01-17 14:00:00,67.0,"[827.6622990259309, 813.2608443681252, 834.838138826427, 795.1250180532747, 833.3562253014638]",awake,97.7,27.0,0,0
2024-01-17 14:30:00,71.4,"[787.9725822185718, 786.9348744880223, 848.4663790884518, 869.2002108720658, 788.0922268310883]",awake,97.9,9.7,0,0
2024-01-17 15:00:00,69.3,"[824.8709096214916, 858.4573591370613, 811.4577500359608, 817.0403305295423, 834.2409705576505]",awake,97.8,23.5,0,0
2024-01-17 15:30:00,85.7,"[771.5055013872475, 855.3657817195082, 778.5823373194578, 851.2352579139293, 746.4204081267309]",awake,97.5,25.8,0,0
2024-01-17 16:00:00,60.0,"[803.7542252833883, 793.3326384086934, 811.0248931928691, 788.8108478984727, 772.309275947377]",awake,97.0,0.0,0,0
2024-01-17 16:30:00,69.9,"[809.4008858083233, 844.3998786440609, 841.4276261349261, 782.6825384260849, 755.3584039684345]",awake,98.7,7.8,0,0
2024-01-17 17:00:00,79.6,"[838.389424050976, 851.2107656849042, 799.2896498981056, 800.9621697398712, 780.4068821175532]",awake,97.7,27.3,0,0
2024-01-17 17:30:00,73.8,"[830.2412193553544, 758.8971350841468, 753.2253059003888, 875.0722653621045, 791.5113401636357]",awake,97.9,22.6,0,0
2024-01-17 18:00:00,70.4,"[744.987606084862, 776.7107468973514, 852.9472453736536, 789.6415739395474, 833.2733266475333]",awake,98.8,16.7,0,0
2024-01-17 18:30:00,81.0,"[819.8139416478999, 871.5896033670546, 771.4684573063555, 749.9454126244244, 844.6544826412211]",awake,98.7,27.9,0,0
2024-01-17 19:00:00,70.9,"[813.3668442054444, 865.6420111013335, 818.3931255187266, 774.2043064545579, 828.8305526473508]",awake,97.8,10.5,0,0
2024-01-17 19:30:00,82.6,"[776.6937332031601, 803.9649098877914, 852.6968241580832, 783.1918489066676, 710.3249507010892]",awake,98.1,12.3,0,0
2024-01-17 20:00:00,81.4,"[852.3792738153512, 786.0819624437154, 802.1712831799753, 818.8056546255283, 825.6803697843661]",awake,98.1,4.6,0,0
2024-01-17 20:30:00,74.5,"[842.7193164728467, 865.3381363634585, 803.8521961744304, 781.8510561424775, 768.6103507995707]",awake,97.9,7.2,0,0
2024-01-17 21:00:00,94.3,"[797.7228560444497, 769.2247919864392, 796.4887314861277, 793.6019592021272, 778.8413174660467]",awake,98.8,21.5,0,0
2024-01-17 21:30:00,49.3,"[805.809583911638, 797.259157563212, 822.2091185180017, 845.5038621963773, 823.4987293895268]",awake,97.6,17.7,0,0
2024-01-17 22:00:00,55.2,"[1059.9405688390632, 991.136209941427, 1109.4978127994273, 1152.4397892042302, 1086.832814495225]",light,97.0,7.2,480,450
2024-01-17 22:30:00,65.2,"[1017.8268222163426, 966.0159541098172, 884.412240659722, 993.683261646547, 950.7449603351852]",light,95.6,3.4,480,450
2024-01-17 23:00:00,55.1,"[1037.995558630603, 1072.0505311508182, 989.5146121412641, 943.2991924565442, 971.9228977037446]",light,95.7,6.7,480,450
2024-01-17 23:30:00,56.6,"[1041.7569620254674, 926.2682659018886, 964.1225101619493, 991.167906996128, 991.4728391324976]",light,95.7,3.9,480,450
2024-01-18 00:00:00,57.7,"[996.2037008183468, 1007.2905690868536, 997.0625890882626, 991.8067982542459, 995.7261374778159]",deep,95.5,4.1,480,450
2024-01-18 00:30:00,61.7,"[1028.1221671611918, 988.7622116880465, 937.2420275731959, 1011.459876959346, 936.5411159606958]",deep,95.9,4.0,480,450
2024-01-18 01:00:00,58.8,"[1043.613249078386, 1016.4008271284071, 981.0326030002233, 1038.809828278691, 1021.2419207141002]",deep,96.4,3.7,480,450
2024-01-18 01:30:00,62.7,"[966.6486758612548, 919.784878433691, 957.5662364098595, 1044.4645555863822, 1035.28131217356]",deep,95.7,2.9,480,450
2024-01-18 02:00:00,61.1,"[948.5802102025067, 1034.0450690517964, 975.6889532794722, 985.2027996473622, 1002.7905694010569]",rem,96.3,8.0,480,450
2024-01-18 02:30:00,51.5,"[1000.3861430457943, 961.8923191988366, 1030.4036154566884, 976.6559425148641, 1044.0377907624359]",rem,95.2,3.7,480,450
2024-01-18 03:00:00,61.0,"[1056.548550687944, 1092.2067295613892, 960.4004342608953, 1040.452539291932, 995.7331900766436]",rem,95.8,5.0,480,450
2024-01-18 03:30:00,60.3,"[960.5452304401904, 1052.2016462420215, 987.6841086516712, 975.8347193075871, 996.2431508845293]",rem,96.2,8.9,480,450
2024-01-18 04:00:00,67.0,"[941.015543772628, 1008.1635535802833, 1014.3847509736842, 1030.4403988183192, 992.3781024976973]",light,96.3,7.4,480,450
2024-01-18 04:30:00,70.4,"[1060.5097225021527, 1101.5270283980726, 1102.9245639694443, 999.7765936846587, 1058.7332815576988]",light,96.4,6.8,480,450
2024-01-18 05:00:00,57.9,"[1002.6638798791558, 986.3818955703591, 987.3174974654887, 861.1166097052478, 977.8676405412652]",light,95.8,4.7,480,450
2024-01-18 05:30:00,66.8,"[1051.5155271902604, 999.882187760862, 920.3277327169137, 1045.4495420478895, 942.2951211373838]",light,95.9,8.5,480,450
2024-01-18 06:00:00,73.4,"[784.7180281678313, 818.2310662942343, 807.7074126645123, 773.5424329805206, 780.3536169639698]",awake,97.7,23.4,0,0
2024-01-18 06:30:00,70.1,"[775.4129534415915, 820.2668818971376, 803.3119637274165, 728.437434893942, 849.2798572336299]",awake,98.7,10.5,0,0
2024-01-18 07:00:00,129.6,"[427.9109140185532, 423.3881576812467, 464.5854274768944, 386.2535815171401, 488.30925815647686]",awake,97.7,89.5,0,0
2024-01-18 07:30:00,132.5,"[417.784326647222, 371.0662182867482, 461.89369878093385, 388.8064289238583, 449.8825849009596]",awake,97.6,77.2,0,0
2024-01-18 08:00:00,131.7,"[434.65826287053443, 400.22997756656355, 447.1713084750251, 465.9359838851613, 447.1829616201237]",awake,98.0,69.5,0,0
2024-01-18 08:30:00,134.7,"[441.29855025731916, 439.02311928894926, 455.257770373963, 360.53728388773095, 421.1280609146909]",awake,98.1,85.5,0,0
2024-01-18 09:00:00,59.9,"[770.9167250815779, 842.0620148174446, 805.1428338113593, 761.5142342095053, 797.3772297791522]",awake,97.9,33.1,0,0
2024-01-18 09:30:00,78.1,"[775.6348587451288, 795.4777956914699, 809.8335109015852, 839.6817239096387, 789.0935134470823]",awake,97.9,12.3,0,0
2024-01-18 10:00:00,77.1,"[800.2242094963352, 749.8597276513933, 827.6307500988033, 747.3527496183351, 783.5743723490019]",awake,97.6,26.1,0,0
2024-01-18 10:30:00,54.2,"[812.3280219865362, 710.2564208501014, 812.8898962089243, 796.5911663799096, 847.3201344385373]",awake,97.6,32.3,0,0
2024-01-18 11:00:00,77.6,"[799.6353851476194, 767.3775911965142, 771.5902627738591, 763.278818177469, 755.0895261427194]",awake,97.2,41.1,0,0
2024-01-18 11:30:00,74.2,"[813.2581381239597, 730.8052974532859, 756.2583239902127, 737.2309495475888, 706.6751515204129]",awake,96.7,19.8,0,0
2024-01-18 12:00:00,76.7,"[839.2286048026174, 787.9370016785065, 874.0005949948688, 803.9495134006291, 760.3134682324763]",awake,98.1,27.3,0,0
2024-01-18 12:30:00,63.0,"[782.3620989635506, 849.0307187337525, 776.7865225864809, 810.8663076839731, 825.7526927460772]",awake,97.0,41.4,0,0
2024-01-18 13:00:00,72.6,"[836.4736183129688, 733.2198533868927, 795.5134674735211, 847.7384937275806, 805.2673857096063]",awake,97.6,22.6,0,0
2024-01-18 13:30:00,55.7,"[811.6103821115382, 786.6625856339158, 798.4439913206867, 758.8810707718535, 756.7814246175219]",awake,97.8,0.0,0,0
2024-01-18 14:00:00,89.5,"[715.7733931267666, 835.6035650745691, 880.508152406232, 854.9895394146304, 821.6440106749282]",awake,98.8,30.0,0,0
2024-01-18 14:30:00,76.2,"[810.7656818758726, 794.5555837383545, 797.6141079749607, 815.2985099628639, 761.253408392008]",awake,98.5,25.3,0,0
2024-01-18 15:00:00,83.6,"[832.4840010481794, 772.5555828975951, 848.4713354630118, 834.9444001937671, 772.524429576687]",awake,98.3,3.2,0,0
2024-01-18 15:30:00,80.1,"[883.1827261050307, 838.8506625184809, 790.0244463237391, 844.889972388741, 814.2206992852441]",awake,97.9,7.6,0,0
2024-01-18 16:00:00,62.5,"[867.4456856516996, 842.5091320142503, 813.7043426855448, 829.2154842889632, 883.4149427552503]",awake,98.2,42.7,0,0
2024-01-18 16:30:00,75.2,"[747.2530897856085, 766.2691683524379, 811.9343059070701, 868.9971488732604, 752.4869213599475]",awake,97.2,14.9,0,0
2024-01-18 17:00:00,71.7,"[829.7691808053424, 843.7747404124793, 748.2712248009433, 823.1416370358868, 852.3271531212629]",awake,98.2,21.0,0,0
2024-01-18 17:30:00,71.5,"[798.83491215658, 807.8187670662104, 845.5484424631302, 855.4721482823307, 880.5486612137144]",awake,98.5,21.4,0,0
2024-01-18 18:00:00,82.2,"[876.5069278979817, 806.953635569962, 787.169720510502, 805.037945142681, 830.2453937983167]",awake,98.3,19.4,0,0
2024-01-18 18:30:00,74.4,"[810.8350999822527, 902.9430269660073, 786.4174618544724, 771.4189097983855, 779.9059943220894]",awake,97.9,15.3,0,0
2024-01-18 19:00:00,71.7,"[844.0657452613437, 779.3538262166571, 799.8852726264788, 827.9110876427096, 783.5538244972761]",awake,98.5,19.3,0,0
2024-01-18 19:30:00,79.4,"[779.4126706658449, 783.0211045243252, 795.7910264236468, 779.9055776723154, 810.5879567440052]",awake,98.5,16.7,0,0
2024-01-18 20:00:00,70.8,"[782.1117661598619, 862.1464490546077, 754.7245463019391, 783.1230378755606, 774.8068845328277]",awake,97.6,21.1,0,0
2024-01-18 20:30:00,82.6,"[803.4183156733784, 796.1859409600733, 793.7529230256373, 799.8798897035449, 807.9312715446897]",awake,98.4,36.8,0,0
2024-01-18 21:00:00,93.7,"[824.886687826817, 796.0213466983929, 818.631756673642, 782.0225415583918, 744.1792926852878]",awake,97.7,14.8,0,0
2024-01-18 21:30:00,86.5,"[817.5035723794634, 860.6383302224982, 778.3721684673701, 728.1253043674218, 849.5806652743285]",awake,98.1,25.5,0,0
2024-01-18 22:00:00,62.8,"[991.1848396490587, 948.9294820184808, 1000.8704299105242, 1053.2653766631777, 942.2212691296321]",light,96.0,6.0,480,450
2024-01-18 22:30:00,58.2,"[1003.3746515612461, 1001.8098465464806, 899.2958810583351, 1052.8225768344637, 1085.7378969640404]",light,95.4,5.1,480,450
2024-01-18 23:00:00,67.4,"[993.6195089119423, 1094.0008100925802, 1002.4791058929599, 1082.5036476986584, 1002.6402280104058]",light,95.5,6.8,480,450
2024-01-18 23:30:00,64.1,"[969.0111420314092, 990.1528981987966, 1033.9975754737484, 990.989412198522, 908.7003801782824]",light,96.0,3.7,480,450
2024-01-19 00:00:00,68.4,"[978.053702737493, 1018.162922770174, 993.2395893516139, 934.4947256627624, 979.1686686787124]",deep,96.0,8.3,480,450
2024-01-19 00:30:00,54.9,"[1014.4846602306832, 946.5378775856661, 935.1116956087964, 960.565305937298, 1009.8355254261535]",deep,96.1,6.2,480,450
2024-01-19 01:00:00,57.8,"[982.5232429557238, 1039.1857640248563, 997.6808634654601, 966.3282955156379, 1099.8825642195302]",deep,96.1,3.1,480,450
2024-01-19 01:30:00,66.3,"[944.2479259085774, 1014.7409415813892, 980.5409957649982, 1114.608724998892, 1008.8332665282039]",deep,96.1,5.7,480,450
2024-01-19 02:00:00,60.2,"[995.4262504496838, 974.5766525263585, 968.8046189899379, 1011.1200096116942, 1071.784419826341]",rem,95.8,3.5,480,450
2024-01-19 02:30:00,71.2,"[906.2582227600631, 962.9301056653321, 1036.6229930074078, 1004.789146464307, 1000.4376755706238]",rem,95.5,5.2,480,450
2024-01-19 03:00:00,50.0,"[1032.383947452893, 1102.6633570162167, 959.8129499404938, 917.4249189585987, 1049.4536275318444]",rem,95.9,3.9,480,450
2024-01-19 03:30:00,55.7,"[1056.8452478006927, 1044.1421272301372, 1055.1164155320237, 960.576029955729, 1094.4367140318066]",rem,96.3,9.7,480,450
2024-01-19 04:00:00,63.4,"[1079.3866188186557, 979.0408739934204, 995.2847939303687, 894.9804987038038, 819.7432474411899]",light,96.7,4.9,480,450
2024-01-19 04:30:00,54.0,"[959.0958479423028, 1021.0204893351957, 925.6073087606985, 1066.8975268223207, 985.9962247354331]",light,95.0,3.8,480,450
2024-01-19 05:00:00,65.8,"[1056.54515738477, 972.6297520834235, 1048.456970253225, 1043.165365111795, 1072.4391768918697]",light,96.5,5.6,480,450
2024-01-19 05:30:00,62.7,"[986.9920730496182, 995.5573551995008, 1007.6825071738803, 994.7345806417932, 1127.82340800357]",light,95.6,1.6,480,450
2024-01-19 06:00:00,79.7,"[800.2907541298976, 806.3971438724938, 835.3895304910181, 716.4492168710855, 798.4771477418683]",awake,97.8,8.7,0,0
2024-01-19 06:30:00,82.3,"[769.0630600955085, 852.2639703793546, 811.6071906115916, 821.9279618796619, 876.0216895414699]",awake,97.5,32.0,0,0
2024-01-19 07:00:00,133.5,"[478.716560975394, 477.04271917888957, 486.67344730757463, 416.2543796750534, 463.145754374244]",awake,98.1,87.2,0,0
2024-01-19 07:30:00,139.3,"[486.60332572654136, 415.2159436034894, 464.00897395889035, 400.66280958260387, 441.61554848204304]",awake,97.7,82.8,0,0
2024-01-19 08:00:00,140.6,"[434.8090755445158, 446.7071458883654, 395.6262894666849, 444.8537687519803, 402.9171138283554]",awake,98.1,78.3,0,0
2024-01-19 08:30:00,148.9,"[444.6232719983132, 417.2585031906238, 459.28159835784174, 423.304801686544, 393.7572074414267]",awake,98.1,89.3,0,0
2024-01-19 09:00:00,63.2,"[744.0348246889358, 754.9430830358501, 829.0921554120328, 734.0615183240359, 772.4693774624674]",awake,98.5,4.8,0,0
2024-01-19 09:30:00,87.1,"[809.664600964542, 982.4229164758544, 808.0471205232285, 793.0023312386509, 773.0988530962372]",awake,98.0,24.3,0,0
2024-01-19 10:00:00,72.3,"[780.6716865919759, 800.7240418891424, 764.3793788122596, 840.5001171695817, 818.2332626156826]",awake,97.6,14.5,0,0
2024-01-19 10:30:00,79.3,"[800.0010498717169, 807.2144332806402, 750.7087900191551, 787.0961532643877, 769.8359391325525]",awake,97.5,16.2,0,0
2024-01-19 11:00:00,66.3,"[861.0168013102452, 803.543545078078, 815.8291232099934, 767.4521822441584, 821.7226466890198]",awake,98.7,18.8,0,0
2024-01-19 11:30:00,75.6,"[863.4962883725907, 777.2794723289178, 772.3339609184843, 783.6683601671514, 910.9283364694422]",awake,97.5,38.0,0,0
2024-01-19 12:00:00,50.7,"[748.5868246857932, 818.317735590429, 786.8311564535428, 794.6476702158445, 817.8374855297164]",awake,97.8,26.6,0,0
2024-01-19 12:30:00,83.8,"[815.1410753452533, 726.0701284316681, 760.4554374180333, 756.9252563532997, 839.1111608925125]",awake,98.8,8.3,0,0
2024-01-19 13:00:00,61.5,"[709.4697584449954, 823.3518586277751, 881.6099292860931, 844.5256722259733, 679.8681972661341]",awake,97.1,8.0,0,0
2024-01-19 13:30:00,78.3,"[775.8141912614267, 827.793060038924, 816.6043762755153, 755.5045916581523, 785.5636526633112]",awake,99.0,15.4,0,0
2024-01-19 14:00:00,55.4,"[725.1920635245174, 799.3025465361595, 816.2898951641342, 844.2970198279028, 855.5414960844444]",awake,98.8,21.1,0,0
2024-01-19 14:30:00,69.3,"[840.0004197868046, 728.508767730505, 726.1415753557312, 833.1506011807945, 786.0814534709912]",awake,98.2,19.1,0,0
2024-01-19 15:00:00,73.9,"[774.6703291277097, 785.0253896141453, 788.4777063369172, 853.33936091785, 787.7982766357843]",awake,97.9,9.7,0,0
2024-01-19 15:30:00,83.8,"[839.7513168623385, 790.8992724841307, 794.3996134680397, 737.7137944873189, 799.53086040313]",awake,98.8,3.1,0,0
2024-01-19 16:00:00,67.8,"[831.8739131372203, 764.5022356809484, 757.4103594831943, 735.0622864820299, 746.6846283590373]",awake,98.4,15.5,0,0
2024-01-19 16:30:00,79.1,"[785.7738137721243, 868.6556740566471, 828.0666904678632, 795.2971246199717, 730.4332216234382]",awake,97.3,32.2,0,0
2024-01-19 17:00:00,75.2,"[798.9579881369775, 829.6762312681566, 744.9597225627339, 838.4526789704062, 762.0390466536049]",awake,98.5,5.9,0,0
2024-01-19 17:30:00,67.3,"[736.8273656652732, 777.2252231839327, 898.3200449485406, 836.4139719791738, 816.145478707391]",awake,98.2,28.5,0,0
2024-01-19 18:00:00,90.1,"[788.6341866562431, 810.7590329061608, 815.9460934275417, 786.4816719388446, 761.70593676831]",awake,98.0,18.1,0,0
2024-01-19 18:30:00,84.4,"[794.7986399878677, 813.1088451311745, 722.9778561701236, 803.476921386428, 758.1335319016832]",awake,97.5,11.6,0,0
2024-01-19 19:00:00,73.1,"[782.246032060318, 770.1509755545061, 795.9285141699687, 823.4456241350142, 816.5781351616167]",awake,98.8,33.7,0,0
2024-01-19 19:30:00,76.6,"[840.0009949659263, 752.5795479370147, 754.7221510003538, 870.3488621517816, 749.234126347589]",awake,98.5,33.6,0,0
2024-01-19 20:00:00,81.0,"[790.3483597594516, 792.7119349204809, 775.9078720288356, 851.7495757944745, 879.9389127593741]",awake,97.4,33.7,0,0
2024-01-19 20:30:00,80.5,"[781.5098617872796, 798.7799363463884, 828.7435490987206, 734.2066468365275, 782.4369093031852]",awake,98.6,6.2,0,0
2024-01-19 21:00:00,66.4,"[816.408526427523, 736.2763932212542, 870.0443389907394, 725.900617585563, 727.4466003520864]",awake,98.2,23.6,0,0
2024-01-19 21:30:00,82.5,"[732.4450900719921, 750.7859562205563, 805.7749165851377, 778.0567599560036, 791.1234507282085]",awake,98.8,33.6,0,0
2024-01-19 22:00:00,57.2,"[1018.0501820487005, 1061.3860514463336, 998.1860205703073, 1044.8263859094561, 1030.3942740555171]",light,96.5,2.7,480,450
2024-01-19 22:30:00,58.6,"[1039.031897756903, 1009.7976946224164, 995.0116026115227, 955.2330133940833, 975.4018004474682]",light,95.8,2.7,480,450
2024-01-19 23:00:00,71.0,"[995.370835035784, 1066.4701452801403, 918.4970415985222, 947.4406444331071, 1029.54091747825]",light,94.9,0.7,480,450
2024-01-19 23:30:00,63.0,"[1076.5848702405285, 1024.0454131170425, 940.3142607948514, 1000.9672226993415, 1043.698101325571]",light,96.0,7.7,480,450
2024-01-20 00:00:00,65.3,"[997.7395009097987, 902.8746023162156, 1040.875764477965, 972.4316537112215, 1014.0245775865621]",deep,96.2,4.9,480,450
2024-01-20 00:30:00,66.9,"[989.5105929243912, 1017.0192720862275, 927.7153891843407, 1067.6058725858773, 959.0431463872841]",deep,96.5,2.4,480,450
2024-01-20 01:00:00,58.0,"[1028.9536561249483, 964.7653034917171, 994.6404626803978, 999.5126930646701, 996.1166464245921]",deep,95.4,3.5,480,450
2024-01-20 01:30:00,60.9,"[970.1405728156066, 1012.5591288536425, 1039.0331987177422, 943.4193008531846, 1006.2851045344622]",deep,96.2,5.9,480,450
2024-01-20 02:00:00,50.7,"[1067.4647839697948, 997.8647686692873, 1036.096698972816, 1040.692493444027, 1009.6335354795459]",rem,96.5,4.2,480,450
2024-01-20 02:30:00,72.5,"[1049.1717122885098, 931.5017342897916, 1053.785893727181, 944.377549731817, 971.5099894199045]",rem,95.9,0.8,480,450
2024-01-20 03:00:00,67.7,"[1054.7179398182623, 946.8925455524595, 1049.7729189071522, 959.3191055197128, 1043.783541551106]",rem,96.2,3.2,480,450
2024-01-20 03:30:00,51.5,"[1073.2415792360925, 948.7193531318347, 1071.1255409568575, 1035.1299766770603, 1067.526099267325]",rem,95.9,6.8,480,450
2024-01-20 04:00:00,65.9,"[956.7597491139169, 929.12454551653, 1028.5671062215094, 894.1290317262786, 1099.5489963856633]",light,95.7,3.4,480,450
2024-01-20 04:30:00,61.6,"[918.7066803060192, 982.1220258016874, 1011.5034085176703, 1010.3190533370231, 938.008732771591]",light,95.9,6.2,480,450
2024-01-20 05:00:00,47.0,"[962.3499944774669, 1054.2600612057859, 1011.0072998473994, 1002.929267727305, 905.9916391815563]",light,95.8,5.0,480,450
2024-01-20 05:30:00,50.8,"[953.8807939212182, 1025.8936262697205, 1082.1607002612325, 1008.2833574820264, 951.9920893144246]",light,95.7,4.1,480,450
2024-01-20 06:00:00,77.2,"[842.7500302251317, 811.8914070039218, 852.6394297534331, 790.9473446266499, 828.4876897346302]",awake,97.6,10.0,0,0
2024-01-20 06:30:00,65.7,"[731.2108017046414, 835.7845509286853, 791.2941347521331, 791.2967839116178, 765.4479056206791]",awake,97.5,14.7,0,0
2024-01-20 07:00:00,68.5,"[801.7465439120057, 725.5310070836192, 882.1399917832454, 759.3579346770047, 816.6403055996157]",awake,97.5,13.2,0,0
2024-01-20 07:30:00,69.3,"[823.9751771582864, 853.566444870097, 827.8110985738753, 815.0252111778378, 782.1241479294019]",awake,97.8,10.9,0,0
2024-01-20 08:00:00,80.2,"[826.4298205121139, 776.109271127471, 781.5436331262271, 693.0749186150568, 825.510752369506]",awake,99.0,9.5,0,0
2024-01-20 08:30:00,77.8,"[704.478382166133, 793.263503230542, 800.8935720014882, 813.626079582021, 824.6879550252631]",awake,96.8,25.2,0,0
2024-01-20 09:00:00,81.1,"[849.3479594713854, 786.2692070323649, 728.4110308441383, 778.4915272677413, 792.8578086371365]",awake,98.2,16.2,0,0
2024-01-20 09:30:00,70.8,"[760.394027293241, 799.2380533887948, 846.2300386860987, 810.334117314816, 847.0335308598526]",awake,99.0,28.3,0,0
2024-01-20 10:00:00,81.3,"[796.5051818184688, 750.0327677462267, 738.4544775558406, 801.2668504030402, 753.7322531798957]",awake,97.9,0.0,0,0
2024-01-20 10:30:00,82.9,"[762.779869409804, 797.8415094356852, 808.5887674081262, 766.674739014051, 793.1418536187174]",awake,97.7,10.3,0,0
2024-01-20 11:00:00,59.6,"[815.7342627974339, 771.3466962449952, 777.5257311034815, 828.062383707263, 732.6308978783882]",awake,97.4,22.3,0,0
2024-01-20 11:30:00,77.3,"[754.987468178855, 885.9776835763131, 796.2299399055596, 796.6211657464845, 840.7530090067277]",awake,97.8,17.3,0,0
2024-01-20 12:00:00,75.8,"[784.0507129959648, 797.4384457093123, 819.2586312215275, 794.2228417678039, 858.5100134707826]",awake,98.1,3.3,0,0
2024-01-20 12:30:00,69.6,"[745.5972512686933, 867.600577610798, 831.2898289851155, 751.6425606196901, 760.2466289700675]",awake,97.8,0.0,0,0
2024-01-20 13:00:00,75.7,"[799.2226457162226, 789.477200946517, 773.2963344181079, 836.1144823189466, 803.7888624030254]",awake,99.0,33.3,0,0
2024-01-20 13:30:00,72.0,"[779.8152690664541, 798.875260574522, 800.6920809971111, 814.7143611976325, 750.3790880820685]",awake,98.3,37.0,0,0
2024-01-20 14:00:00,63.6,"[847.1618207057337, 828.3689037536958, 824.4371997567946, 668.121213946851, 779.2443770374074]",awake,97.8,22.3,0,0
2024-01-20 14:30:00,74.5,"[784.5853049526207, 843.5339050361856, 835.2139793412547, 808.1879533422319, 797.1480617512984]",awake,98.2,33.4,0,0
2024-01-20 15:00:00,78.2,"[827.7188819707635, 801.5907898299853, 836.0208670022674, 833.0612231079339, 774.0220994231411]",awake,98.1,11.9,0,0
2024-01-20 15:30:00,72.0,"[814.682669144398, 814.4474314439288, 736.6937044633906, 837.5105553521761, 761.290918838571]",awake,98.8,7.7,0,0
2024-01-20 16:00:00,80.9,"[793.9802838820157, 811.8154920310573, 805.4826550975139, 744.2882224137378, 740.4063721588623]",awake,97.8,16.0,0,0
2024-01-20 16:30:00,68.5,"[760.0350027774366, 788.7778543603275, 779.3328346376185, 774.3798020861148, 736.2238439607665]",awake,98.1,30.4,0,0
2024-01-20 17:00:00,71.6,"[749.2003707960091, 804.2047525312983, 797.4038029116028, 808.9938482633524, 846.8817126949717]",awake,98.5,21.1,0,0
2024-01-20 17:30:00,88.7,"[780.837609866244, 816.5728893790371, 851.6744715757872, 774.4197748058752, 789.9920661971412]",awake,97.9,23.8,0,0
2024-01-20 18:00:00,65.2,"[789.6425569652865, 871.138748923792, 763.697401546097, 837.614851572368, 800.132037055306]",awake,97.4,22.7,0,0
2024-01-20 18:30:00,74.3,"[752.063555651279, 869.9462378531414, 848.7641916813019, 821.0964268514937, 858.5963431649342]",awake,98.1,25.9,0,0
2024-01-20 19:00:00,81.6,"[775.9156540610319, 797.3303307197667, 832.1239407114557, 710.3676188767488, 775.668148328112]",awake,97.8,23.8,0,0
2024-01-20 19:30:00,61.1,"[727.5710410055199, 853.4904264117789, 836.961083233902, 828.3533203091744, 812.2148357650051]",awake,97.9,17.4,0,0
2024-01-20 20:00:00,80.1,"[817.9504349751365, 829.472235265884, 740.9933050361715, 839.3478765447718, 821.3814868172174]",awake,98.2,32.3,0,0
2024-01-20 20:30:00,72.5,"[868.3243963427262, 826.4654014360126, 843.8098849804513, 782.7269731375807, 751.7935883316012]",awake,97.6,18.9,0,0
2024-01-20 21:00:00,71.4,"[907.0341797663469, 814.9777310529889, 839.1707773108756, 761.832905375946, 757.2432415963708]",awake,98.4,0.8,0,0
2024-01-20 21:30:00,82.6,"[812.3938417777164, 792.0642614553028, 721.414080800838, 761.7994353164293, 783.1349870462739]",awake,97.4,28.4,0,0
2024-01-20 22:00:00,46.4,"[998.306027372346, 990.8678252377904, 979.4987927009457, 932.9279529856734, 1039.1547559835726]",light,95.8,3.3,480,450
2024-01-20 22:30:00,65.3,"[1054.4525521462153, 891.8962772503833, 1030.0588049736664, 1099.07247081006, 981.8081821216737]",light,96.1,7.2,480,450
2024-01-20 23:00:00,71.6,"[1042.2757402057784, 1019.8927137793047, 1015.1160110066668, 990.993211598184, 1010.5540045202416]",light,97.0,4.8,480,450
2024-01-20 23:30:00,53.1,"[945.4089964143861, 1003.2422036537125, 1010.4556892290808, 998.6262998333057, 988.3229860037012]",light,95.7,6.8,480,450
2024-01-21 00:00:00,55.3,"[962.844342042669, 1017.1604856152907, 1023.6642811239765, 930.169143661117, 974.3353298402143]",deep,96.2,6.0,480,450
2024-01-21 00:30:00,65.9,"[983.0277701247718, 959.4205227368066, 938.7669027416653, 1022.2048933781157, 959.3570656163799]",deep,96.6,2.7,480,450
2024-01-21 01:00:00,58.5,"[981.3558977931305, 1037.7047015699582, 1023.0306368791759, 976.1147713840636, 992.3319734651825]",deep,96.2,5.5,480,450
2024-01-21 01:30:00,56.1,"[938.5881818180419, 1042.5543622987232, 980.8975708312478, 914.504442471809, 900.1462385690417]",deep,95.9,6.2,480,450
2024-01-21 02:00:00,49.8,"[926.6297843476559, 1011.5959047005083, 967.3718967642999, 1020.3179900367785, 1049.0815689375775]",rem,95.8,7.0,480,450
2024-01-21 02:30:00,63.3,"[979.583213091719, 1046.7147048536071, 988.195235108474, 1031.8504164652136, 1057.6525671390837]",rem,96.5,6.1,480,450
2024-01-21 03:00:00,56.3,"[956.6263560264684, 989.6685068213388, 1018.1453240383856, 1047.1202610001844, 980.9927859246817]",rem,96.0,5.1,480,450
2024-01-21 03:30:00,71.5,"[898.1663759432295, 1030.3494150866138, 1016.7074343935171, 1016.3412281513271, 946.7405892549717]",rem,96.0,1.7,480,450
2024-01-21 04:00:00,64.5,"[1009.1350159887941, 1010.7837502894567, 1042.3873259003487, 1084.0561566397225, 1030.1045479132035]",light,95.7,4.9,480,450
2024-01-21 04:30:00,57.3,"[946.9636006446399, 967.8026408618766, 975.8948846963945, 962.1007393576068, 948.8441591634038]",light,96.4,6.1,480,450
2024-01-21 05:00:00,71.1,"[958.5193465158101, 1026.6012951018565, 997.8314661370043, 989.8080523501072, 1000.091501124807]",light,96.0,0.0,480,450
2024-01-21 05:30:00,60.3,"[913.4062611133162, 961.5438914760003, 916.8773593017497, 980.5288680540565, 962.5804056363967]",light,95.6,8.0,480,450
2024-01-21 06:00:00,65.9,"[771.2113514601938, 758.5663561113618, 774.7321217489649, 739.1083144926735, 785.002959872073]",awake,98.1,23.2,0,0
2024-01-21 06:30:00,79.1,"[840.1731415949464, 790.0518070856295, 851.1892931763326, 830.9078091053326, 738.0910698089266]",awake,97.8,17.7,0,0
2024-01-21 07:00:00,68.5,"[833.6736877289682, 805.1721349526048, 851.7295194228358, 766.8014420826267, 840.8658241162921]",awake,98.6,35.6,0,0
2024-01-21 07:30:00,80.8,"[807.8403213718115, 865.8600082461585, 812.1415665604119, 803.1873866352108, 854.3243491413499]",awake,97.4,22.4,0,0
2024-01-21 08:00:00,88.5,"[811.0498692340153, 822.2905609087065, 824.0473738465329, 829.1934227593437, 842.0261073532516]",awake,98.3,27.3,0,0
2024-01-21 08:30:00,84.1,"[751.646728164299, 836.0943203249801, 787.3844148482664, 818.8762250192461, 807.5050553812372]",awake,97.2,25.8,0,0
2024-01-21 09:00:00,82.2,"[833.6013786350791, 761.1992013857537, 771.0516219943756, 795.4429881958708, 807.9584096519516]",awake,98.6,18.8,0,0
2024-01-21 09:30:00,86.1,"[790.8605496395119, 833.4232093648723, 756.1180113929285, 833.7224628693427, 795.2549273211775]",awake,98.3,4.4,0,0
2024-01-21 10:00:00,89.0,"[799.8606300554272, 785.0372862141959, 840.1510564400139, 818.4018851500839, 732.5573148402916]",awake,98.5,20.3,0,0
2024-01-21 10:30:00,82.6,"[833.5654623794409, 752.0471134708108, 786.9907011274166, 836.2356565868328, 853.2639015545095]",awake,98.5,27.0,0,0
2024-01-21 11:00:00,79.0,"[746.104074567236, 747.8349664499958, 783.9555713343664, 836.8062892489771, 812.5057175016346]",awake,97.4,20.8,0,0
2024-01-21 11:30:00,60.8,"[829.9077479649613, 885.2987012556773, 785.676037419791, 818.2168086285642, 813.2197129833216]",awake,97.6,23.6,0,0
2024-01-21 12:00:00,65.2,"[782.5349138691, 802.1589138260937, 753.4866285147807, 816.9247617241956, 802.0882635475892]",awake,99.0,25.6,0,0
2024-01-21 12:30:00,83.6,"[816.0544764846102, 825.7373664705918, 789.260730575371, 835.6057307891758, 781.4732051279644]",awake,98.8,11.5,0,0
2024-01-21 13:00:00,68.4,"[743.5149560285975, 845.6919572717372, 817.4878205209669, 786.1576777774875, 849.3632280020875]",awake,97.9,25.7,0,0
2024-01-21 13:30:00,83.9,"[777.0626303348233, 803.6504505612298, 856.2935135021114, 771.6191436794044, 806.7346405444384]",awake,98.3,4.8,0,0
2024-01-21 14:00:00,75.2,"[804.2438055778417, 799.469091869851, 838.6401759184654, 765.5054181067208, 792.1817367632968]",awake,97.4,37.3,0,0
2024-01-21 14:30:00,67.9,"[762.3590951897743, 846.0433584989239, 771.7335873573944, 732.5169958044047, 835.449432673655]",awake,97.2,6.7,0,0
2024-01-21 15:00:00,85.3,"[820.2845471322634, 788.5913586601376, 838.1330644865021, 830.7463604802238, 776.6697326518869]",awake,98.2,12.6,0,0
2024-01-21 15:30:00,79.5,"[814.0548294162422, 760.9105366711368, 758.5606274844674, 725.4810807264308, 764.9442200570185]",awake,97.7,30.5,0,0
2024-01-21 16:00:00,74.2,"[704.2685135140453, 812.7977151728525, 774.3599821710909, 776.7483743579212, 839.0388416005092]",awake,98.1,18.7,0,0
2024-01-21 16:30:00,86.3,"[772.2317403820383, 724.7825937903747, 811.5576099618918, 778.7943165965743, 808.5081924153641]",awake,97.6,5.5,0,0
2024-01-21 17:00:00,70.6,"[734.920368530793, 857.5536834751258, 736.6338175209395, 799.9790607514375, 816.637775389149]",awake,98.0,33.2,0,0
2024-01-21 17:30:00,74.2,"[787.1988813944671, 796.3108634973186, 727.1251097493916, 858.6432032769663, 783.8280166207614]",awake,98.4,0.0,0,0
2024-01-21 18:00:00,81.2,"[814.6980796659902, 827.7738719033986, 844.3297707878974, 775.5736789178708, 797.5277114200861]",awake,97.3,32.6,0,0
2024-01-21 18:30:00,75.8,"[894.4191399463139, 815.7351436045205, 836.4470139585858, 781.5749635758094, 809.8230988436997]",awake,98.1,6.6,0,0
2024-01-21 19:00:00,65.7,"[800.5912083117732, 776.0428057942189, 853.1539738194102, 831.2604663383589, 826.5600472481248]",awake,98.9,11.3,0,0
2024-01-21 19:30:00,83.0,"[788.0790700304295, 739.9604359841446, 712.5073481471638, 737.474813348931, 857.5105463748258]",awake,97.6,25.0,0,0
2024-01-21 20:00:00,63.4,"[807.2711675515908, 800.1604393563965, 827.5825030408137, 728.011733797558, 768.0832916468262]",awake,98.6,16.5,0,0
2024-01-21 20:30:00,82.4,"[781.4576342558682, 763.9907911830027, 820.0485726063206, 764.286891275363, 733.5016493383687]",awake,97.2,31.9,0,0
2024-01-21 21:00:00,81.5,"[719.4256353354092, 782.5116421373658, 739.5830144742649, 761.5223194217086, 840.6664204302691]",awake,98.0,16.9,0,0
2024-01-21 21:30:00,70.5,"[798.4858409878351, 778.4691598474401, 773.6770442868401, 799.2040718831862, 834.6200024241296]",awake,97.7,20.1,0,0
2024-01-21 22:00:00,56.8,"[1077.4091580427332, 1033.2066331079104, 909.3451265742339, 991.3198777539187, 918.8515643946561]",light,96.7,4.8,480,450
2024-01-21 22:30:00,58.0,"[1022.2822263883224, 997.3491750647579, 977.2810270121479, 1133.7359462034433, 978.0682991816665]",light,96.7,9.2,480,450
2024-01-21 23:00:00,65.3,"[1051.095327491061, 925.3177014969435, 992.0231917959142, 963.2818363650055, 1081.9859297627577]",light,95.7,5.4,480,450
2024-01-21 23:30:00,54.9,"[1055.2387369391893, 936.1258575008496, 1074.658545953095, 993.3729337346592, 1063.0900755112891]",light,95.1,1.5,480,450
2024-01-22 00:00:00,62.1,"[982.5690632226988, 956.8200813165311, 957.8184263925153, 922.2217779008739, 918.6399934552951]",deep,96.2,6.9,480,450
2024-01-22 00:30:00,65.2,"[1063.0282820188243, 991.8993168162748, 999.734073638127, 981.6321008589329, 913.045248587775]",deep,96.1,4.9,480,450
2024-01-22 01:00:00,59.2,"[1058.4929518461217, 931.9350836379276, 1040.992713615705, 1100.5710778679459, 1005.537583284274]",deep,95.7,6.8,480,450
2024-01-22 01:30:00,52.7,"[1012.189359197036, 1029.960727561292, 1096.990872094475, 1031.3250775040867, 917.9413328848866]",deep,95.6,3.3,480,450
2024-01-22 02:00:00,63.1,"[976.217054109987, 1048.4109099526088, 985.8369642530317, 1040.5532723467243, 994.1418950123863]",rem,95.7,3.4,480,450
2024-01-22 02:30:00,57.3,"[1043.3973538840983, 1081.9147874872392, 1099.251724158662, 1052.3161517740132, 1076.699053181954]",rem,96.1,4.3,480,450
2024-01-22 03:00:00,64.9,"[995.7304906939908, 968.3214733754722, 901.9474078027654, 1155.9667015093364, 1037.9710991923446]",rem,95.8,7.2,480,450
2024-01-22 03:30:00,68.2,"[997.3038903525124, 1016.8902190723886, 959.7790172282234, 1043.695708225179, 952.7605871475453]",rem,96.1,3.0,480,450
2024-01-22 04:00:00,62.2,"[968.0799214800925, 1019.8752790159726, 1039.068560044291, 1043.0824340502202, 963.5149985214118]",light,95.5,3.7,480,450
2024-01-22 04:30:00,61.1,"[1010.0460207026516, 1030.0437010807157, 1043.415505043203, 1028.643696444317, 1108.1144206531867]",light,95.6,2.4,480,450
2024-01-22 05:00:00,69.4,"[995.1333720598291, 862.2391976169602, 1063.2772098961495, 991.8707509981166, 1054.9107138518132]",light,95.6,5.0,480,450
2024-01-22 05:30:00,59.5,"[1000.888875170082, 1047.985076392792, 1011.1727147161943, 1088.2142121930347, 937.2717202271006]",light,96.0,4.6,480,450
2024-01-22 06:00:00,83.1,"[720.1184412035159, 810.8425428573357, 753.7349038364774, 753.6690878402372, 762.9806756103922]",awake,98.6,20.4,0,0
2024-01-22 06:30:00,75.1,"[819.7293382828772, 870.3461288574969, 764.9472586730934, 789.6350208657931, 697.7253735642453]",awake,98.3,24.2,0,0
2024-01-22 07:00:00,150.0,"[440.6977722412397, 397.25228038047413, 415.5436431746948, 406.0164139286685, 393.1149093185846]",awake,97.4,84.8,0,0
2024-01-22 07:30:00,145.4,"[468.65175530996595, 434.2494851312973, 421.9390373911843, 417.7540957277834, 431.2553366987318]",awake,97.6,89.1,0,0
2024-01-22 08:00:00,137.8,"[488.26678336419195, 399.0270931943541, 410.58259930312784, 464.65333675165397, 400.54643820264806]",awake,97.7,80.5,0,0
2024-01-22 08:30:00,141.4,"[388.34585047801045, 464.7685286174345, 403.93358372800833, 374.9246992930367, 415.12034966876416]",awake,96.8,78.6,0,0
2024-01-22 09:00:00,82.9,"[781.5135971158574, 788.2463511814525, 791.2312271243981, 873.5278392374862, 765.7757259964651]",awake,98.7,28.3,0,0
2024-01-22 09:30:00,73.2,"[787.1687053568409, 821.0798214629781, 786.7870222766234, 801.5598536842715, 810.8576807919617]",awake,98.3,18.6,0,0
2024-01-22 10:00:00,75.1,"[772.700660857208, 843.6211873176917, 920.1647303792629, 807.175257129529, 793.0680404249276]",awake,97.9,16.7,0,0
2024-01-22 10:30:00,68.3,"[889.5002401821073, 847.9947681407347, 768.2114696659291, 734.5850108894508, 818.9382899972514]",awake,97.9,27.6,0,0
2024-01-22 11:00:00,73.6,"[796.227955431178, 824.7645281785137, 905.5201731655139, 803.8225578904467, 802.4720164977722]",awake,97.6,21.2,0,0
2024-01-22 11:30:00,64.2,"[806.8431918789901, 787.5097768494464, 751.7863349920823, 756.1405921055307, 788.1190735564945]",awake,97.5,25.0,0,0
2024-01-22 12:00:00,74.8,"[820.350736486475, 773.7150052782428, 802.5939431469745, 790.0320649305532, 826.564851539663]",awake,97.5,21.4,0,0
2024-01-22 12:30:00,77.0,"[801.1638090150839, 793.8807396683727, 790.5890047424676, 793.0906527884263, 799.3181133995021]",awake,97.9,7.9,0,0
2024-01-22 13:00:00,75.3,"[896.6215356641285, 759.0625990961026, 804.7680752754763, 884.3469863405984, 843.038220183141]",awake,98.1,12.9,0,0
2024-01-22 13:30:00,71.9,"[780.8126400138971, 851.8786693427442, 820.1780992835105, 826.8668907208539, 870.1670848123201]",awake,98.2,12.1,0,0
2024-01-22 14:00:00,68.0,"[797.2453172664724, 782.4153080456238, 833.0915714195276, 756.9114798547073, 831.6999906320168]",awake,98.0,22.0,0,0
2024-01-22 14:30:00,72.5,"[807.4241030616638, 823.5948980749287, 778.9486072530372, 763.792817753562, 823.4828478916451]",awake,98.3,29.7,0,0
2024-01-22 15:00:00,76.0,"[770.4687236080957, 799.1522644831488, 917.1951917195412, 829.0115218621653, 823.5203514813866]",awake,97.4,10.6,0,0
2024-01-22 15:30:00,61.8,"[829.5484029714027, 780.652109670066, 805.3028493373942, 819.8140156646143, 826.1887601639704]",awake,98.7,10.8,0,0
2024-01-22 16:00:00,77.0,"[839.9882393355206, 854.1998410976972, 717.5791260623191, 771.0331663264632, 773.0751443167643]",awake,98.2,0.0,0,0
2024-01-22 16:30:00,71.9,"[768.453354059433, 880.0394177591814, 793.7014675831792, 733.1050627730019, 783.0807682942237]",awake,98.0,31.5,0,0
2024-01-22 17:00:00,76.5,"[792.6599739726702, 878.7906813361942, 825.3720270420521, 842.6503798089069, 795.0939469323096]",awake,97.8,7.3,0,0
2024-01-22 17:30:00,77.6,"[779.7361944665254, 792.7873917772155, 756.8769606147032, 800.77739274666, 828.0745051119225]",awake,97.5,8.4,0,0
2024-01-22 18:00:00,73.1,"[823.4583851339739, 789.677105734035, 818.6650612774348, 861.02175308575, 814.1034081550627]",awake,98.5,9.7,0,0
2024-01-22 18:30:00,73.1,"[834.6061804969519, 817.2254193120579, 816.493121708712, 748.3738611993812, 814.4387376133126]",awake,97.8,21.2,0,0
2024-01-22 19:00:00,54.3,"[850.3936803967704, 815.3649899638248, 806.3482781644792, 916.7463174716804, 759.2455824898142]",awake,98.4,18.1,0,0
2024-01-22 19:30:00,70.6,"[885.285525165825, 826.8284817972225, 751.1677108035515, 766.8384157755007, 850.2050968425986]",awake,98.2,26.4,0,0
2024-01-22 20:00:00,77.3,"[774.1174302312771, 764.6997648826285, 825.227738416599, 818.1526267435912, 777.8492196467497]",awake,97.1,0.0,0,0
2024-01-22 20:30:00,76.3,"[823.9563976625849, 820.555592448603, 869.6899049926413, 780.7445893030413, 739.8377624823338]",awake,97.6,32.9,0,0
2024-01-22 21:00:00,77.2,"[816.3136599402739, 786.7165183508531, 758.9405865133377, 825.3281148195055, 753.7546408042073]",awake,97.9,4.2,0,0
2024-01-22 21:30:00,78.5,"[821.4517095974596, 848.0032409576949, 772.6127301298155, 809.0552484273267, 790.0607599964899]",awake,97.4,7.4,0,0
2024-01-22 22:00:00,63.1,"[982.4326248636442, 976.0235976633483, 901.6589961537677, 1030.677383681918, 998.4561678048924]",light,96.3,3.5,480,450
2024-01-22 22:30:00,58.1,"[1008.8929505231134, 978.9454633735436, 1023.5507145292947, 1059.5027611118703, 1145.2813493873634]",light,96.0,2.8,480,450
2024-01-22 23:00:00,55.1,"[963.7852964776123, 1003.6904300708002, 903.499049053092, 1046.1530801307254, 941.2235554324049]",light,95.7,6.6,480,450
2024-01-22 23:30:00,58.6,"[996.5512827377123, 1051.95938635798, 885.5874423878537, 1093.3250411024007, 965.1386772237372]",light,95.8,2.2,480,450
2024-01-23 00:00:00,65.8,"[1023.4683396913691, 939.4112727270772, 992.9908815255665, 1066.5108839724433, 970.883983584673]",deep,96.7,6.1,480,450
2024-01-23 00:30:00,51.4,"[1046.780730604201, 1006.3956091769785, 940.4070522395418, 1040.2441455339672, 956.3820568358132]",deep,96.4,2.8,480,450
2024-01-23 01:00:00,54.6,"[1058.0956015060285, 1012.8211569117175, 896.8888285748781, 982.9629689645639, 990.7883574028197]",deep,95.7,0.0,480,450
2024-01-23 01:30:00,53.7,"[1063.6323591147782, 1026.9478837729687, 1021.119339625348, 1042.6000156824414, 968.1754362667156]",deep,96.2,4.2,480,450
2024-01-23 02:00:00,64.1,"[1006.0611422681051, 910.2742744921675, 988.556637715163, 984.7948432167478, 931.7000271184529]",rem,95.7,6.8,480,450
2024-01-23 02:30:00,61.4,"[1005.8951955401049, 1021.1113872606809, 998.9299725604475, 972.667666140095, 996.8613030164188]",rem,96.0,6.1,480,450
2024-01-23 03:00:00,55.7,"[1008.5480129060163, 956.2057745139351, 925.5665131704636, 1067.7963160253973, 939.3893044008408]",rem,96.4,3.8,480,450
2024-01-23 03:30:00,58.8,"[1039.6843992127567, 1101.7799549482345, 1073.7888855713802, 1086.8607731374286, 1010.8241068487472]",rem,95.3,7.8,480,450
2024-01-23 04:00:00,44.9,"[1080.9936473007347, 1002.2602922181801, 917.485879912502, 968.3380047577859, 1013.7624900305569]",light,96.6,1.5,480,450
2024-01-23 04:30:00,65.9,"[916.4262355341926, 1041.537966977101, 970.8885811732368, 937.0807314119304, 1154.9697984575503]",light,95.8,6.4,480,450
2024-01-23 05:00:00,57.2,"[1001.4731735184716, 948.813259382905, 972.7486895591767, 1003.6431446450124, 1023.5674902179425]",light,96.1,3.8,480,450
2024-01-23 05:30:00,59.0,"[1048.6565612023646, 1052.2967498912808, 938.9439973448999, 988.6781430084519, 1072.1733530649915]",light,96.3,9.5,480,450
2024-01-23 06:00:00,71.7,"[825.2730566725824, 808.8424708606065, 793.2016067494927, 805.796561210093, 739.9524177190627]",awake,98.6,25.1,0,0
2024-01-23 06:30:00,71.3,"[741.7709844562629, 793.4747767224738, 821.2076462354916, 828.001111568855, 786.1243990041794]",awake,98.4,38.2,0,0
2024-01-23 07:00:00,139.9,"[441.0726001364457, 408.8123525427376, 374.8874229275652, 372.0212829588499, 426.3142336648709]",awake,98.0,91.4,0,0
2024-01-23 07:30:00,149.8,"[446.1647166976474, 451.9189060782672, 441.4017117095921, 426.4922926815668, 434.6748185170028]",awake,98.6,79.5,0,0
2024-01-23 08:00:00,138.0,"[432.52886942294464, 413.49688830294315, 437.1350591733306, 449.3731943231674, 399.17304586218074]",awake,98.2,83.4,0,0
2024-01-23 08:30:00,136.0,"[473.3240342002264, 415.01545307726553, 461.49525437799736, 417.23977944001393, 422.1724627910073]",awake,97.2,86.3,0,0
2024-01-23 09:00:00,64.6,"[843.0867963241235, 775.6931306762112, 787.2759404110337, 808.1790789812302, 770.2070803709158]",awake,98.7,41.3,0,0
2024-01-23 09:30:00,79.6,"[796.1541992327387, 857.0119150439164, 770.2543282236087, 843.0938281179317, 870.9494540321344]",awake,97.5,27.7,0,0
2024-01-23 10:00:00,57.9,"[752.7234180184759, 831.7556025588668, 861.1583636156695, 870.771823362758, 914.879231028973]",awake,97.8,19.9,0,0
2024-01-23 10:30:00,69.4,"[846.5495749007912, 769.2929738610885, 731.9118611649918, 795.551620795466, 806.2161022507228]",awake,98.0,28.6,0,0
2024-01-23 11:00:00,75.5,"[792.4649165898544, 798.0940870315022, 806.5893863867745, 788.2435866104378, 749.6045610645276]",awake,97.1,5.8,0,0
2024-01-23 11:30:00,73.5,"[803.3449252224815, 744.7489775965659, 786.1665323899459, 777.7817602148887, 748.7026261556545]",awake,98.2,23.6,0,0
2024-01-23 12:00:00,76.3,"[871.4946534129573, 794.5694529126102, 765.8562349391107, 770.97759417909, 816.952450953276]",awake,98.4,22.0,0,0
2024-01-23 12:30:00,76.3,"[843.7235578036908, 755.6406023770844, 818.2257672308973, 784.27076894823, 781.1919595490108]",awake,98.5,21.8,0,0
2024-01-23 13:00:00,69.3,"[790.9285988303636, 850.974615767336, 780.9452795927185, 808.4568469866871, 788.7121738011351]",awake,98.1,3.0,0,0
2024-01-23 13:30:00,80.8,"[789.9436157380331, 789.9436559795479, 826.1498988310358, 888.4138403823256, 776.787089036967]",awake,97.8,2.1,0,0
2024-01-23 14:00:00,84.6,"[812.2474793041998, 733.3989100018097, 802.2236595909283, 829.6233057538759, 777.6475483752951]",awake,98.0,9.2,0,0
2024-01-23 14:30:00,75.0,"[805.5075522668503, 788.8701133089905, 770.5896660302012, 795.7098312165282, 784.5636169912143]",awake,97.3,27.8,0,0
2024-01-23 15:00:00,74.1,"[803.3839905246871, 857.4346221922892, 789.9918358177163, 699.8368781808603, 846.3221071857035]",awake,97.5,46.2,0,0
2024-01-23 15:30:00,75.1,"[798.1549113090716, 840.2031548437242, 779.6660501450909, 795.699022374964, 815.5861313734564]",awake,97.7,34.3,0,0
2024-01-23 16:00:00,78.5,"[723.2482623273884, 761.2623689812982, 798.7969160104892, 762.4812402358691, 827.1216405639285]",awake,97.8,12.8,0,0
2024-01-23 16:30:00,77.1,"[762.6520099610839, 770.3655868008892, 777.9607830351097, 749.2539425714629, 758.7764449094087]",awake,97.8,0.5,0,0
2024-01-23 17:00:00,77.3,"[871.633500212579, 776.6492258325717, 772.5654218810671, 837.2126300925081, 807.7462169737378]",awake,97.8,16.9,0,0
2024-01-23 17:30:00,65.3,"[741.6952521510567, 755.7203359402212, 791.1254917605646, 801.800031721735, 738.4350828661928]",awake,98.3,23.6,0,0
2024-01-23 18:00:00,68.2,"[804.1614462291143, 835.8392928980466, 762.8836148019079, 777.275009139879, 861.8929616779092]",awake,97.9,25.8,0,0
2024-01-23 18:30:00,83.1,"[833.9872502140868, 862.8819946345524, 790.9830722569624, 828.1831335133412, 800.7839766172463]",awake,98.0,20.8,0,0
2024-01-23 19:00:00,63.3,"[803.5228459087901, 838.8397198187747, 702.046053924668, 810.7535826270049, 742.1002173781399]",awake,97.5,10.1,0,0
2024-01-23 19:30:00,69.5,"[894.0106523235294, 774.9056583320981, 756.5267723554701, 773.7950563685476, 862.1330011131781]",awake,97.4,23.0,0,0
2024-01-23 20:00:00,80.4,"[807.370478853097, 826.114934208113, 803.3270878934045, 820.1457353687138, 766.1763835800102]",awake,97.7,22.6,0,0
2024-01-23 20:30:00,73.2,"[845.4382650022129, 749.945973145904, 822.4201334581646, 763.2546373252004, 859.8937331455204]",awake,97.4,2.8,0,0
2024-01-23 21:00:00,75.8,"[815.7564765240949, 813.4496288967769, 862.2042095723848, 789.6219897984031, 818.2464721805064]",awake,97.2,13.2,0,0
2024-01-23 21:30:00,83.8,"[826.8207785525618, 764.0811934678578, 804.5097844070277, 759.0130214181894, 897.2507765549028]",awake,98.7,36.8,0,0
2024-01-23 22:00:00,60.7,"[1003.9313957139819, 1045.3107394306405, 1064.2982263739614, 1000.763701090124, 984.1939524099442]",light,96.4,2.9,480,450
2024-01-23 22:30:00,57.0,"[935.1741830543492, 992.0571288080135, 1053.0709232959355, 1069.937753036759, 1037.506698019419]",light,95.8,5.9,480,450
2024-01-23 23:00:00,52.0,"[1085.859627152327, 1044.7947186669985, 883.5645865158763, 925.9538685767208, 1072.573509813304]",light,97.1,4.8,480,450
2024-01-23 23:30:00,54.0,"[1012.6030688311641, 992.8205991992519, 960.6564466459314, 905.1546415657183, 905.1135400553013]",light,95.1,4.5,480,450
2024-01-24 00:00:00,65.7,"[898.6656155021324, 1062.5433361930882, 1108.9824575986872, 972.4705089313628, 984.411437196259]",deep,96.1,7.1,480,450
2024-01-24 00:30:00,63.5,"[1094.402671479731, 956.7167239043829, 921.4137697895826, 1026.8957671613393, 1004.8161342761639]",deep,95.4,8.6,480,450
2024-01-24 01:00:00,46.8,"[1025.9277641207705, 983.6105592861604, 1016.9093785711049, 1022.4357525261223, 1055.4099707317077]",deep,95.8,5.9,480,450
2024-01-24 01:30:00,59.9,"[949.1627103690229, 1021.1080528890795, 1079.6952715629184, 955.4996101209612, 954.5329268144973]",deep,95.7,3.2,480,450
2024-01-24 02:00:00,45.1,"[1005.8803616886308, 1043.9004988861684, 1072.6322252271118, 1062.9198858066713, 972.5814804666204]",rem,96.1,4.4,480,450
2024-01-24 02:30:00,59.4,"[902.4713944444086, 1030.4713469333497, 986.8078457548987, 987.1129035334368, 1027.1067952435474]",rem,96.1,2.7,480,450
2024-01-24 03:00:00,62.5,"[969.5127203763363, 968.1109050405252, 966.1474648741475, 1032.3360648152232, 1051.1555431085794]",rem,95.3,2.6,480,450
2024-01-24 03:30:00,65.0,"[971.0073393384674, 979.9873666256053, 997.0354463745188, 995.7216241992307, 978.9450098837511]",rem,96.0,4.0,480,450
2024-01-24 04:00:00,56.1,"[946.8632660604809, 992.6374332852246, 1016.0041962558796, 1028.8575154687223, 969.0766300982299]",light,95.5,11.6,480,450
2024-01-24 04:30:00,63.0,"[965.5508703988404, 964.7167283686689, 933.3922097419095, 944.8086302573812, 979.8602801480653]",light,95.8,3.5,480,450
2024-01-24 05:00:00,54.5,"[1012.3703710896739, 972.6792674080592, 984.9318054296209, 968.082698922409, 1008.4726160324013]",light,96.6,5.5,480,450
2024-01-24 05:30:00,56.1,"[950.5606910726088, 1014.2392599630367, 945.4056696210041, 881.1900902055152, 926.0599708225058]",light,95.5,4.6,480,450
2024-01-24 06:00:00,81.7,"[799.8352355495638, 805.7718281912566, 755.9297534651222, 790.4843871223744, 718.9634665672364]",awake,97.9,11.1,0,0
2024-01-24 06:30:00,77.0,"[873.2437110590678, 871.5042454135495, 788.2178081098781, 790.6409137266883, 751.5085814368113]",awake,97.9,8.6,0,0
2024-01-24 07:00:00,141.5,"[391.5989433494053, 453.37821369303146, 423.49036292362786, 422.41904519166735, 456.40963647142263]",awake,98.6,81.7,0,0
2024-01-24 07:30:00,135.3,"[485.20388402531603, 444.655017720098, 437.51736317344523, 382.34565302501056, 461.12461079621323]",awake,97.4,87.5,0,0
2024-01-24 08:00:00,146.7,"[399.8008853541843, 398.6000780928995, 478.7436315650084, 461.8824740983662, 461.0484477212891]",awake,97.9,87.8,0,0
2024-01-24 08:30:00,139.8,"[420.2177290751176, 509.2724007789638, 394.1313966473459, 438.5023098972175, 446.69781195026957]",awake,97.7,85.1,0,0
2024-01-24 09:00:00,74.2,"[724.1079063569488, 776.95637994084, 753.0422517327462, 752.0375557681107, 797.9121327084653]",awake,97.5,14.2,0,0
2024-01-24 09:30:00,72.7,"[841.2342078626557, 712.1588002802765, 839.2089016273585, 832.8037380016112, 840.4257911067223]",awake,97.4,15.3,0,0
2024-01-24 10:00:00,68.0,"[782.4043586689924, 832.3051178759927, 839.9363379179574, 749.2049360859077, 806.8524064753315]",awake,98.4,0.0,0,0
2024-01-24 10:30:00,74.6,"[856.1251164201736, 786.8113344320952, 835.5184885756472, 815.7477110468459, 787.1026170604953]",awake,98.4,17.2,0,0
2024-01-24 11:00:00,72.4,"[820.9320678911541, 769.5035098705952, 728.3036239988562, 826.7062371733278, 801.9280399618362]",awake,98.2,9.3,0,0
2024-01-24 11:30:00,68.6,"[802.5912206294795, 819.7031051294208, 760.5048039797653, 835.3349918342636, 797.9407725955608]",awake,97.8,6.2,0,0
2024-01-24 12:00:00,85.5,"[838.3535952008173, 832.6894898038094, 810.6157648995345, 831.0159524255114, 830.1038471212413]",awake,97.1,0.7,0,0
2024-01-24 12:30:00,78.5,"[859.1803551336311, 817.3189110038014, 822.9011515456215, 732.1751948304682, 794.441265131053]",awake,98.1,27.1,0,0
2024-01-24 13:00:00,80.0,"[785.54106342523, 860.2172296175785, 814.6585046144536, 803.0018124638152, 846.2504665709007]",awake,97.3,27.5,0,0
2024-01-24 13:30:00,74.3,"[827.68259551181, 795.0950853255574, 838.2946921001161, 802.1504364798486, 853.2742905282155]",awake,98.0,30.4,0,0
2024-01-24 14:00:00,82.1,"[768.0466952413801, 796.0611363323485, 788.3859720891246, 705.9238228551075, 809.69915050827]",awake,98.3,39.7,0,0
2024-01-24 14:30:00,88.7,"[747.2331209913094, 831.2122044619716, 737.3090045591206, 817.3937727000919, 788.3994532346491]",awake,97.8,15.2,0,0
2024-01-24 15:00:00,87.0,"[841.7282342184324, 776.5016758301501, 844.1158794874553, 823.9680965224399, 806.94095159842]",awake,98.1,28.0,0,0
2024-01-24 15:30:00,71.1,"[864.048729236381, 819.401393280052, 744.9164018081808, 781.0951556447598, 808.3776059904179]",awake,97.9,23.2,0,0
2024-01-24 16:00:00,63.8,"[774.5914833737768, 844.4827461569813, 755.6480532763421, 823.5305254292396, 786.2107184520679]",awake,97.7,36.2,0,0
2024-01-24 16:30:00,76.8,"[866.5346550615966, 783.8527539940023, 825.2710960413492, 770.1857062019521, 784.8622898318217]",awake,97.3,36.9,0,0
2024-01-24 17:00:00,64.6,"[776.026821882077, 812.5303859836911, 775.9231928895667, 740.1244471621418, 751.652241747084]",awake,98.5,23.3,0,0
2024-01-24 17:30:00,79.2,"[829.2557962235594, 854.3175707376498, 800.1435406742868, 854.207512025229, 766.4401793299351]",awake,97.5,21.8,0,0
2024-01-24 18:00:00,71.5,"[778.423036343706, 821.0720011066189, 862.7990714583821, 849.0809159948702, 854.3449192628149]",awake,98.8,20.6,0,0
2024-01-24 18:30:00,67.4,"[769.4690675427299, 795.1642542951143, 823.6119546088273, 779.3508836623959, 805.4554283737114]",awake,98.2,24.5,0,0
2024-01-24 19:00:00,72.5,"[792.8359639863421, 822.6059719688035, 840.938370220408, 753.4994003770634, 794.4653427587854]",awake,99.0,22.5,0,0
2024-01-24 19:30:00,77.8,"[725.8286702195796, 758.8197270441844, 701.2352637630523, 788.3580095878843, 815.9392025700274]",awake,98.5,14.5,0,0
2024-01-24 20:00:00,59.2,"[854.9994834797087, 803.0003034717965, 814.0875440862328, 880.3138852187184, 765.3217634055299]",awake,98.0,17.9,0,0
2024-01-24 20:30:00,65.2,"[800.9938239060045, 842.6567042125957, 823.1690817687331, 830.4084574905828, 813.5447600226394]",awake,97.6,31.9,0,0
2024-01-24 21:00:00,70.4,"[842.4445920231738, 777.4935474093191, 824.0854092865328, 831.6177527793363, 788.691676434214]",awake,97.6,21.3,0,0
2024-01-24 21:30:00,69.3,"[827.766520838803, 778.8598080282437, 805.4178864496222, 770.036253712227, 837.1091692858762]",awake,98.6,28.2,0,0
2024-01-24 22:00:00,59.7,"[959.1404249445391, 958.4881460716529, 1075.4623965031947, 1037.8189107729438, 969.1827819645607]",light,96.3,5.6,480,450
2024-01-24 22:30:00,68.5,"[967.1643689510337, 1113.9159265169633, 980.7494714085162, 985.1942727617892, 1061.0251336137105]",light,96.0,0.9,480,450
2024-01-24 23:00:00,61.1,"[928.3742131632779, 1038.9364166441385, 990.3890699981125, 942.6509265533513, 1039.1908052422143]",light,95.5,5.4,480,450
2024-01-24 23:30:00,65.2,"[1010.310258528803, 967.834172225852, 968.8812669305667, 1083.7063747519023, 957.8500617132246]",light,96.6,6.5,480,450
2024-01-25 00:00:00,65.7,"[1023.3989035773276, 1078.115090835256, 1037.4473969873402, 1003.0472194587262, 993.5640624027325]",deep,96.4,4.0,480,450
2024-01-25 00:30:00,61.1,"[974.9987457175758, 1045.852025058572, 1011.9967287600374, 1072.8722867396698, 1011.2007532712779]",deep,95.5,4.3,480,450
2024-01-25 01:00:00,68.6,"[1004.6463893140046, 1114.0408960808563, 1043.7380645872015, 939.7790993807347, 978.5357887214411]",deep,95.7,3.3,480,450
2024-01-25 01:30:00,69.5,"[1029.258906751592, 1016.3229389880289, 983.7919759680553, 1017.8280598941931, 950.3322615064181]",deep,95.7,4.2,480,450
2024-01-25 02:00:00,55.5,"[974.4651510258536, 973.6336278460562, 1002.4846798557132, 918.9064732695928, 1027.636926782765]",rem,96.0,6.1,480,450
2024-01-25 02:30:00,62.4,"[1006.4493687723865, 1019.0734128337438, 964.2529036797712, 1011.8862716812217, 963.0376515337641]",rem,96.1,3.6,480,450
2024-01-25 03:00:00,51.6,"[953.3886000362992, 1031.5194925023122, 1104.4295476658242, 880.9903834751433, 966.7111031279512]",rem,95.2,9.0,480,450
2024-01-25 03:30:00,58.6,"[962.7207824221443, 965.598810252029, 1004.3814605532567, 1040.7793311675578, 999.430508657202]",rem,95.9,6.1,480,450
2024-01-25 04:00:00,61.2,"[1083.8081297466906, 1051.9319180408775, 1074.814649076895, 981.0040972269561, 950.0161520756578]",light,96.0,5.9,480,450
2024-01-25 04:30:00,60.7,"[971.2718144322328, 1039.1172824858074, 950.1081324498545, 1106.611078647895, 998.4130299075667]",light,96.4,6.1,480,450
2024-01-25 05:00:00,70.3,"[997.976373476476, 965.9850705933377, 1012.1460225572648, 1060.2191212212142, 992.6947483368162]",light,95.4,7.0,480,450
2024-01-25 05:30:00,61.1,"[1024.0646499536708, 902.7118887426395, 1028.8162780104697, 1030.6103650343737, 962.2814291976442]",light,96.0,4.8,480,450
2024-01-25 06:00:00,69.0,"[781.4618965068229, 814.7703629794497, 754.7602719528994, 779.6171298372044, 762.2581954195803]",awake,97.8,26.1,0,0
2024-01-25 06:30:00,87.9,"[814.0726413000488, 839.5580414011284, 864.8682967437312, 804.4571670810298, 792.7304823614108]",awake,97.8,19.0,0,0
2024-01-25 07:00:00,153.5,"[389.22378778525217, 384.9025091680724, 422.6591886935228, 452.3277745908435, 478.0639385321268]",awake,98.1,77.4,0,0
2024-01-25 07:30:00,149.3,"[402.89968716940615, 470.01857555807715, 423.34607401463774, 375.404817406946, 382.61480380930055]",awake,97.9,85.0,0,0
2024-01-25 08:00:00,145.3,"[427.61476595044724, 433.0619662881918, 403.82363025754546, 490.1014576634841, 371.9353289050423]",awake,97.3,83.0,0,0
2024-01-25 08:30:00,140.8,"[378.1304239445506, 415.2118456806072, 459.35902067060937, 471.89624992312787, 378.3376961592016]",awake,98.4,76.7,0,0
2024-01-25 09:00:00,73.4,"[801.3509453210762, 858.2430403897407, 825.3075452472663, 825.809545234944, 805.5514790929612]",awake,98.7,31.8,0,0
2024-01-25 09:30:00,76.1,"[756.0992496024214, 825.3786891195442, 767.6554649220235, 780.3852379346466, 833.6712272343823]",awake,99.0,49.4,0,0
2024-01-25 10:00:00,77.5,"[761.8753749952381, 804.9566581420429, 809.5299579864643, 798.205089694901, 750.889142683077]",awake,98.0,27.2,0,0
2024-01-25 10:30:00,65.4,"[765.7447473215994, 745.5280820919904, 802.168891044711, 793.2574723222884, 778.3219723867072]",awake,98.2,22.3,0,0
2024-01-25 11:00:00,68.4,"[801.4365086367441, 822.3355925911259, 725.5228925752799, 796.8671706242935, 806.4668063812538]",awake,98.6,14.7,0,0
2024-01-25 11:30:00,66.2,"[807.3342568421082, 830.4431155836443, 794.1957214381706, 795.6860833226838, 681.8952108331358]",awake,97.8,38.5,0,0
2024-01-25 12:00:00,66.5,"[732.2744742890562, 880.8370571472248, 792.922020046031, 801.2525353070866, 831.2447550154392]",awake,98.7,24.7,0,0
2024-01-25 12:30:00,81.0,"[798.0992449579712, 829.0053482430358, 810.5071391012033, 856.6676917220185, 772.913252726283]",awake,98.0,15.6,0,0
2024-01-25 13:00:00,73.4,"[783.8554433799255, 802.2953775818871, 822.0998877806618, 806.645703062089, 839.8639701065849]",awake,98.0,13.4,0,0
2024-01-25 13:30:00,81.0,"[740.5792173055652, 780.7389448743625, 821.8330044075938, 764.7253454171632, 764.7958547175991]",awake,97.9,6.5,0,0
2024-01-25 14:00:00,73.6,"[840.7540286523329, 795.0351554291426, 757.4898965372936, 719.0395511729618, 819.6562607063727]",awake,97.2,27.5,0,0
2024-01-25 14:30:00,73.9,"[882.0102795191682, 847.0967670935647, 848.7222029827274, 760.0503087951547, 721.8167669618263]",awake,98.2,9.9,0,0
2024-01-25 15:00:00,76.3,"[735.8472047333894, 825.5986381064912, 821.0145518812714, 757.716427846384, 788.4616826453496]",awake,97.8,16.7,0,0
2024-01-25 15:30:00,68.6,"[841.0514544108212, 815.6175834903387, 797.7126865621785, 804.3708704583722, 817.9345124487263]",awake,97.5,21.8,0,0
2024-01-25 16:00:00,69.4,"[748.991834917563, 830.3921154709924, 858.4134460047395, 789.9476265856688, 860.6561484733061]",awake,97.8,11.6,0,0
2024-01-25 16:30:00,73.9,"[751.2996935666844, 896.1461186779367, 805.2632490010478, 754.751858540677, 778.5863015196145]",awake,97.2,21.4,0,0
2024-01-25 17:00:00,68.3,"[862.8541603873562, 784.5245118694088, 711.1327528877644, 816.0536761429518, 837.6425273255857]",awake,98.5,20.9,0,0
2024-01-25 17:30:00,81.3,"[759.4248361243323, 714.8117546181755, 754.9731572791733, 847.9155370996164, 816.0174880249615]",awake,98.5,25.3,0,0
2024-01-25 18:00:00,71.3,"[754.503413622381, 728.8407831458406, 834.0363625461425, 811.8156727470464, 795.143927402223]",awake,97.7,3.6,0,0
2024-01-25 18:30:00,69.2,"[817.0146790331028, 740.4650020434967, 801.3649519058487, 783.3839871810911, 732.9874709669529]",awake,97.9,29.4,0,0
2024-01-25 19:00:00,66.0,"[753.7301441902368, 768.576905241516, 857.877200388178, 799.5896760320489, 745.1245734125887]",awake,97.9,25.7,0,0
2024-01-25 19:30:00,69.8,"[767.0116408334508, 836.1964615535308, 775.3907462213082, 742.5851785426892, 803.4371615635305]",awake,98.2,22.3,0,0
2024-01-25 20:00:00,77.8,"[826.7485660670881, 863.4219345970472, 771.7719611571372, 771.150397103552, 767.4360317523369]",awake,97.7,3.2,0,0
2024-01-25 20:30:00,77.2,"[810.0905999893747, 783.4874833374772, 780.4860501776091, 789.5063114269332, 828.5486552987501]",awake,97.5,10.9,0,0
2024-01-25 21:00:00,86.0,"[817.3808904858524, 847.6399189847762, 806.6858347531542, 843.4826392034448, 818.6210460402389]",awake,97.6,8.6,0,0
2024-01-25 21:30:00,69.2,"[818.3741145867208, 822.0420744188515, 813.4279499246475, 785.684341781658, 806.851491793856]",awake,98.4,15.1,0,0
2024-01-25 22:00:00,64.4,"[1018.0295830347291, 974.8525968090686, 977.5987576866476, 1000.146653964899, 1013.8471290262182]",light,95.4,5.2,480,450
2024-01-25 22:30:00,60.5,"[911.459869143749, 981.9360351476718, 1027.6051126465757, 953.1231806351162, 932.8561161887626]",light,95.7,4.4,480,450
2024-01-25 23:00:00,62.0,"[1009.9959669472236, 957.638096833502, 987.0661097379112, 1005.9492304917354, 979.3740428760725]",light,95.3,9.5,480,450
2024-01-25 23:30:00,56.7,"[971.6524982894664, 1037.6595699506872, 941.4648567369599, 1101.294553334295, 924.4470722510722]",light,95.8,2.8,480,450
2024-01-26 00:00:00,56.3,"[1012.8559386582335, 977.8511985436654, 1016.0980777090753, 1010.775640195287, 1039.281401961406]",deep,95.3,4.9,480,450
2024-01-26 00:30:00,59.1,"[1051.606436921086, 995.5996325259933, 987.2529226303511, 1011.3888474827257, 1063.3042608276808]",deep,96.4,7.2,480,450
2024-01-26 01:00:00,70.5,"[956.4768994959211, 1052.909775840458, 977.4385063922041, 965.0288761639397, 1013.853922506987]",deep,95.7,3.3,480,450
2024-01-26 01:30:00,61.9,"[1021.8866541667253, 927.9688630804131, 919.9156009390636, 1037.656684092161, 992.7987254650654]",deep,96.3,6.0,480,450
2024-01-26 02:00:00,62.6,"[1027.259936492658, 1005.719596866302, 876.8462014600253, 961.2908728472195, 1000.1292271470312]",rem,96.4,4.0,480,450
2024-01-26 02:30:00,70.2,"[978.5205167242362, 1008.7051120306501, 972.0830045121555, 1077.894571260005, 987.2384870325373]",rem,95.0,3.8,480,450
2024-01-26 03:00:00,67.4,"[995.3537346987039, 947.2944921223269, 1036.91582632271, 1060.5265276123448, 999.0224511259252]",rem,96.5,7.1,480,450
2024-01-26 03:30:00,51.4,"[980.2908944314842, 1041.5800421148447, 1003.4983146845472, 1008.0863914417616, 1097.1138066490944]",rem,95.6,7.3,480,450
2024-01-26 04:00:00,51.4,"[1026.664475399401, 1035.870441192928, 951.6456870202767, 995.4240087640302, 1047.6994644447786]",light,94.9,3.9,480,450
2024-01-26 04:30:00,51.8,"[1018.6077721313937, 971.3767418345014, 1011.8854544261548, 1014.0157837019434, 1094.8152156879046]",light,96.0,2.8,480,450
2024-01-26 05:00:00,63.2,"[1036.0649086624828, 904.4451535284594, 926.3359629721888, 1045.960884745952, 993.5605229703494]",light,95.8,7.6,480,450
2024-01-26 05:30:00,71.4,"[997.0264747407579, 1066.0923621097472, 1037.910406091114, 960.0291326915168, 961.6009385056116]",light,96.2,3.9,480,450
2024-01-26 06:00:00,75.1,"[774.527494260035, 814.9871495847159, 755.1802708401779, 781.447010958747, 836.4727141637843]",awake,98.0,8.1,0,0
2024-01-26 06:30:00,88.9,"[822.2614667302743, 742.9977577836298, 862.1419347303881, 758.6430563373011, 832.793934514032]",awake,97.9,41.1,0,0
2024-01-26 07:00:00,126.8,"[426.27619589210576, 409.1645843774839, 434.12201861660776, 436.8885296047808, 416.2865067353672]",awake,97.9,83.3,0,0
2024-01-26 07:30:00,146.8,"[457.8014902798847, 416.8950925440403, 410.89179421215414, 373.1317232734529, 384.41784363486767]",awake,98.2,86.2,0,0
2024-01-26 08:00:00,127.2,"[416.8878655054627, 410.25764561806756, 445.81241727440636, 388.1228709930348, 442.2021669632294]",awake,97.3,78.5,0,0
2024-01-26 08:30:00,129.7,"[446.9479369149123, 428.61387528448427, 430.1014218959306, 487.2827764251658, 432.9313722972902]",awake,98.9,90.9,0,0
2024-01-26 09:00:00,82.9,"[797.4087001819436, 817.4125284863682, 841.8196849518993, 748.9628511027212, 751.3669059005313]",awake,98.6,6.8,0,0
2024-01-26 09:30:00,71.0,"[801.1841975452601, 764.527396499353, 770.2042563871188, 763.6555303787077, 714.9253478762653]",awake,98.1,34.0,0,0
2024-01-26 10:00:00,85.2,"[795.2689455210776, 805.1047528324949, 815.3615492114121, 812.4666023135253, 755.9450479177538]",awake,98.9,21.1,0,0
2024-01-26 10:30:00,74.6,"[882.960098059303, 784.322603389713, 845.3445912517637, 803.5928321161213, 792.1923433245455]",awake,98.7,28.9,0,0
2024-01-26 11:00:00,71.4,"[782.1953815695946, 804.25905373189, 801.0752890126449, 831.0831340846221, 779.0868443619204]",awake,97.5,25.3,0,0
2024-01-26 11:30:00,65.5,"[816.3764913216135, 866.216715623501, 817.6765805461163, 801.957401385415, 807.8720416198202]",awake,98.2,21.3,0,0
2024-01-26 12:00:00,78.5,"[843.1991222006427, 821.3386906384301, 830.5855424315116, 876.4055781603738, 794.7650035495578]",awake,97.8,24.8,0,0
2024-01-26 12:30:00,85.2,"[806.7758973507006, 759.7888980813316, 820.8668255404108, 802.0103543251032, 790.2391506444587]",awake,98.6,40.8,0,0
2024-01-26 13:00:00,75.3,"[820.819795379001, 855.0162687632327, 773.507569484845, 748.0100303512288, 736.9156019501477]",awake,97.4,15.8,0,0
2024-01-26 13:30:00,79.5,"[792.418341790983, 788.8865126437694, 838.8323392531057, 818.9748743743233, 863.7201685272103]",awake,97.8,24.0,0,0
2024-01-26 14:00:00,70.7,"[759.5120185247195, 786.9389206302162, 777.2190346968333, 747.0010467193774, 834.7933920957281]",awake,97.9,24.5,0,0
2024-01-26 14:30:00,72.6,"[767.8387695175676, 777.1526084577014, 815.6603561959878, 799.040945899865, 772.7217616475516]",awake,97.7,19.1,0,0
2024-01-26 15:00:00,75.0,"[850.8655100616604, 845.4283113152587, 714.4460915900298, 822.4672406188972, 800.3105236449093]",awake,97.7,17.5,0,0
2024-01-26 15:30:00,70.2,"[794.0528661264945, 785.4378428334517, 742.6874396156188, 798.2434935325679, 787.3311555553279]",awake,97.9,21.5,0,0
2024-01-26 16:00:00,61.0,"[825.1158167828283, 764.4021455772382, 775.2452504071832, 810.7527212593961, 825.7428225825561]",awake,98.7,29.6,0,0
2024-01-26 16:30:00,76.0,"[748.4479486627617, 819.5996649738057, 753.137613309124, 749.1134547466218, 799.5430536190696]",awake,97.8,9.7,0,0
2024-01-26 17:00:00,78.5,"[836.9362643771904, 816.3607358733351, 809.0193813538809, 815.3121450125268, 775.7122954208963]",awake,98.2,26.5,0,0
2024-01-26 17:30:00,77.9,"[809.657588391916, 840.5507618855568, 817.8501873130538, 797.2637152372213, 838.3433475151134]",awake,97.6,18.1,0,0
2024-01-26 18:00:00,81.8,"[854.5702146718603, 810.7439792606491, 740.2959171480715, 787.707342169874, 837.8668721106274]",awake,98.5,24.4,0,0
2024-01-26 18:30:00,82.0,"[765.6466631790244, 776.7300611207871, 795.5031396861425, 805.118374784826, 763.0261533077455]",awake,98.5,17.8,0,0
2024-01-26 19:00:00,75.6,"[772.0289094262296, 741.6050541073228, 837.1335423261442, 824.9297443346817, 724.3884994989864]",awake,97.9,28.7,0,0
2024-01-26 19:30:00,74.4,"[880.594077499183, 811.8535204087949, 794.8837515331685, 744.3555271715315, 796.1685726932857]",awake,98.2,2.7,0,0
2024-01-26 20:00:00,71.2,"[744.4869463126656, 781.146639939686, 791.1657354916259, 714.5221450929705, 780.0923169944776]",awake,97.8,23.3,0,0
2024-01-26 20:30:00,79.3,"[800.8984794792681, 868.5803666968097, 807.8486639447748, 738.4844044260404, 759.2503307838803]",awake,98.0,0.0,0,0
2024-01-26 21:00:00,61.1,"[855.4121545161596, 858.2765301481412, 847.0089062855211, 737.6813589960752, 779.9217439416327]",awake,97.7,41.9,0,0
2024-01-26 21:30:00,74.2,"[801.086798704702, 783.8947460841011, 762.9777801901969, 761.9069861279619, 797.3350418670148]",awake,97.3,26.8,0,0
2024-01-26 22:00:00,61.0,"[975.087978400457, 1003.3608794657263, 917.6111426590987, 1090.425298212747, 1096.5816795087903]",light,95.9,5.2,480,450
2024-01-26 22:30:00,62.8,"[930.3326585494613, 1011.4278836088823, 942.8824971897741, 942.2164888032047, 984.3718237244384]",light,95.5,7.9,480,450
2024-01-26 23:00:00,53.0,"[1062.2542388260363, 1011.0047287394547, 995.7070647459275, 926.204718075146, 1001.7619164857042]",light,95.1,7.3,480,450
2024-01-26 23:30:00,54.0,"[1025.124784101567, 1042.3629598880789, 1098.072746300795, 1102.974722192459, 1012.3629797646702]",light,96.6,7.9,480,450
2024-01-27 00:00:00,64.9,"[1038.478046117875, 981.1957821129745, 941.2653936036814, 984.4518438768831, 976.4391154071681]",deep,95.5,2.5,480,450
2024-01-27 00:30:00,58.6,"[886.1715520655264, 953.1482887580635, 979.9890891476458, 944.7623123028031, 1009.1479412974161]",deep,96.3,3.5,480,450
2024-01-27 01:00:00,56.1,"[975.8979654240829, 1008.0622877203239, 981.8336767913191, 1007.33193328597, 1046.300113043396]",deep,97.1,6.6,480,450
2024-01-27 01:30:00,55.6,"[983.7831609847996, 929.4869797965721, 1005.0576299841769, 1084.9705175853778, 984.8487259461325]",deep,96.5,6.2,480,450
2024-01-27 02:00:00,59.9,"[989.6075877997783, 961.6264359548433, 1035.5443550829257, 1084.528373539336, 970.2513016931861]",rem,95.6,6.7,480,450
2024-01-27 02:30:00,61.3,"[1003.4327458679033, 967.7331222308258, 1011.616635180191, 990.9317675669672, 1066.101710643589]",rem,96.5,6.4,480,450
2024-01-27 03:00:00,50.3,"[968.7331728406276, 1043.7820930182547, 944.2107191690361, 945.9649239564422, 1015.6818848946244]",rem,95.9,4.2,480,450
2024-01-27 03:30:00,53.8,"[1063.1681678531527, 1058.8956806333542, 1015.3108472533563, 998.290404199505, 1048.9548254368362]",rem,96.1,2.7,480,450
2024-01-27 04:00:00,58.2,"[948.1855651599084, 1068.0571460484143, 980.6194965117, 1022.4449952297712, 1058.176820690709]",light,95.5,3.4,480,450
2024-01-27 04:30:00,64.9,"[951.7704578962376, 960.8624424807105, 983.0949223134661, 999.257913953543, 1000.5169578597934]",light,96.4,4.4,480,450
2024-01-27 05:00:00,71.2,"[1062.8703099547595, 953.4816091790256, 1073.3068773144446, 965.2492602433884, 951.8766819284331]",light,96.0,6.5,480,450
2024-01-27 05:30:00,66.6,"[991.2091529951566, 930.1205185479936, 1007.2602958097513, 928.277721479526, 931.047812206022]",light,96.0,3.2,480,450
2024-01-27 06:00:00,85.0,"[809.8590459864823, 817.6849222421528, 807.0245363576469, 843.9346096540099, 849.080296029681]",awake,97.9,6.0,0,0
2024-01-27 06:30:00,84.3,"[858.7957344380599, 821.4010965591522, 906.8043826558273, 760.1453513471073, 771.3160671613768]",awake,97.1,13.4,0,0
2024-01-27 07:00:00,81.0,"[836.9512884218304, 777.1040952867565, 839.1798426766051, 825.7574924276846, 812.1914255123478]",awake,98.5,20.2,0,0
2024-01-27 07:30:00,82.2,"[709.2477982662231, 760.68244775659, 762.0881383428944, 809.3494972296402, 824.6049306252621]",awake,97.5,23.4,0,0
2024-01-27 08:00:00,66.8,"[806.4027076100946, 874.1523004482004, 742.4344264903938, 816.2719593832473, 839.6694015285541]",awake,97.7,7.9,0,0
2024-01-27 08:30:00,80.1,"[825.8404622033136, 773.281611192037, 823.7560721719319, 785.8984958067497, 904.8059097971418]",awake,99.0,12.9,0,0
2024-01-27 09:00:00,86.7,"[751.4724011771807, 770.6817412544333, 839.2100908060495, 750.5680801026473, 765.9515607369714]",awake,98.2,13.9,0,0
2024-01-27 09:30:00,76.8,"[737.9508594327527, 858.3220713666476, 814.7360190195305, 753.6179441274171, 738.9011664006281]",awake,98.1,0.0,0,0
2024-01-27 10:00:00,65.7,"[833.1870488970915, 696.3432515947139, 762.5122088798419, 829.5058723133752, 786.5962790033856]",awake,98.2,2.6,0,0
2024-01-27 10:30:00,72.6,"[749.9804501047256, 806.1803940196131, 841.9043852185597, 813.7319385828803, 830.6856006572933]",awake,98.0,9.2,0,0
2024-01-27 11:00:00,79.8,"[836.5596624289053, 897.2521005678768, 786.3816061661241, 777.9440225782482, 760.6141508558653]",awake,97.5,11.2,0,0
2024-01-27 11:30:00,73.5,"[778.0010748954, 809.6759605866929, 787.1949948264013, 829.5817650831607, 779.1715543211664]",awake,98.3,32.2,0,0
2024-01-27 12:00:00,86.4,"[698.330896598725, 818.06257930671, 813.3327305356967, 803.6341752070575, 750.86111863231]",awake,97.5,20.5,0,0
2024-01-27 12:30:00,75.6,"[826.965569939993, 793.2220675424613, 866.5804640000046, 776.8297998111091, 851.2375683616278]",awake,98.5,27.7,0,0
2024-01-27 13:00:00,79.6,"[792.3058848803024, 763.0987819093639, 870.529619973589, 769.1061911895898, 812.8586810214259]",awake,98.6,33.6,0,0
2024-01-27 13:30:00,78.6,"[808.4170565731503, 789.0165113023661, 775.662881451389, 811.2844865365953, 820.1626488702506]",awake,97.6,25.6,0,0
2024-01-27 14:00:00,77.3,"[895.219025885467, 781.3850570276353, 834.8312630513637, 800.8662320232484, 765.6230403535841]",awake,97.6,10.5,0,0
2024-01-27 14:30:00,74.0,"[778.4188055022306, 814.8244897274761, 743.7616303243706, 753.1720953068296, 737.5033370237218]",awake,97.7,39.6,0,0
2024-01-27 15:00:00,83.0,"[732.019470870662, 764.67503624239, 808.3352369079485, 820.509649497451, 827.9204410797233]",awake,98.6,26.0,0,0
2024-01-27 15:30:00,91.7,"[834.4446687029672, 801.2784557938857, 829.125023640145, 844.4142793493182, 848.8972339260822]",awake,98.1,25.0,0,0
2024-01-27 16:00:00,68.9,"[866.706828386667, 822.0331443658347, 834.4634080285123, 807.5449587191139, 878.0407380547451]",awake,98.8,16.2,0,0
2024-01-27 16:30:00,86.7,"[743.144280504025, 801.1707241688296, 809.4377534521295, 800.952428552521, 822.104703873722]",awake,97.8,14.4,0,0
2024-01-27 17:00:00,79.6,"[793.1867214855432, 765.205708089285, 791.2725791517116, 799.6117829659423, 796.9083203375242]",awake,98.6,0.0,0,0
2024-01-27 17:30:00,72.2,"[777.3498858612152, 827.3376988066711, 772.4879987959057, 798.1888881554315, 797.5632150441293]",awake,98.4,22.1,0,0
2024-01-27 18:00:00,62.3,"[731.0326148091704, 849.952816712138, 834.73153214926, 788.3242243812329, 828.3980601003512]",awake,99.0,11.7,0,0
2024-01-27 18:30:00,72.0,"[810.0289474659056, 860.1834658569618, 908.6577639796147, 839.8012386910268, 797.1134772904447]",awake,97.7,19.2,0,0
2024-01-27 19:00:00,73.2,"[742.4632114957597, 811.8466555297377, 810.4064350081087, 725.2684159427865, 821.1180057804448]",awake,97.4,27.8,0,0
2024-01-27 19:30:00,71.0,"[852.1792291279259, 722.5889779400384, 779.864585990788, 765.7207210345148, 768.3343604383542]",awake,98.3,20.8,0,0
2024-01-27 20:00:00,75.5,"[780.3378039099076, 797.2467084256693, 764.235487944851, 802.5040258435226, 794.0009461952562]",awake,97.8,13.1,0,0
2024-01-27 20:30:00,68.2,"[802.0025739440509, 755.2835495445805, 818.1115153885969, 808.2254607513527, 744.850269023358]",awake,99.0,2.4,0,0
2024-01-27 21:00:00,77.8,"[732.099189613446, 812.0509724103318, 713.9708896365382, 766.201207720152, 794.1889449929025]",awake,97.6,36.8,0,0
2024-01-27 21:30:00,81.5,"[848.9149227638977, 767.298263649283, 807.7100953181492, 748.9379649783456, 801.6266567229926]",awake,97.9,27.1,0,0
2024-01-27 22:00:00,56.9,"[992.7850333481944, 994.0117533946236, 944.0126874120779, 1059.9500566596614, 1006.0853098578126]",light,95.5,3.1,480,450
2024-01-27 22:30:00,63.1,"[995.2705904364842, 927.247247749229, 937.687368628418, 1034.9879715275652, 1012.9222856244025]",light,95.8,4.5,480,450
2024-01-27 23:00:00,55.0,"[1035.7076465208183, 995.6846873466005, 1011.6627660826713, 1033.2051057989643, 991.3620382539282]",light,95.2,4.6,480,450
2024-01-27 23:30:00,47.9,"[1085.2622022738792, 1127.0784602114168, 934.0096021860589, 971.765372434896, 981.6331968486253]",light,96.2,7.0,480,450
2024-01-28 00:00:00,56.8,"[1107.6313122003526, 1072.9160038236507, 1023.0011257449949, 972.0645970852038, 930.0022202317391]",deep,97.0,6.8,480,450
2024-01-28 00:30:00,61.9,"[1051.945503156607, 1004.7918646769629, 1051.961446082414, 1006.2207862824389, 979.1341024270265]",deep,96.4,2.4,480,450
2024-01-28 01:00:00,51.1,"[986.7870578912905, 1043.096395401341, 1045.169310638671, 962.446737716319, 1052.9420083060215]",deep,97.0,5.2,480,450
2024-01-28 01:30:00,52.6,"[1045.221707107167, 982.0457606439893, 920.5092514686868, 1035.8480624765373, 1064.5149970715224]",deep,96.0,7.4,480,450
2024-01-28 02:00:00,55.5,"[991.9739703150971, 989.239046336174, 1046.8725963538818, 1027.351599513942, 915.0505735966889]",rem,95.2,5.5,480,450
2024-01-28 02:30:00,49.7,"[943.2071835600644, 995.6619245563611, 1009.9257487504382, 1059.2845776669255, 991.4764347094524]",rem,97.2,2.8,480,450
2024-01-28 03:00:00,63.3,"[959.0153818606104, 1026.1737761861332, 1056.6629173014487, 962.8444548887329, 1082.0506159090316]",rem,96.4,3.4,480,450
2024-01-28 03:30:00,57.9,"[1006.1301981547231, 1033.3377718127433, 1092.562030786508, 976.2680990101026, 968.96626859501]",rem,95.7,6.3,480,450
2024-01-28 04:00:00,59.1,"[1127.375632387151, 1004.9380884389597, 1023.6777101113754, 909.2424776283149, 963.8548849272908]",light,96.7,6.6,480,450
2024-01-28 04:30:00,69.0,"[999.217447064188, 992.6951607760146, 991.7305325275028, 1024.5262894510051, 1063.8892059486632]",light,95.7,5.3,480,450
2024-01-28 05:00:00,52.9,"[1064.5023104079753, 860.2280487064243, 1003.4812194467096, 938.7813718026543, 1056.747582640739]",light,96.6,6.8,480,450
2024-01-28 05:30:00,61.3,"[903.8222770990355, 995.4299709649923, 1011.0375019178267, 978.7590681606163, 1059.7776047878986]",light,95.7,9.5,480,450
2024-01-28 06:00:00,55.1,"[842.4856885087758, 730.8811078942653, 832.8400125115544, 791.4577132325377, 811.2634102091273]",awake,97.4,20.9,0,0
2024-01-28 06:30:00,67.1,"[838.6973303881734, 843.0812840815752, 760.4103112380899, 809.0238508620844, 794.169175111014]",awake,99.0,13.3,0,0
2024-01-28 07:00:00,70.0,"[760.8303204939748, 770.2508505299003, 819.7200128355548, 835.9728982784258, 804.0277889615526]",awake,98.9,17.9,0,0
2024-01-28 07:30:00,77.9,"[830.0181387280724, 804.7003381107419, 782.115831279904, 768.8105845119077, 810.4277156162768]",awake,98.4,31.0,0,0
2024-01-28 08:00:00,58.8,"[817.333230448381, 835.0099292902938, 813.1707198709846, 878.6504466916684, 778.9821329912786]",awake,97.8,13.0,0,0
2024-01-28 08:30:00,81.4,"[763.2766712461457, 819.2565162912354, 793.8830209733733, 812.4232564729748, 751.0193491564928]",awake,98.2,10.9,0,0
2024-01-28 09:00:00,83.3,"[785.3026011735325, 850.7520261409513, 730.8444017034002, 777.4558696436777, 711.4716393207849]",awake,98.1,29.6,0,0
2024-01-28 09:30:00,73.8,"[826.1590745169132, 722.8024926128253, 872.0537926124671, 704.632426977556, 813.965939469528]",awake,98.3,4.2,0,0
2024-01-28 10:00:00,81.5,"[822.1606436049386, 773.976086366615, 796.3211778073925, 743.552812160869, 779.1043243062979]",awake,97.9,24.9,0,0
2024-01-28 10:30:00,68.7,"[813.607474815423, 720.4155481025103, 799.9820700833561, 780.41446686603, 824.8045158297758]",awake,98.7,22.8,0,0
2024-01-28 11:00:00,58.7,"[864.53806078453, 826.5925399106814, 816.5662897390872, 797.8699945930572, 826.8528164172802]",awake,98.4,5.8,0,0
2024-01-28 11:30:00,68.5,"[864.2243894486064, 846.5436358012485, 807.1464492798417, 747.4678354245198, 824.220685863355]",awake,97.5,30.1,0,0
2024-01-28 12:00:00,86.6,"[783.7398502976619, 781.1962212871084, 836.5302512702152, 692.8449641462681, 763.7291834602717]",awake,98.1,13.3,0,0
2024-01-28 12:30:00,91.5,"[732.0199687446745, 822.1021205533314, 773.6681968839652, 798.3987917258737, 785.5544023030627]",awake,98.0,15.4,0,0
2024-01-28 13:00:00,76.6,"[769.4227471321095, 755.5923966332587, 782.1798330971578, 808.9106987859951, 788.3367580445239]",awake,97.2,19.1,0,0
2024-01-28 13:30:00,64.2,"[814.3945508688984, 798.8882486417559, 759.9803222891883, 797.377688963706, 732.6406483732751]",awake,97.3,20.8,0,0
2024-01-28 14:00:00,87.6,"[768.2835103560936, 860.8442055471473, 756.6804817914885, 857.2005074549733, 759.4480651124574]",awake,98.1,6.6,0,0
2024-01-28 14:30:00,75.2,"[853.0125160060834, 804.3467934493848, 793.7027164526196, 797.2090681663265, 739.0949691728952]",awake,98.6,11.8,0,0
2024-01-28 15:00:00,70.9,"[783.0958113752331, 840.0174079940676, 813.1088877270436, 856.8102133127286, 801.9863830165838]",awake,99.0,24.9,0,0
2024-01-28 15:30:00,81.8,"[787.530778954677, 770.9455740426177, 824.3625809520458, 783.7404762267257, 805.4226519889684]",awake,98.3,11.7,0,0
2024-01-28 16:00:00,74.1,"[786.1601789371816, 722.5702084621529, 855.017616363205, 809.3273020566995, 821.8842686233874]",awake,97.7,12.0,0,0
2024-01-28 16:30:00,65.2,"[891.6415568620573, 836.3042281133343, 806.9005650563149, 836.9742888133986, 761.3237895790116]",awake,98.2,28.5,0,0
2024-01-28 17:00:00,69.5,"[711.1413219121804, 778.2589000727309, 810.8145176156919, 783.7049513628774, 879.7544692273448]",awake,98.5,32.1,0,0
2024-01-28 17:30:00,76.4,"[760.7690456965795, 750.1588336655913, 807.1190243648537, 806.8658694010537, 860.6757749250626]",awake,98.5,22.2,0,0
2024-01-28 18:00:00,68.1,"[828.8100959395192, 833.7523777255194, 753.9357586949319, 799.4026548264615, 779.4870395144293]",awake,97.3,18.9,0,0
2024-01-28 18:30:00,75.2,"[816.2373475029636, 863.977797360338, 834.7737099476719, 835.7451235319875, 810.0104386723717]",awake,97.0,21.4,0,0
2024-01-28 19:00:00,90.1,"[754.2352827130522, 822.8599901050753, 709.26528418072, 798.6662789048811, 776.9469231107944]",awake,98.3,7.4,0,0
2024-01-28 19:30:00,74.8,"[784.4022650536571, 760.1393603808957, 798.1413496650233, 866.5321897330022, 816.6790642536367]",awake,98.2,27.9,0,0
2024-01-28 20:00:00,68.8,"[824.8299197998683, 725.0139297546293, 764.0210050876257, 815.8206368691895, 831.3472090368703]",awake,98.2,0.0,0,0
2024-01-28 20:30:00,76.6,"[795.0884892238985, 759.1434381653194, 887.366757268053, 795.3263089098912, 719.7551897362777]",awake,97.7,12.5,0,0
2024-01-28 21:00:00,75.6,"[771.7676804075945, 791.9709838483246, 856.3324031878029, 774.0120015655848, 851.6578309794583]",awake,97.8,23.2,0,0
2024-01-28 21:30:00,78.5,"[756.0213355485041, 822.8955514675962, 879.6275473311841, 851.0320910624278, 786.9845800801575]",awake,98.2,1.6,0,0
2024-01-28 22:00:00,65.2,"[1094.4535014767841, 1049.9968768899312, 975.5839893618754, 1000.7803797812187, 1002.8162463483656]",light,96.4,6.4,480,450
2024-01-28 22:30:00,53.5,"[1005.6207451718072, 1007.4185790583275, 1050.8484765439923, 1028.824708793357, 1035.2051730737983]",light,96.0,7.2,480,450
2024-01-28 23:00:00,51.9,"[1016.1835876538585, 981.2963007453743, 972.2644763488232, 936.7188888287934, 1003.3481228247038]",light,96.2,8.6,480,450
2024-01-28 23:30:00,60.5,"[1055.1911455162506, 1091.2053009203194, 994.9017710559008, 985.635361335341, 1048.5218651699422]",light,95.6,5.6,480,450
2024-01-29 00:00:00,64.2,"[1023.6305677919902, 973.7870923248091, 991.2274873599482, 1012.572762119185, 1050.7603997461567]",deep,96.7,7.2,480,450
2024-01-29 00:30:00,54.6,"[1001.1083938534769, 970.8221604424173, 996.4523011971394, 951.0052717635708, 1006.5363721521645]",deep,95.4,4.6,480,450
2024-01-29 01:00:00,62.5,"[983.5718820506947, 1011.1351594776015, 1033.2195568199415, 1024.4165959634997, 949.5599017300599]",deep,96.3,5.5,480,450
2024-01-29 01:30:00,65.8,"[997.8753800544048, 928.4062852363229, 931.3147019680669, 949.2561897326456, 1019.7288491330849]",deep,96.2,5.8,480,450
2024-01-29 02:00:00,71.6,"[998.8605730630698, 1019.6683623339966, 949.315554340014, 987.9827405595303, 932.89914345336]",rem,95.1,6.7,480,450
2024-01-29 02:30:00,56.5,"[956.4744179936598, 1015.6679238050649, 1093.1448030736537, 1054.1432728280731, 1003.7697975753658]",rem,95.5,4.1,480,450
2024-01-29 03:00:00,59.4,"[950.3248588620049, 1067.8321384140795, 1081.2127488253382, 939.4840886717448, 1021.4866067181714]",rem,95.1,10.2,480,450
2024-01-29 03:30:00,53.9,"[1066.5581825215447, 988.1864263410498, 964.919529850847, 1088.1478394639269, 993.7770834802045]",rem,96.0,6.2,480,450
2024-01-29 04:00:00,65.0,"[1000.3731782182479, 1018.9210189324181, 978.3444027267163, 996.8650658189382, 1010.15719744163]",light,95.8,9.1,480,450
2024-01-29 04:30:00,56.8,"[1018.737579584833, 1011.4336219033376, 962.0502374860826, 921.1300752300431, 1026.0500753328213]",light,95.6,4.4,480,450
2024-01-29 05:00:00,69.4,"[983.3417714910719, 981.9882409684766, 948.0475037981264, 1013.2933660510982, 981.053911828246]",light,96.4,4.7,480,450
2024-01-29 05:30:00,56.3,"[1042.0139911426213, 937.0809177092848, 984.7103694063829, 1035.642329455264, 1047.8494331361503]",light,96.6,7.6,480,450
2024-01-29 06:00:00,83.2,"[759.1279113014089, 796.6428264367655, 806.5527049912301, 806.5284935790927, 816.0216415518677]",awake,97.8,32.5,0,0
2024-01-29 06:30:00,67.9,"[725.504230794765, 785.5797642840653, 708.8514591581851, 791.1774950503401, 844.5795779117699]",awake,98.0,3.2,0,0
2024-01-29 07:00:00,143.9,"[451.13150138048593, 451.96311564975156, 447.79065161337013, 403.4653909282217, 425.23206589779]",awake,97.6,88.2,0,0
2024-01-29 07:30:00,137.0,"[427.8560414683937, 407.31423588635715, 455.9257666362001, 496.5375198105366, 472.6420628903224]",awake,98.6,90.5,0,0
2024-01-29 08:00:00,147.5,"[440.23990507971024, 390.87397276562433, 461.9374024049116, 375.3292284896266, 472.6452080010457]",awake,98.6,83.2,0,0
2024-01-29 08:30:00,136.3,"[443.16161046482625, 480.61355573219356, 478.981986284078, 460.17561745535033, 448.94336188804743]",awake,98.1,74.9,0,0
2024-01-29 09:00:00,76.9,"[837.9680601656796, 733.3842340299373, 763.1383476886964, 838.7474434714558, 849.0103509841143]",awake,98.5,18.3,0,0
2024-01-29 09:30:00,80.4,"[838.613809905017, 825.5835360484381, 847.3401271112597, 796.6961198575054, 870.3282937785904]",awake,97.3,14.6,0,0
2024-01-29 10:00:00,77.1,"[792.6291249717464, 781.1303786702628, 773.6747476909419, 791.6206042718027, 781.7264760897993]",awake,97.1,24.4,0,0
2024-01-29 10:30:00,78.8,"[783.9940840240829, 750.7978068394037, 827.6175177224495, 810.3024537962942, 849.8887041363984]",awake,97.2,14.0,0,0
2024-01-29 11:00:00,83.8,"[796.7903281040458, 783.2655137050607, 814.1132699733802, 776.0125028467012, 801.4571058116223]",awake,98.8,11.3,0,0
2024-01-29 11:30:00,75.7,"[841.4515293452702, 805.7916634499957, 854.5858173672775, 779.9987911335808, 860.28613302391]",awake,97.4,16.8,0,0
2024-01-29 12:00:00,81.6,"[813.0940233251125, 796.1360754021567, 760.9867655953254, 851.1394058589324, 803.6074916884357]",awake,97.5,22.0,0,0
2024-01-29 12:30:00,81.0,"[789.9525064762018, 753.3414788582467, 841.6375924804184, 820.2663146495021, 843.9480485247515]",awake,98.6,23.3,0,0
2024-01-29 13:00:00,85.1,"[814.90136181554, 816.6168844274683, 768.302976652355, 763.7307994744262, 758.0864233977596]",awake,97.6,9.1,0,0
2024-01-29 13:30:00,94.0,"[760.9190849060866, 823.7001260117624, 792.2752604913262, 828.2320848262214, 784.620018129096]",awake,98.5,24.6,0,0
2024-01-29 14:00:00,77.6,"[873.9230608261655, 869.2274480315997, 751.191883615865, 772.6184060814329, 733.2787657695468]",awake,98.3,26.0,0,0
2024-01-29 14:30:00,83.5,"[837.2772248197342, 853.9662797325525, 732.4053441453397, 710.0957101546269, 839.7363466165197]",awake,99.0,22.4,0,0
2024-01-29 15:00:00,70.1,"[786.1984545872584, 798.566658994069, 831.6866334566176, 804.6843087939467, 769.2331717734766]",awake,97.6,22.9,0,0
2024-01-29 15:30:00,74.4,"[800.3401585041643, 756.0300545735006, 817.9950255666824, 784.228035647156, 809.7950838672492]",awake,97.4,12.0,0,0
2024-01-29 16:00:00,75.1,"[773.5865187807194, 811.5185036997176, 823.1935254539858, 803.7839471030204, 859.1295210142309]",awake,98.4,25.9,0,0
2024-01-29 16:30:00,86.4,"[756.8062784607705, 770.8589369235966, 830.0683945042564, 778.3937001048565, 751.4004710324867]",awake,98.1,28.9,0,0
2024-01-29 17:00:00,69.0,"[832.595181364527, 775.6545101785146, 867.6491516259749, 784.0869282199264, 740.5081390974918]",awake,97.8,3.8,0,0
2024-01-29 17:30:00,73.1,"[813.1606627450305, 795.6328507886113, 743.4931653182283, 773.3228434079672, 819.0303742816268]",awake,98.0,28.8,0,0
2024-01-29 18:00:00,84.4,"[763.4291961062459, 864.4743961328072, 783.1438766070657, 787.4224673529861, 767.7985158769764]",awake,98.7,24.5,0,0
2024-01-29 18:30:00,71.1,"[847.7091877886527, 848.9043995144555, 820.5360093157467, 846.0910342377108, 856.0191854959423]",awake,98.4,32.2,0,0
2024-01-29 19:00:00,80.6,"[864.6057018290481, 796.0117764946358, 866.2534067212289, 785.3498040878338, 755.780716667929]",awake,98.5,15.1,0,0
2024-01-29 19:30:00,80.6,"[802.7233744494249, 802.0423935522585, 733.4766331494308, 691.6092791446475, 737.0778002676922]",awake,99.0,37.1,0,0
2024-01-29 20:00:00,73.9,"[790.8736483280918, 801.7180057031006, 744.7503026508762, 905.287994331134, 780.1177581595414]",awake,98.2,42.8,0,0
2024-01-29 20:30:00,72.7,"[809.6929979395534, 814.929466577055, 883.4298328450982, 741.5051567408572, 778.6746359324754]",awake,98.7,17.2,0,0
2024-01-29 21:00:00,82.2,"[766.1983509924327, 797.8402581909957, 822.6158835881836, 840.845818690012, 822.176179770372]",awake,98.5,21.5,0,0
2024-01-29 21:30:00,73.9,"[886.3736274776093, 724.0482012360153, 766.5268227684247, 798.3788498785912, 793.7568806516502]",awake,97.9,16.5,0,0
2024-01-29 22:00:00,63.0,"[974.5325258989653, 1118.004965837084, 1037.9959958623947, 981.2131320322476, 1047.4242564002993]",light,95.5,6.4,480,450
2024-01-29 22:30:00,62.1,"[1037.0103574314128, 1015.1328276214375, 1018.5657187420985, 1062.3332949548658, 986.398467862414]",light,95.4,8.4,480,450
2024-01-29 23:00:00,62.5,"[1079.1770513990687, 959.9400390335807, 1001.0707278194016, 896.9111734080042, 1015.8060320671427]",light,96.3,2.6,480,450
2024-01-29 23:30:00,62.5,"[1010.1633564845478, 973.2478113203856, 943.4479540014191, 865.5516415803005, 994.4950645844458]",light,96.0,4.3,480,450
