INFO:C:\Python313\Lib\site-packages\idbutils\version.py:C:/Python313/Scripts/garmindb_cli.py has been tested on Python 1...1...0
INFO:C:\Python313\Lib\site-packages\idbutils\version.py:C:/Python313/Scripts/garmindb_cli.py 1...1...0
INFO:C:\Users\jheel\AppData\Roaming\Python\Python313\site-packages\garmindb\plugin_manager.py:Loading GarminDb plugins from C:\Users\jheel\jheelHealthData\Plugins
INFO:C:\Python313\Lib\site-packages\idbutils\plugin.py:Loading plugins from C:\Users\jheel\jheelHealthData\Plugins
INFO:root:Enabled statistics: [<Statistics.monitoring: 1>, <Statistics.steps: 2>, <Statistics.itime: 3>, <Statistics.sleep: 4>, <Statistics.rhr: 5>, <Statistics.weight: 6>, <Statistics.activities: 7>]
INFO:C:\Python313\Scripts\garmindb_cli.py:___Downloading Latest Data___
INFO:root:load session from C:\Users\jheel\.GarminDb\garth_session
INFO:root:login: Stelios Makrykostas (21ee4871-37a2-4f29-81b7-6ff88651b981)
INFO:root:Fetching 150 activities to C:\Users\jheel\jheelHealthData\FitFiles\Activities
INFO:root:get_activity_types: 'C:\Users\jheel\jheelHealthData\FitFiles\Activities'
INFO:C:\Users\jheel\AppData\Roaming\Python\Python313\site-packages\garmindb\download.py:Getting activities: 'C:\Users\jheel\jheelHealthData\FitFiles\Activities' (150) temp C:\Users\jheel\AppData\Local\Temp\tmpkg5yw91m
INFO:root:get_activity_summaries
INFO:root:get_activities: Drapetsona Walking (21352019097)
INFO:root:get_activities: C:\Users\jheel\jheelHealthData\FitFiles\Activities/activity_21352019097 <- {'activityId': 21352019097, 'activityName': 'Drapetsona Walking', 'startTimeLocal': '2025-12-26 09:44:41', 'startTimeGMT': '2025-12-26 07:44:41', 'activityType': {'typeId': 9, 'typeKey': 'walking', 'parentTypeId': 17, 'isHidden': False, 'restricted': False, 'trimmable': True}, 'eventType': {'typeId': 9, 'typeKey': 'uncategorized', 'sortOrder': 10}, 'distance': 745.3599853515625, 'duration': 591.77197265625, 'elapsedDuration': 597.77099609375, 'movingDuration': 586.0, 'elevationGain': 27.256478309631348, 'elevationLoss': 4.941047668457031, 'averageSpeed': 1.2599999904632568, 'maxSpeed': 2.7709999084472656, 'startLatitude': 37.94596622698009, 'startLongitude': 23.618984576314688, 'hasPolyline': True, 'hasImages': False, 'ownerId': 108912279, 'ownerDisplayName': '21ee4871-37a2-4f29-81b7-6ff88651b981', 'ownerFullName': 'Stelios Makrykostas', 'ownerProfileImageUrlSmall': 'https://s3.amazonaws.com/garmin-connect-prod/profile_images/4ebeea89-58c5-484f-86bb-0c3b4e302902-prth.png', 'ownerProfileImageUrlMedium': 'https://s3.amazonaws.com/garmin-connect-prod/profile_images/4ebeea89-58c5-484f-86bb-0c3b4e302902-prfr.png', 'ownerProfileImageUrlLarge': 'https://s3.amazonaws.com/garmin-connect-prod/profile_images/4ebeea89-58c5-484f-86bb-0c3b4e302902-prof.png', 'calories': 53.0, 'bmrCalories': 13.0, 'averageHR': 92.0, 'maxHR': 111.0, 'averageRunningCadenceInStepsPerMinute': 103.890625, 'maxRunningCadenceInStepsPerMinute': 120.0, 'steps': 1056, 'userRoles': ['SCOPE_GOLF_API_READ', 'SCOPE_DI_OAUTH_2_CREATE_DI_USER', 'SCOPE_ATP_READ', 'SCOPE_DIVE_API_WRITE', 'SCOPE_COMMUNITY_COURSE_ADMIN_READ', 'SCOPE_DIVE_API_READ', 'SCOPE_DI_OAUTH_2_CLIENT_READ', 'SCOPE_CONNECT_WRITE', 'SCOPE_COMMUNITY_COURSE_WRITE', 'SCOPE_CONNECT_MCT_DAILY_LOG_READ', 'SCOPE_CONNECT_API_CREATE_UPDATE_USER', 'SCOPE_MESSAGE_GENERATION_READ', 'SCOPE_DI_OAUTH_2_CLIENT_REVOCATION_ADMIN', 'SCOPE_CONNECT_WEB_TEMPLATE_RENDER', 'SCOPE_OMT_SUBSCRIPTION_ADMIN_READ', 'SCOPE_DI_OAUTH_2_MANAGED_STATUS_ADMIN_WRITE', 'SCOPE_CONNECT_NON_SOCIAL_SHARED_READ', 'SCOPE_CONNECT_READ', 'SCOPE_DI_OAUTH_2_PRERELEASE_PERMISSIONS_ADMIN_WRITE', 'SCOPE_DI_OAUTH_2_TOKEN_ADMIN', 'ROLE_CONNECTUSER', 'ROLE_FITNESS_USER', 'ROLE_WELLNESS_USER', 'ROLE_TACX_APP_USER'], 'privacy': {'typeId': 1, 'typeKey': 'public'}, 'userPro': False, 'hasVideo': False, 'timeZoneId': 473, 'beginTimestamp': 1766735081000, 'sportTypeId': 11, 'aerobicTrainingEffect': 0.800000011920929, 'anaerobicTrainingEffect': 0.0, 'avgStrideLength': 72.74222367681617, 'deviceId': 3438945440, 'minElevation': 14.0, 'maxElevation': 37.62044143676758, 'maxDoubleCadence': 120.0, 'summarizedDiveInfo': {'summarizedDiveGases': []}, 'maxVerticalSpeed': 0.9357690811157227, 'manufacturer': 'GARMIN', 'locationName': 'Drapetsona', 'lapCount': 1, 'endLatitude': 37.94876310043037, 'endLongitude': 23.62329195253551, 'waterEstimated': 58.0, 'minActivityLapDuration': 591.77197265625, 'aerobicTrainingEffectMessage': 'NO_AEROBIC_BENEFIT_18', 'anaerobicTrainingEffectMessage': 'NO_ANAEROBIC_BENEFIT_0', 'splitSummaries': [], 'hasSplits': False, 'moderateIntensityMinutes': 8, 'vigorousIntensityMinutes': 1, 'hasHeatMap': False, 'hrTimeInZone_1': 517.683, 'hrTimeInZone_2': 16.087, 'hrTimeInZone_3': 0.0, 'hrTimeInZone_4': 0.0, 'hrTimeInZone_5': 0.0, 'endTimeGMT': '2025-12-26 07:54:38', 'qualifyingDive': False, 'favorite': False, 'pr': False, 'autoCalcCalories': False, 'elevationCorrected': True, 'atpActivity': False, 'parent': False, 'decoDive': False, 'purposeful': False, 'manualActivity': False}
INFO:root:get_activities: Cardio (21351975978)
INFO:root:get_activities: C:\Users\jheel\jheelHealthData\FitFiles\Activities/activity_21351975978 <- {'activityId': 21351975978, 'activityName': 'Cardio', 'startTimeLocal': '2025-12-26 09:40:27', 'startTimeGMT': '2025-12-26 07:40:27', 'activityType': {'typeId': 11, 'typeKey': 'indoor_cardio', 'parentTypeId': 29, 'isHidden': False, 'restricted': False, 'trimmable': True}, 'eventType': {'typeId': 9, 'typeKey': 'uncategorized', 'sortOrder': 10}, 'distance': 0.0, 'duration': 229.01800537109375, 'elapsedDuration': 229.01800537109375, 'movingDuration': 0.0, 'averageSpeed': 0.0, 'hasPolyline': False, 'hasImages': False, 'ownerId': 108912279, 'ownerDisplayName': '21ee4871-37a2-4f29-81b7-6ff88651b981', 'ownerFullName': 'Stelios Makrykostas', 'ownerProfileImageUrlSmall': 'https://s3.amazonaws.com/garmin-connect-prod/profile_images/4ebeea89-58c5-484f-86bb-0c3b4e302902-prth.png', 'ownerProfileImageUrlMedium': 'https://s3.amazonaws.com/garmin-connect-prod/profile_images/4ebeea89-58c5-484f-86bb-0c3b4e302902-prfr.png', 'ownerProfileImageUrlLarge': 'https://s3.amazonaws.com/garmin-connect-prod/profile_images/4ebeea89-58c5-484f-86bb-0c3b4e302902-prof.png', 'calories': 23.0, 'bmrCalories': 5.0, 'averageHR': 104.0, 'maxHR': 127.0, 'userRoles': ['SCOPE_GOLF_API_READ', 'SCOPE_DI_OAUTH_2_CREATE_DI_USER', 'SCOPE_ATP_READ', 'SCOPE_DIVE_API_WRITE', 'SCOPE_COMMUNITY_COURSE_ADMIN_READ', 'SCOPE_DIVE_API_READ', 'SCOPE_DI_OAUTH_2_CLIENT_READ', 'SCOPE_CONNECT_WRITE', 'SCOPE_COMMUNITY_COURSE_WRITE', 'SCOPE_CONNECT_MCT_DAILY_LOG_READ', 'SCOPE_CONNECT_API_CREATE_UPDATE_USER', 'SCOPE_MESSAGE_GENERATION_READ', 'SCOPE_DI_OAUTH_2_CLIENT_REVOCATION_ADMIN', 'SCOPE_CONNECT_WEB_TEMPLATE_RENDER', 'SCOPE_OMT_SUBSCRIPTION_ADMIN_READ', 'SCOPE_DI_OAUTH_2_MANAGED_STATUS_ADMIN_WRITE', 'SCOPE_CONNECT_NON_SOCIAL_SHARED_READ', 'SCOPE_CONNECT_READ', 'SCOPE_DI_OAUTH_2_PRERELEASE_PERMISSIONS_ADMIN_WRITE', 'SCOPE_DI_OAUTH_2_TOKEN_ADMIN', 'ROLE_CONNECTUSER', 'ROLE_FITNESS_USER', 'ROLE_WELLNESS_USER', 'ROLE_TACX_APP_USER'], 'privacy': {'typeId': 1, 'typeKey': 'public'}, 'userPro': False, 'hasVideo': False, 'timeZoneId': 473, 'beginTimestamp': 1766734827000, 'sportTypeId': 10, 'aerobicTrainingEffect': 0.5, 'anaerobicTrainingEffect': 0.0, 'deviceId': 3438945440, 'summarizedDiveInfo': {'summarizedDiveGases': []}, 'manufacturer': 'GARMIN', 'lapCount': 1, 'waterEstimated': 22.0, 'minActivityLapDuration': 229.01800537109375, 'aerobicTrainingEffectMessage': 'NO_AEROBIC_BENEFIT_18', 'anaerobicTrainingEffectMessage': 'NO_ANAEROBIC_BENEFIT_0', 'splitSummaries': [], 'hasSplits': False, 'moderateIntensityMinutes': 3, 'vigorousIntensityMinutes': 0, 'hasHeatMap': False, 'hrTimeInZone_1': 57.001, 'hrTimeInZone_2': 135.629, 'hrTimeInZone_3': 9.001, 'hrTimeInZone_4': 0.0, 'hrTimeInZone_5': 0.0, 'endTimeGMT': '2025-12-26 07:44:16', 'qualifyingDive': False, 'favorite': False, 'pr': False, 'autoCalcCalories': False, 'elevationCorrected': False, 'atpActivity': False, 'parent': False, 'decoDive': False, 'purposeful': False, 'manualActivity': False}
INFO:root:get_activities: Drapetsona Running Day1368-400k yearly (21351877944)
INFO:root:get_activities: C:\Users\jheel\jheelHealthData\FitFiles\Activities/activity_21351877944 <- {'activityId': 21351877944, 'activityName': 'Drapetsona Running Day1368-400k yearly', 'startTimeLocal': '2025-12-26 08:48:19', 'startTimeGMT': '2025-12-26 06:48:19', 'activityType': {'typeId': 1, 'typeKey': 'running', 'parentTypeId': 17, 'isHidden': False, 'restricted': False, 'trimmable': True}, 'eventType': {'typeId': 9, 'typeKey': 'uncategorized', 'sortOrder': 10}, 'distance': 2343.179931640625, 'duration': 1471.8160400390625, 'elapsedDuration': 1471.8160400390625, 'movingDuration': 1470.7890014648438, 'elevationGain': 36.88213235139847, 'elevationLoss': 54.119150936603546, 'averageSpeed': 1.5920000076293945, 'maxSpeed': 1.8569999933242798, 'startLatitude': 37.94849278405309, 'startLongitude': 23.624130645766854, 'hasPolyline': True, 'hasImages': False, 'ownerId': 108912279, 'ownerDisplayName': '21ee4871-37a2-4f29-81b7-6ff88651b981', 'ownerFullName': 'Stelios Makrykostas', 'ownerProfileImageUrlSmall': 'https://s3.amazonaws.com/garmin-connect-prod/profile_images/4ebeea89-58c5-484f-86bb-0c3b4e302902-prth.png', 'ownerProfileImageUrlMedium': 'https://s3.amazonaws.com/garmin-connect-prod/profile_images/4ebeea89-58c5-484f-86bb-0c3b4e302902-prfr.png', 'ownerProfileImageUrlLarge': 'https://s3.amazonaws.com/garmin-connect-prod/profile_images/4ebeea89-58c5-484f-86bb-0c3b4e302902-prof.png', 'calories': 180.0, 'bmrCalories': 33.0, 'averageHR': 132.0, 'maxHR': 150.0, 'averageRunningCadenceInStepsPerMinute': 149.515625, 'maxRunningCadenceInStepsPerMinute': 171.0, 'steps': 3734, 'userRoles': ['SCOPE_GOLF_API_READ', 'SCOPE_DI_OAUTH_2_CREATE_DI_USER', 'SCOPE_ATP_READ', 'SCOPE_DIVE_API_WRITE', 'SCOPE_COMMUNITY_COURSE_ADMIN_READ', 'SCOPE_DIVE_API_READ', 'SCOPE_DI_OAUTH_2_CLIENT_READ', 'SCOPE_CONNECT_WRITE', 'SCOPE_COMMUNITY_COURSE_WRITE', 'SCOPE_CONNECT_MCT_DAILY_LOG_READ', 'SCOPE_CONNECT_API_CREATE_UPDATE_USER', 'SCOPE_MESSAGE_GENERATION_READ', 'SCOPE_DI_OAUTH_2_CLIENT_REVOCATION_ADMIN', 'SCOPE_CONNECT_WEB_TEMPLATE_RENDER', 'SCOPE_OMT_SUBSCRIPTION_ADMIN_READ', 'SCOPE_DI_OAUTH_2_MANAGED_STATUS_ADMIN_WRITE', 'SCOPE_CONNECT_NON_SOCIAL_SHARED_READ', 'SCOPE_CONNECT_READ', 'SCOPE_DI_OAUTH_2_PRERELEASE_PERMISSIONS_ADMIN_WRITE', 'SCOPE_DI_OAUTH_2_TOKEN_ADMIN', 'ROLE_CONNECTUSER', 'ROLE_FITNESS_USER', 'ROLE_WELLNESS_USER', 'ROLE_TACX_APP_USER'], 'privacy': {'typeId': 1, 'typeKey': 'public'}, 'userPro': False, 'hasVideo': False, 'timeZoneId': 473, 'beginTimestamp': 1766731699000, 'sportTypeId': 1, 'aerobicTrainingEffect': 2.5999999046325684, 'anaerobicTrainingEffect': 0.0, 'avgStrideLength': 63.90464532507407, 'vO2MaxValue': 36.0, 'deviceId': 3438945440, 'minElevation': 0.0, 'maxElevation': 34.61565017700195, 'maxDoubleCadence': 171.0, 'summarizedDiveInfo': {'summarizedDiveGases': []}, 'maxVerticalSpeed': 0.3966889381408692, 'manufacturer': 'GARMIN', 'locationName': 'Drapetsona', 'lapCount': 3, 'endLatitude': 37.94542517513037, 'endLongitude': 23.618828924372792, 'waterEstimated': 207.0, 'minActivityLapDuration': 260.0270080566406, 'aerobicTrainingEffectMessage': 'MAINTAINING_AEROBIC_FITNESS_1', 'anaerobicTrainingEffectMessage': 'NO_ANAEROBIC_BENEFIT_0', 'splitSummaries': [{'noOfSplits': 1, 'totalAscent': 0.0, 'duration': 7.0, 'splitType': 'RWD_STAND', 'numClimbSends': 0, 'maxElevationGain': 0.0, 'averageElevationGain': 0.0, 'maxDistance': 10, 'distance': 10.770000457763672, 'averageSpeed': 1.5390000343322754, 'maxSpeed': 0.9520000219345093, 'numFalls': 0, 'elevationLoss': 0.0}, {'noOfSplits': 5, 'totalAscent': 67.4699999988079, 'duration': 1344.779052734375, 'splitType': 'RWD_RUN', 'numClimbSends': 0, 'maxElevationGain': 44.49000000953674, 'averageElevationGain': 13.610000014305115, 'maxDistance': 1537, 'distance': 2178.72998046875, 'averageSpeed': 1.6200000047683716, 'maxSpeed': 1.8569999933242798, 'numFalls': 0, 'elevationLoss': 96.20000000298023}, {'noOfSplits': 4, 'totalAscent': 18.25, 'duration': 127.0, 'splitType': 'RWD_WALK', 'numClimbSends': 0, 'maxElevationGain': 18.25, 'averageElevationGain': 4.980000019073486, 'maxDistance': 131, 'distance': 153.67999267578125, 'averageSpeed': 1.2100000381469727, 'maxSpeed': 1.5859999656677246, 'numFalls': 0, 'elevationLoss': 2.209999993443489}], 'hasSplits': True, 'moderateIntensityMinutes': 19, 'vigorousIntensityMinutes': 4, 'hasHeatMap': False, 'fastestSplit_1000': 578.0859985351562, 'fastestSplit_1609': 953.3350219726562, 'hrTimeInZone_1': 19.001, 'hrTimeInZone_2': 122.998, 'hrTimeInZone_3': 299.862, 'hrTimeInZone_4': 266.133, 'hrTimeInZone_5': 747.372, 'endTimeGMT': '2025-12-26 07:12:50', 'qualifyingDive': False, 'favorite': False, 'pr': False, 'autoCalcCalories': False, 'elevationCorrected': True, 'atpActivity': False, 'parent': False, 'decoDive': False, 'purposeful': False, 'manualActivity': False}
INFO:root:get_activities: HRV (21351600688)
INFO:root:get_activities: C:\Users\jheel\jheelHealthData\FitFiles\Activities/activity_21351600688 <- {'activityId': 21351600688, 'activityName': 'HRV', 'startTimeLocal': '2025-12-26 07:13:18', 'startTimeGMT': '2025-12-26 05:13:18', 'activityType': {'typeId': 4, 'typeKey': 'other', 'parentTypeId': 17, 'isHidden': False, 'restricted': False, 'trimmable': True}, 'eventType': {'typeId': 9, 'typeKey': 'uncategorized', 'sortOrder': 10}, 'distance': 0.0, 'duration': 299.0450134277344, 'elapsedDuration': 299.0450134277344, 'movingDuration': 0.0, 'averageSpeed': 0.0, 'hasPolyline': False, 'hasImages': False, 'ownerId': 108912279, 'ownerDisplayName': '21ee4871-37a2-4f29-81b7-6ff88651b981', 'ownerFullName': 'Stelios Makrykostas', 'ownerProfileImageUrlSmall': 'https://s3.amazonaws.com/garmin-connect-prod/profile_images/4ebeea89-58c5-484f-86bb-0c3b4e302902-prth.png', 'ownerProfileImageUrlMedium': 'https://s3.amazonaws.com/garmin-connect-prod/profile_images/4ebeea89-58c5-484f-86bb-0c3b4e302902-prfr.png', 'ownerProfileImageUrlLarge': 'https://s3.amazonaws.com/garmin-connect-prod/profile_images/4ebeea89-58c5-484f-86bb-0c3b4e302902-prof.png', 'calories': 8.0, 'bmrCalories': 7.0, 'averageHR': 66.0, 'maxHR': 82.0, 'userRoles': ['SCOPE_GOLF_API_READ', 'SCOPE_DI_OAUTH_2_CREATE_DI_USER', 'SCOPE_ATP_READ', 'SCOPE_DIVE_API_WRITE', 'SCOPE_COMMUNITY_COURSE_ADMIN_READ', 'SCOPE_DIVE_API_READ', 'SCOPE_DI_OAUTH_2_CLIENT_READ', 'SCOPE_CONNECT_WRITE', 'SCOPE_COMMUNITY_COURSE_WRITE', 'SCOPE_CONNECT_MCT_DAILY_LOG_READ', 'SCOPE_CONNECT_API_CREATE_UPDATE_USER', 'SCOPE_MESSAGE_GENERATION_READ', 'SCOPE_DI_OAUTH_2_CLIENT_REVOCATION_ADMIN', 'SCOPE_CONNECT_WEB_TEMPLATE_RENDER', 'SCOPE_OMT_SUBSCRIPTION_ADMIN_READ', 'SCOPE_DI_OAUTH_2_MANAGED_STATUS_ADMIN_WRITE', 'SCOPE_CONNECT_NON_SOCIAL_SHARED_READ', 'SCOPE_CONNECT_READ', 'SCOPE_DI_OAUTH_2_PRERELEASE_PERMISSIONS_ADMIN_WRITE', 'SCOPE_DI_OAUTH_2_TOKEN_ADMIN', 'ROLE_CONNECTUSER', 'ROLE_FITNESS_USER', 'ROLE_WELLNESS_USER', 'ROLE_TACX_APP_USER'], 'privacy': {'typeId': 1, 'typeKey': 'public'}, 'userPro': False, 'hasVideo': False, 'timeZoneId': 473, 'beginTimestamp': 1766725998000, 'sportTypeId': 255, 'aerobicTrainingEffect': 0.0, 'anaerobicTrainingEffect': 0.0, 'deviceId': 3438945440, 'summarizedDiveInfo': {'summarizedDiveGases': []}, 'manufacturer': 'GARMIN', 'lapCount': 1, 'waterEstimated': 29.0, 'minActivityLapDuration': 299.0450134277344, 'aerobicTrainingEffectMessage': 'NO_AEROBIC_BENEFIT_18', 'anaerobicTrainingEffectMessage': 'NO_ANAEROBIC_BENEFIT_0', 'splitSummaries': [], 'hasSplits': False, 'hasHeatMap': False, 'hrTimeInZone_1': 0.0, 'hrTimeInZone_2': 0.0, 'hrTimeInZone_3': 0.0, 'hrTimeInZone_4': 0.0, 'hrTimeInZone_5': 0.0, 'endTimeGMT': '2025-12-26 05:18:17', 'qualifyingDive': False, 'favorite': False, 'pr': False, 'autoCalcCalories': False, 'elevationCorrected': False, 'atpActivity': False, 'parent': False, 'decoDive': False, 'purposeful': False, 'manualActivity': False}
INFO:root:get_activities: HRV (21344705874)
INFO:root:get_activities: C:\Users\jheel\jheelHealthData\FitFiles\Activities/activity_21344705874 <- {'activityId': 21344705874, 'activityName': 'HRV', 'startTimeLocal': '2025-12-25 07:36:34', 'startTimeGMT': '2025-12-25 05:36:34', 'activityType': {'typeId': 4, 'typeKey': 'other', 'parentTypeId': 17, 'isHidden': False, 'restricted': False, 'trimmable': True}, 'eventType': {'typeId': 9, 'typeKey': 'uncategorized', 'sortOrder': 10}, 'distance': 0.0, 'duration': 299.093994140625, 'elapsedDuration': 299.093994140625, 'movingDuration': 0.0, 'averageSpeed': 0.0, 'hasPolyline': False, 'hasImages': False, 'ownerId': 108912279, 'ownerDisplayName': '21ee4871-37a2-4f29-81b7-6ff88651b981', 'ownerFullName': 'Stelios Makrykostas', 'ownerProfileImageUrlSmall': 'https://s3.amazonaws.com/garmin-connect-prod/profile_images/4ebeea89-58c5-484f-86bb-0c3b4e302902-prth.png', 'ownerProfileImageUrlMedium': 'https://s3.amazonaws.com/garmin-connect-prod/profile_images/4ebeea89-58c5-484f-86bb-0c3b4e302902-prfr.png', 'ownerProfileImageUrlLarge': 'https://s3.amazonaws.com/garmin-connect-prod/profile_images/4ebeea89-58c5-484f-86bb-0c3b4e302902-prof.png', 'calories': 10.0, 'bmrCalories': 7.0, 'averageHR': 69.0, 'maxHR': 73.0, 'userRoles': ['SCOPE_GOLF_API_READ', 'SCOPE_DI_OAUTH_2_CREATE_DI_USER', 'SCOPE_ATP_READ', 'SCOPE_DIVE_API_WRITE', 'SCOPE_COMMUNITY_COURSE_ADMIN_READ', 'SCOPE_DIVE_API_READ', 'SCOPE_DI_OAUTH_2_CLIENT_READ', 'SCOPE_CONNECT_WRITE', 'SCOPE_COMMUNITY_COURSE_WRITE', 'SCOPE_CONNECT_MCT_DAILY_LOG_READ', 'SCOPE_CONNECT_API_CREATE_UPDATE_USER', 'SCOPE_MESSAGE_GENERATION_READ', 'SCOPE_DI_OAUTH_2_CLIENT_REVOCATION_ADMIN', 'SCOPE_CONNECT_WEB_TEMPLATE_RENDER', 'SCOPE_OMT_SUBSCRIPTION_ADMIN_READ', 'SCOPE_DI_OAUTH_2_MANAGED_STATUS_ADMIN_WRITE', 'SCOPE_CONNECT_NON_SOCIAL_SHARED_READ', 'SCOPE_CONNECT_READ', 'SCOPE_DI_OAUTH_2_PRERELEASE_PERMISSIONS_ADMIN_WRITE', 'SCOPE_DI_OAUTH_2_TOKEN_ADMIN', 'ROLE_CONNECTUSER', 'ROLE_FITNESS_USER', 'ROLE_WELLNESS_USER', 'ROLE_TACX_APP_USER'], 'privacy': {'typeId': 1, 'typeKey': 'public'}, 'userPro': False, 'hasVideo': False, 'timeZoneId': 473, 'beginTimestamp': 1766640994000, 'sportTypeId': 0, 'aerobicTrainingEffect': 0.0, 'anaerobicTrainingEffect': 0.0, 'deviceId': 3438945440, 'summarizedDiveInfo': {'summarizedDiveGases': []}, 'manufacturer': 'GARMIN', 'lapCount': 1, 'waterEstimated': 29.0, 'minActivityLapDuration': 299.093994140625, 'aerobicTrainingEffectMessage': 'NO_AEROBIC_BENEFIT_18', 'anaerobicTrainingEffectMessage': 'NO_ANAEROBIC_BENEFIT_0', 'splitSummaries': [], 'hasSplits': False, 'hasHeatMap': False, 'hrTimeInZone_1': 0.0, 'hrTimeInZone_2': 0.0, 'hrTimeInZone_3': 0.0, 'hrTimeInZone_4': 0.0, 'hrTimeInZone_5': 0.0, 'endTimeGMT': '2025-12-25 05:41:33', 'qualifyingDive': False, 'favorite': False, 'pr': False, 'autoCalcCalories': False, 'elevationCorrected': False, 'atpActivity': False, 'parent': False, 'decoDive': False, 'purposeful': False, 'manualActivity': False}
INFO:root:get_activities: HRV (21336778316)
INFO:root:get_activities: C:\Users\jheel\jheelHealthData\FitFiles\Activities/activity_21336778316 <- {'activityId': 21336778316, 'activityName': 'HRV', 'startTimeLocal': '2025-12-24 06:18:23', 'startTimeGMT': '2025-12-24 04:18:23', 'activityType': {'typeId': 4, 'typeKey': 'other', 'parentTypeId': 17, 'isHidden': False, 'restricted': False, 'trimmable': True}, 'eventType': {'typeId': 9, 'typeKey': 'uncategorized', 'sortOrder': 10}, 'distance': 0.0, 'duration': 298.98199462890625, 'elapsedDuration': 298.98199462890625, 'movingDuration': 0.0, 'averageSpeed': 0.0, 'hasPolyline': False, 'hasImages': False, 'ownerId': 108912279, 'ownerDisplayName': '21ee4871-37a2-4f29-81b7-6ff88651b981', 'ownerFullName': 'Stelios Makrykostas', 'ownerProfileImageUrlSmall': 'https://s3.amazonaws.com/garmin-connect-prod/profile_images/4ebeea89-58c5-484f-86bb-0c3b4e302902-prth.png', 'ownerProfileImageUrlMedium': 'https://s3.amazonaws.com/garmin-connect-prod/profile_images/4ebeea89-58c5-484f-86bb-0c3b4e302902-prfr.png', 'ownerProfileImageUrlLarge': 'https://s3.amazonaws.com/garmin-connect-prod/profile_images/4ebeea89-58c5-484f-86bb-0c3b4e302902-prof.png', 'calories': 7.0, 'bmrCalories': 7.0, 'averageHR': 63.0, 'maxHR': 73.0, 'userRoles': ['SCOPE_GOLF_API_READ', 'SCOPE_DI_OAUTH_2_CREATE_DI_USER', 'SCOPE_ATP_READ', 'SCOPE_DIVE_API_WRITE', 'SCOPE_COMMUNITY_COURSE_ADMIN_READ', 'SCOPE_DIVE_API_READ', 'SCOPE_DI_OAUTH_2_CLIENT_READ', 'SCOPE_CONNECT_WRITE', 'SCOPE_COMMUNITY_COURSE_WRITE', 'SCOPE_CONNECT_MCT_DAILY_LOG_READ', 'SCOPE_CONNECT_API_CREATE_UPDATE_USER', 'SCOPE_MESSAGE_GENERATION_READ', 'SCOPE_DI_OAUTH_2_CLIENT_REVOCATION_ADMIN', 'SCOPE_CONNECT_WEB_TEMPLATE_RENDER', 'SCOPE_OMT_SUBSCRIPTION_ADMIN_READ', 'SCOPE_DI_OAUTH_2_MANAGED_STATUS_ADMIN_WRITE', 'SCOPE_CONNECT_NON_SOCIAL_SHARED_READ', 'SCOPE_CONNECT_READ', 'SCOPE_DI_OAUTH_2_PRERELEASE_PERMISSIONS_ADMIN_WRITE', 'SCOPE_DI_OAUTH_2_TOKEN_ADMIN', 'ROLE_CONNECTUSER', 'ROLE_FITNESS_USER', 'ROLE_WELLNESS_USER', 'ROLE_TACX_APP_USER'], 'privacy': {'typeId': 1, 'typeKey': 'public'}, 'userPro': False, 'hasVideo': False, 'timeZoneId': 473, 'beginTimestamp': 1766549903000, 'sportTypeId': 255, 'aerobicTrainingEffect': 0.0, 'anaerobicTrainingEffect': 0.0, 'deviceId': 3438945440, 'summarizedDiveInfo': {'summarizedDiveGases': []}, 'manufacturer': 'GARMIN', 'lapCount': 1, 'waterEstimated': 29.0, 'minActivityLapDuration': 298.98199462890625, 'aerobicTrainingEffectMessage': 'NO_AEROBIC_BENEFIT_18', 'anaerobicTrainingEffectMessage': 'NO_ANAEROBIC_BENEFIT_0', 'splitSummaries': [], 'hasSplits': False, 'hasHeatMap': False, 'hrTimeInZone_1': 0.0, 'hrTimeInZone_2': 0.0, 'hrTimeInZone_3': 0.0, 'hrTimeInZone_4': 0.0, 'hrTimeInZone_5': 0.0, 'endTimeGMT': '2025-12-24 04:23:21', 'qualifyingDive': False, 'favorite': False, 'pr': False, 'autoCalcCalories': False, 'elevationCorrected': False, 'atpActivity': False, 'parent': False, 'decoDive': False, 'purposeful': False, 'manualActivity': False}
INFO:root:get_activities: F3b Monitor+HRV (21336765129)
INFO:root:get_activities: C:\Users\jheel\jheelHealthData\FitFiles\Activities/activity_21336765129 <- {'activityId': 21336765129, 'activityName': 'F3b Monitor+HRV', 'startTimeLocal': '2025-12-24 05:11:15', 'startTimeGMT': '2025-12-24 03:11:15', 'activityType': {'typeId': 4, 'typeKey': 'other', 'parentTypeId': 17, 'isHidden': False, 'restricted': False, 'trimmable': True}, 'eventType': {'typeId': 9, 'typeKey': 'uncategorized', 'sortOrder': 10}, 'distance': 0.0, 'duration': 178.1300048828125, 'elapsedDuration': 180.34100341796875, 'movingDuration': 0.0, 'averageSpeed': 0.0, 'hasPolyline': False, 'hasImages': False, 'ownerId': 108912279, 'ownerDisplayName': '21ee4871-37a2-4f29-81b7-6ff88651b981', 'ownerFullName': 'Stelios Makrykostas', 'ownerProfileImageUrlSmall': 'https://s3.amazonaws.com/garmin-connect-prod/profile_images/4ebeea89-58c5-484f-86bb-0c3b4e302902-prth.png', 'ownerProfileImageUrlMedium': 'https://s3.amazonaws.com/garmin-connect-prod/profile_images/4ebeea89-58c5-484f-86bb-0c3b4e302902-prfr.png', 'ownerProfileImageUrlLarge': 'https://s3.amazonaws.com/garmin-connect-prod/profile_images/4ebeea89-58c5-484f-86bb-0c3b4e302902-prof.png', 'calories': 4.0, 'bmrCalories': 4.0, 'averageHR': 61.0, 'maxHR': 72.0, 'averageRunningCadenceInStepsPerMinute': 0.0, 'maxRunningCadenceInStepsPerMinute': 0.0, 'steps': 0, 'userRoles': ['SCOPE_GOLF_API_READ', 'SCOPE_DI_OAUTH_2_CREATE_DI_USER', 'SCOPE_ATP_READ', 'SCOPE_DIVE_API_WRITE', 'SCOPE_COMMUNITY_COURSE_ADMIN_READ', 'SCOPE_DIVE_API_READ', 'SCOPE_DI_OAUTH_2_CLIENT_READ', 'SCOPE_CONNECT_WRITE', 'SCOPE_COMMUNITY_COURSE_WRITE', 'SCOPE_CONNECT_MCT_DAILY_LOG_READ', 'SCOPE_CONNECT_API_CREATE_UPDATE_USER', 'SCOPE_MESSAGE_GENERATION_READ', 'SCOPE_DI_OAUTH_2_CLIENT_REVOCATION_ADMIN', 'SCOPE_CONNECT_WEB_TEMPLATE_RENDER', 'SCOPE_OMT_SUBSCRIPTION_ADMIN_READ', 'SCOPE_DI_OAUTH_2_MANAGED_STATUS_ADMIN_WRITE', 'SCOPE_CONNECT_NON_SOCIAL_SHARED_READ', 'SCOPE_CONNECT_READ', 'SCOPE_DI_OAUTH_2_PRERELEASE_PERMISSIONS_ADMIN_WRITE', 'SCOPE_DI_OAUTH_2_TOKEN_ADMIN', 'ROLE_CONNECTUSER', 'ROLE_FITNESS_USER', 'ROLE_WELLNESS_USER', 'ROLE_TACX_APP_USER'], 'privacy': {'typeId': 1, 'typeKey': 'public'}, 'userPro': False, 'hasVideo': False, 'timeZoneId': 473, 'beginTimestamp': 1766545875000, 'sportTypeId': 255, 'aerobicTrainingEffect': 0.0, 'anaerobicTrainingEffect': 0.0, 'deviceId': 3438945440, 'maxDoubleCadence': 0.0, 'summarizedDiveInfo': {'summarizedDiveGases': []}, 'manufacturer': 'GARMIN', 'lapCount': 1, 'waterEstimated': 17.0, 'minActivityLapDuration': 178.1300048828125, 'aerobicTrainingEffectMessage': 'NO_AEROBIC_BENEFIT_18', 'anaerobicTrainingEffectMessage': 'NO_ANAEROBIC_BENEFIT_0', 'splitSummaries': [], 'hasSplits': False, 'hasHeatMap': False, 'hrTimeInZone_1': 0.0, 'hrTimeInZone_2': 0.0, 'hrTimeInZone_3': 0.0, 'hrTimeInZone_4': 0.0, 'hrTimeInZone_5': 0.0, 'endTimeGMT': '2025-12-24 03:14:15', 'qualifyingDive': False, 'favorite': False, 'pr': False, 'autoCalcCalories': False, 'elevationCorrected': False, 'atpActivity': False, 'parent': False, 'decoDive': False, 'purposeful': False, 'manualActivity': False}
INFO:root:get_activities: MeditationNew (21328749626)
INFO:root:get_activities: skipping download of 21328749626, already present
INFO:root:get_activities: Pilates (21328749406)
INFO:root:get_activities: skipping download of 21328749406, already present
INFO:root:get_activities: Drapetsona Runningday#1365 (21328626924)
INFO:root:get_activities: skipping download of 21328626924, already present
INFO:root:get_activities: HRV (21328205092)
INFO:root:get_activities: skipping download of 21328205092, already present
INFO:root:get_activities: HRV (21328204786)
INFO:root:get_activities: skipping download of 21328204786, already present
INFO:root:get_activities: Drapetsona Walking (21328204557)
INFO:root:get_activities: skipping download of 21328204557, already present
INFO:root:get_activities: Drapetsona Walking (21320897288)
INFO:root:get_activities: skipping download of 21320897288, already present
INFO:root:get_activities: Drapetsona Running Day#1364 (21320088857)
INFO:root:get_activities: skipping download of 21320088857, already present
INFO:root:get_activities: HRV (21319815706)
INFO:root:get_activities: skipping download of 21319815706, already present
INFO:root:get_activities: Athens Walking (21317176951)
INFO:root:get_activities: skipping download of 21317176951, already present
INFO:root:get_activities: Athens Walking (21314697967)
INFO:root:get_activities: skipping download of 21314697967, already present
INFO:root:get_activities: HRV (21311336337)
INFO:root:get_activities: skipping download of 21311336337, already present
INFO:root:get_activities: HRV (21302771277)
INFO:root:get_activities: skipping download of 21302771277, already present
INFO:root:get_activities: Marousi Walking (21297467771)
INFO:root:get_activities: skipping download of 21297467771, already present
INFO:root:get_activities: Marousi Walking (21296303951)
INFO:root:get_activities: skipping download of 21296303951, already present
INFO:root:get_activities: HRV (21294941009)
INFO:root:get_activities: skipping download of 21294941009, already present
INFO:root:get_activities: HRV (21286690529)
INFO:root:get_activities: skipping download of 21286690529, already present
INFO:root:get_activities: Drapetsona Running Day#1359 (21278309137)
INFO:root:get_activities: skipping download of 21278309137, already present
INFO:root:get_activities: HRV (21277887123)
INFO:root:get_activities: skipping download of 21277887123, already present
INFO:root:get_activities: HRV (21268576899)
INFO:root:get_activities: skipping download of 21268576899, already present
INFO:root:get_activities: Drapetsona Running Day#1357 (21260481404)
INFO:root:get_activities: skipping download of 21260481404, already present
INFO:root:get_activities: HRV (21260063867)
INFO:root:get_activities: skipping download of 21260063867, already present
INFO:root:get_activities: Kallithea Walking (21256821038)
INFO:root:get_activities: skipping download of 21256821038, already present
INFO:root:get_activities: Drapetsona Walking (21253502266)
INFO:root:get_activities: skipping download of 21253502266, already present
INFO:root:get_activities: Drapetsona Walking (21251984791)
INFO:root:get_activities: skipping download of 21251984791, already present
INFO:root:get_activities: Drapetsona Walking (21251977031)
INFO:root:get_activities: skipping download of 21251977031, already present
INFO:root:get_activities: HRV (21251518771)
INFO:root:get_activities: skipping download of 21251518771, already present
INFO:root:get_activities: HRV (21247944964)
INFO:root:get_activities: skipping download of 21247944964, already present
INFO:root:get_activities: HRV (21242639240)
INFO:root:get_activities: skipping download of 21242639240, already present
INFO:root:get_activities: Drapetsona Walking (21239422063)
INFO:root:get_activities: skipping download of 21239422063, already present
INFO:root:get_activities: Drapetsona Running day#1354 (21235144354)
INFO:root:get_activities: skipping download of 21235144354, already present
INFO:root:get_activities: HRV (21234679656)
INFO:root:get_activities: skipping download of 21234679656, already present
INFO:root:get_activities: Piraeus Walking (21229694417)
INFO:root:get_activities: skipping download of 21229694417, already present
INFO:root:get_activities: Cardio (21229380619)
INFO:root:get_activities: skipping download of 21229380619, already present
INFO:root:get_activities: Drapetsona Walking (21226242794)
INFO:root:get_activities: skipping download of 21226242794, already present
INFO:root:get_activities: HRV (21225925922)
INFO:root:get_activities: skipping download of 21225925922, already present
INFO:root:get_activities: Drapetsona Running day#1352 (21217284622)
INFO:root:get_activities: skipping download of 21217284622, already present
INFO:root:get_activities: HRV (21216745434)
INFO:root:get_activities: skipping download of 21216745434, already present
INFO:root:get_activities: MeditationNew (21208054152)
INFO:root:get_activities: skipping download of 21208054152, already present
INFO:root:get_activities: Strength (21208053731)
INFO:root:get_activities: skipping download of 21208053731, already present
INFO:root:get_activities: HRV (21207499782)
INFO:root:get_activities: skipping download of 21207499782, already present
INFO:root:get_activities: Drapetsona Walking (21204403373)
INFO:root:get_activities: skipping download of 21204403373, already present
INFO:root:get_activities: Drapetsona Walking (21204401806)
INFO:root:get_activities: skipping download of 21204401806, already present
INFO:root:get_activities: Drapetsona Running day#1350 (21198900124)
INFO:root:get_activities: skipping download of 21198900124, already present
INFO:root:get_activities: HRV (21198397135)
INFO:root:get_activities: skipping download of 21198397135, already present
INFO:root:get_activities: HRV (21192596367)
INFO:root:get_activities: skipping download of 21192596367, already present
INFO:root:get_activities: Strength (21190087292)
INFO:root:get_activities: skipping download of 21190087292, already present
INFO:root:get_activities: Drapetsona Running Day#1349 (21189998944)
INFO:root:get_activities: skipping download of 21189998944, already present
INFO:root:get_activities: HRV (21189695874)
INFO:root:get_activities: skipping download of 21189695874, already present
INFO:root:get_activities: Cardio (21181977481)
INFO:root:get_activities: skipping download of 21181977481, already present
INFO:root:get_activities: Pilates (21181252226)
INFO:root:get_activities: skipping download of 21181252226, already present
INFO:root:get_activities: Meditation (21181182223)
INFO:root:get_activities: skipping download of 21181182223, already present
INFO:root:get_activities: Drapetsona Running Day#1348 (21181099658)
INFO:root:get_activities: skipping download of 21181099658, already present
INFO:root:get_activities: HRV (21180894076)
INFO:root:get_activities: skipping download of 21180894076, already present
INFO:root:get_activities: HRV (21173004491)
INFO:root:get_activities: skipping download of 21173004491, already present
INFO:root:get_activities: HRV (21164205573)
INFO:root:get_activities: skipping download of 21164205573, already present
INFO:root:get_activities: Drapetsona Running day#1345 (21155466818)
INFO:root:get_activities: skipping download of 21155466818, already present
INFO:root:get_activities: HRV (21155057757)
INFO:root:get_activities: skipping download of 21155057757, already present
INFO:root:get_activities: HRV (21155057605)
INFO:root:get_activities: skipping download of 21155057605, already present
INFO:root:get_activities: Drapetsona Walking (21150735038)
INFO:root:get_activities: skipping download of 21150735038, already present
INFO:root:get_activities: Piraeus Walking (21146094569)
INFO:root:get_activities: skipping download of 21146094569, already present
INFO:root:get_activities: Drapetsona Running Day#1344 (21145893519)
INFO:root:get_activities: skipping download of 21145893519, already present
INFO:root:get_activities: HRV (21145495754)
INFO:root:get_activities: skipping download of 21145495754, already present
INFO:root:get_activities: HRV (21136476556)
INFO:root:get_activities: skipping download of 21136476556, already present
INFO:root:get_activities: HRV (21136476458)
INFO:root:get_activities: skipping download of 21136476458, already present
INFO:root:get_activities: HRV (21133484936)
INFO:root:get_activities: skipping download of 21133484936, already present
INFO:root:get_activities: Drapetsona Running Day#1342 (21127779979)
INFO:root:get_activities: skipping download of 21127779979, already present
INFO:root:get_activities: HRV (21127580403)
INFO:root:get_activities: skipping download of 21127580403, already present
INFO:root:get_activities: HRV (21123714808)
INFO:root:get_activities: skipping download of 21123714808, already present
INFO:root:get_activities: Drapetsona Running Day#1341 (21119137605)
INFO:root:get_activities: skipping download of 21119137605, already present
INFO:root:get_activities: HRV (21118853988)
INFO:root:get_activities: skipping download of 21118853988, already present
INFO:root:get_activities: HRV (21110877352)
INFO:root:get_activities: skipping download of 21110877352, already present
INFO:root:get_activities: HRV (21101999366)
INFO:root:get_activities: skipping download of 21101999366, already present
INFO:root:get_activities: MeditationNew (21100541126)
INFO:root:get_activities: skipping download of 21100541126, already present
INFO:root:get_activities: Pilates (21093524612)
INFO:root:get_activities: skipping download of 21093524612, already present
INFO:root:get_activities: Drapetsona Running Day#1338 (21093471313)
INFO:root:get_activities: skipping download of 21093471313, already present
INFO:root:get_activities: HRV (21092904572)
INFO:root:get_activities: skipping download of 21092904572, already present
INFO:root:get_activities: Piraeus Walking (21083999608)
INFO:root:get_activities: skipping download of 21083999608, already present
INFO:root:get_activities: Drapetsona Walking (21083738157)
INFO:root:get_activities: skipping download of 21083738157, already present
INFO:root:get_activities: HRV (21083452332)
INFO:root:get_activities: skipping download of 21083452332, already present
INFO:root:get_activities: Meditation (21075058054)
INFO:root:get_activities: skipping download of 21075058054, already present
INFO:root:get_activities: Drapetsona Running Day#1336 (21074968460)
INFO:root:get_activities: skipping download of 21074968460, already present
INFO:root:get_activities: HRV (21074622068)
INFO:root:get_activities: skipping download of 21074622068, already present
INFO:root:get_activities: Cardio (21067072414)
INFO:root:get_activities: skipping download of 21067072414, already present
INFO:root:get_activities: Drapetsona Running Day#1335 (21065701576)
INFO:root:get_activities: skipping download of 21065701576, already present
INFO:root:get_activities: HRV (21065510080)
INFO:root:get_activities: skipping download of 21065510080, already present
INFO:root:get_activities: HRV (21056605521)
INFO:root:get_activities: skipping download of 21056605521, already present
INFO:root:get_activities: Drapetsona Walking (21049618484)
INFO:root:get_activities: skipping download of 21049618484, already present
INFO:root:get_activities: HRV (21048087776)
INFO:root:get_activities: skipping download of 21048087776, already present
INFO:root:get_activities: HRV (21044647796)
INFO:root:get_activities: skipping download of 21044647796, already present
INFO:root:get_activities: Piraeus Walking (21040606481)
INFO:root:get_activities: skipping download of 21040606481, already present
INFO:root:get_activities: Drapetsona Running Day#1331 (21040428807)
INFO:root:get_activities: skipping download of 21040428807, already present
INFO:root:get_activities: Cardio (21039787279)
INFO:root:get_activities: skipping download of 21039787279, already present
INFO:root:get_activities: HRV (21039164427)
INFO:root:get_activities: skipping download of 21039164427, already present
INFO:root:get_activities: HRV (21035846593)
INFO:root:get_activities: skipping download of 21035846593, already present
INFO:root:get_activities: HRV (21031936441)
INFO:root:get_activities: skipping download of 21031936441, already present
INFO:root:get_activities: F3b Monitor+HRV (21030252607)
INFO:root:get_activities: skipping download of 21030252607, already present
INFO:root:get_activities: HRV (21029961462)
INFO:root:get_activities: skipping download of 21029961462, already present
INFO:root:get_activities: Unterschleiheim Running Day#1329 (21025707554)
INFO:root:get_activities: skipping download of 21025707554, already present
INFO:root:get_activities: HRV (21025284593)
INFO:root:get_activities: skipping download of 21025284593, already present
INFO:root:get_activities: Meditation (21021693482)
INFO:root:get_activities: skipping download of 21021693482, already present
INFO:root:get_activities: HRV (21020186066)
INFO:root:get_activities: skipping download of 21020186066, already present
INFO:root:get_activities: HRV (21018143297)
INFO:root:get_activities: skipping download of 21018143297, already present
INFO:root:get_activities: Meditation (21012087122)
INFO:root:get_activities: skipping download of 21012087122, already present
INFO:root:get_activities: HRV (21012086473)
INFO:root:get_activities: skipping download of 21012086473, already present
INFO:root:get_activities: HRV (21010424266)
INFO:root:get_activities: skipping download of 21010424266, already present
INFO:root:get_activities: HRV (21008609128)
INFO:root:get_activities: skipping download of 21008609128, already present
INFO:root:get_activities: HRV (21005763742)
INFO:root:get_activities: skipping download of 21005763742, already present
INFO:root:get_activities: Piraeus Walking (21002029358)
INFO:root:get_activities: skipping download of 21002029358, already present
INFO:root:get_activities: Piraeus Running Day1327 (21001920864)
INFO:root:get_activities: skipping download of 21001920864, already present
INFO:root:get_activities: Drapetsona Walking (21001791388)
INFO:root:get_activities: skipping download of 21001791388, already present
INFO:root:get_activities: HRV (21001514465)
INFO:root:get_activities: skipping download of 21001514465, already present
INFO:root:get_activities: HRV (20998025357)
INFO:root:get_activities: skipping download of 20998025357, already present
INFO:root:get_activities: HRV (20992013099)
INFO:root:get_activities: skipping download of 20992013099, already present
INFO:root:get_activities: Piraeus Walking (20985148635)
INFO:root:get_activities: skipping download of 20985148635, already present
INFO:root:get_activities: Nikaia Walking (20984834218)
INFO:root:get_activities: skipping download of 20984834218, already present
INFO:root:get_activities: Drapetsona Walking (20984116275)
INFO:root:get_activities: skipping download of 20984116275, already present
INFO:root:get_activities: HRV (20983374746)
INFO:root:get_activities: skipping download of 20983374746, already present
INFO:root:get_activities: HRV (20979173507)
INFO:root:get_activities: skipping download of 20979173507, already present
INFO:root:get_activities: Yoga (20974446497)
INFO:root:get_activities: skipping download of 20974446497, already present
INFO:root:get_activities: Drapetsona Running Day#1324 (20974369812)
INFO:root:get_activities: skipping download of 20974369812, already present
INFO:root:get_activities: HRV (20973821624)
INFO:root:get_activities: skipping download of 20973821624, already present
INFO:root:get_activities: HRV (20969143511)
INFO:root:get_activities: skipping download of 20969143511, already present
INFO:root:get_activities: Cardio (20964612097)
INFO:root:get_activities: skipping download of 20964612097, already present
INFO:root:get_activities: HRV (20964012363)
INFO:root:get_activities: skipping download of 20964012363, already present
INFO:root:get_activities: HRV (20959642092)
INFO:root:get_activities: skipping download of 20959642092, already present
INFO:root:get_activities: Strength (20954063498)
INFO:root:get_activities: skipping download of 20954063498, already present
INFO:root:get_activities: Drapetsona Running day#1322 (20954026938)
INFO:root:get_activities: skipping download of 20954026938, already present
INFO:root:get_activities: HRV (20953484484)
INFO:root:get_activities: skipping download of 20953484484, already present
INFO:root:get_activities: HRV (20945810409)
INFO:root:get_activities: skipping download of 20945810409, already present
INFO:root:get_activities: Cardio (20944712748)
INFO:root:get_activities: skipping download of 20944712748, already present
INFO:root:get_activities: Drapetsona Running Day#1321 (20944499348)
INFO:root:get_activities: skipping download of 20944499348, already present
INFO:root:get_activities: HRV (20944038263)
INFO:root:get_activities: skipping download of 20944038263, already present
INFO:root:get_activities: HRV (20940095145)
INFO:root:get_activities: skipping download of 20940095145, already present
INFO:root:get_activities: Drapetsona Walking (20937429462)
INFO:root:get_activities: skipping download of 20937429462, already present
INFO:root:get_activities: MeditationNew (20934771544)
INFO:root:get_activities: skipping download of 20934771544, already present
INFO:root:get_activities: Drapetsona Running Day#1320 (20934711825)
INFO:root:get_activities: skipping download of 20934711825, already present
INFO:root:get_activities: HRV (20934328235)
INFO:root:get_activities: skipping download of 20934328235, already present
INFO:root:get_activities: HRV (20932708558)
INFO:root:get_activities: skipping download of 20932708558, already present
INFO:root:get_activities: HRV (20924733326)
INFO:root:get_activities: skipping download of 20924733326, already present
INFO:root:get_activities: HRV (20922381503)
INFO:root:get_activities: skipping download of 20922381503, already present
INFO:root:get_activities: Drapetsona Walking (20918324241)
INFO:root:get_activities: skipping download of 20918324241, already present
INFO:root:get_activities: Drapetsona Walking (20916479285)
INFO:root:get_activities: skipping download of 20916479285, already present
INFO:root:unzip_files: from C:\Users\jheel\AppData\Local\Temp\tmpkg5yw91m to C:\Users\jheel\jheelHealthData\FitFiles\Activities
INFO:C:\Python313\Scripts\garmindb_cli.py:Downloading latest monitoring data from: 2025-12-22 23:54:00
INFO:root:Date range to update: 2025-12-21 (5) to C:\Users\jheel\jheelHealthData\FitFiles\Monitoring
INFO:root:Getting daily summaries: 2025-12-21 (5)
INFO:root:get_summary_day: 2025-12-21
INFO:root:get_summary_day: 2025-12-22
INFO:root:get_summary_day: 2025-12-23
INFO:root:get_summary_day: 2025-12-24
INFO:root:get_summary_day: 2025-12-25
INFO:root:Getting hydration: 2025-12-21 (5)
INFO:root:Getting monitoring: 2025-12-21 (5)
INFO:root:get_monitoring_day: 2025-12-21 to C:\Users\jheel\AppData\Local\Temp\tmprq0ue2pr
INFO:root:unzip_files: from C:\Users\jheel\AppData\Local\Temp\tmprq0ue2pr to C:\Users\jheel\jheelHealthData\FitFiles\Monitoring\2025
INFO:root:get_monitoring_day: 2025-12-22 to C:\Users\jheel\AppData\Local\Temp\tmpnuk6tpd0
INFO:root:unzip_files: from C:\Users\jheel\AppData\Local\Temp\tmpnuk6tpd0 to C:\Users\jheel\jheelHealthData\FitFiles\Monitoring\2025
INFO:root:get_monitoring_day: 2025-12-23 to C:\Users\jheel\AppData\Local\Temp\tmp9wmy25q_
INFO:root:unzip_files: from C:\Users\jheel\AppData\Local\Temp\tmp9wmy25q_ to C:\Users\jheel\jheelHealthData\FitFiles\Monitoring\2025
INFO:root:get_monitoring_day: 2025-12-24 to C:\Users\jheel\AppData\Local\Temp\tmp3dk7tr5h
INFO:root:unzip_files: from C:\Users\jheel\AppData\Local\Temp\tmp3dk7tr5h to C:\Users\jheel\jheelHealthData\FitFiles\Monitoring\2025
INFO:root:get_monitoring_day: 2025-12-25 to C:\Users\jheel\AppData\Local\Temp\tmpldb6705q
INFO:root:unzip_files: from C:\Users\jheel\AppData\Local\Temp\tmpldb6705q to C:\Users\jheel\jheelHealthData\FitFiles\Monitoring\2025
INFO:root:Saved monitoring files for 2025-12-21 (5) to C:\Users\jheel\jheelHealthData\FitFiles\Monitoring for processing
INFO:idbutils.db_object:Found time_col_name timestamp for table Attributes
INFO:idbutils.db_object:Found time_col_name timestamp for table Device
INFO:C:\Python313\Scripts\garmindb_cli.py:Downloading latest sleep data from: 2025-12-22
INFO:root:Date range to update: 2025-12-21 (5) to C:\Users\jheel\jheelHealthData\Sleep
INFO:root:Getting sleep: 2025-12-21 (5)
INFO:root:Saved sleep files for 2025-12-21 (5) to C:\Users\jheel\jheelHealthData\Sleep for processing
INFO:C:\Python313\Scripts\garmindb_cli.py:Downloading latest weight data from: 2025-12-21
INFO:root:Date range to update: 2025-12-20 (6) to C:\Users\jheel\jheelHealthData\Weight
INFO:root:Getting weight: 2025-12-20 (6)
INFO:root:Checking weight: 2025-12-20 overwrite False
INFO:root:Checking weight: 2025-12-21 overwrite False
INFO:root:Checking weight: 2025-12-22 overwrite False
INFO:root:Checking weight: 2025-12-23 overwrite True
INFO:root:Checking weight: 2025-12-24 overwrite True
INFO:root:Checking weight: 2025-12-25 overwrite True
INFO:root:Saved weight files for 2025-12-20 (6) to C:\Users\jheel\jheelHealthData\Weight for processing
INFO:C:\Python313\Scripts\garmindb_cli.py:Downloading latest rhr data from: 2025-12-22
INFO:root:Date range to update: 2025-12-21 (5) to C:\Users\jheel\jheelHealthData\RHR
INFO:root:Getting rhr: 2025-12-21 (5)
INFO:root:Saved rhr files for 2025-12-21 (5) to C:\Users\jheel\jheelHealthData\RHR for processing
INFO:C:\Python313\Scripts\garmindb_cli.py:___Importing Latest Data___
INFO:C:\Users\jheel\AppData\Roaming\Python\Python313\site-packages\garmindb\import_monitoring.py:Processing user settings data
INFO:C:\Users\jheel\AppData\Roaming\Python\Python313\site-packages\garmindb\import_monitoring.py:Processing profile data
INFO:C:\Python313\Lib\site-packages\idbutils\file_processor.py:Reading directory: C:\Users\jheel\jheelHealthData\FitFiles looking for files matching ^user-settings\.json
INFO:root:Found 1 json files for ^user-settings\.json in C:\Users\jheel\jheelHealthData\FitFiles
INFO:root:Processing 1 json files
INFO:C:\Users\jheel\AppData\Roaming\Python\Python313\site-packages\garmindb\import_monitoring.py:Processing profile data: {'measurement_system': 'DisplayMeasure.metric', 'gender': 'Gender.male', 'weight': 75.5, 'height': 1.67, 'vo2max_running': 37.0, 'vo2max_cycling': None, 'handedness': 'right'}
INFO:root:DB updated with 7 entries from C:\Users\jheel\jheelHealthData\FitFiles/user-settings.json
INFO:root:DB updated with 7 entries from 1 files.
INFO:C:\Users\jheel\AppData\Roaming\Python\Python313\site-packages\garmindb\import_monitoring.py:Processing user personal information data
INFO:C:\Users\jheel\AppData\Roaming\Python\Python313\site-packages\garmindb\import_monitoring.py:Processing profile data
INFO:C:\Python313\Lib\site-packages\idbutils\file_processor.py:Reading directory: C:\Users\jheel\jheelHealthData\FitFiles looking for files matching ^personal-information\.json
INFO:root:Found 1 json files for ^personal-information\.json in C:\Users\jheel\jheelHealthData\FitFiles
INFO:root:Processing 1 json files
INFO:C:\Users\jheel\AppData\Roaming\Python\Python313\site-packages\garmindb\import_monitoring.py:Processing profile data: {'locale': 'en', 'time_zone': 'Europe/Athens', 'country_code': 'GR'}
INFO:root:DB updated with 3 entries from C:\Users\jheel\jheelHealthData\FitFiles/personal-information.json
INFO:root:DB updated with 3 entries from 1 files.
INFO:C:\Users\jheel\AppData\Roaming\Python\Python313\site-packages\garmindb\import_monitoring.py:Processing user settings data
INFO:C:\Users\jheel\AppData\Roaming\Python\Python313\site-packages\garmindb\import_monitoring.py:Processing profile data
INFO:C:\Python313\Lib\site-packages\idbutils\file_processor.py:Reading directory: C:\Users\jheel\jheelHealthData\FitFiles looking for files matching ^social-profile\.json
INFO:root:Found 1 json files for ^social-profile\.json in C:\Users\jheel\jheelHealthData\FitFiles
INFO:root:Processing 1 json files
INFO:C:\Users\jheel\AppData\Roaming\Python\Python313\site-packages\garmindb\import_monitoring.py:Processing profile data: {'id': 403279395, 'userName': 'smacricostas@gmail.com', 'name': 'Stelios Makrykostas'}
INFO:root:DB updated with 3 entries from C:\Users\jheel\jheelHealthData\FitFiles/social-profile.json
INFO:root:DB updated with 3 entries from 1 files.
INFO:C:\Users\jheel\AppData\Roaming\Python\Python313\site-packages\garmindb\fit_data.py:Processing [<FileType.settings: 2>] FIT data from C:\Users\jheel\jheelHealthData\FitFiles
INFO:C:\Python313\Lib\site-packages\idbutils\file_processor.py:Reading directory: C:\Users\jheel\jheelHealthData\FitFiles looking for files matching \w+\.(fit|FIT)
INFO:C:\Users\jheel\AppData\Roaming\Python\Python313\site-packages\garmindb\import_monitoring.py:Processing weight data
INFO:C:\Python313\Lib\site-packages\idbutils\file_processor.py:Reading directory: C:\Users\jheel\jheelHealthData\Weight looking for files matching weight_\d{4}-\d{2}-\d{2}\.json and created after 2025-12-25 11:08:05.356368
INFO:root:Found 3 json files for weight_\d{4}-\d{2}-\d{2}\.json in C:\Users\jheel\jheelHealthData\Weight
INFO:root:Processing 3 json files
WARNING:root:No data saved for C:\Users\jheel\jheelHealthData\Weight/weight_2025-12-23.json
WARNING:root:No data saved for C:\Users\jheel\jheelHealthData\Weight/weight_2025-12-24.json
WARNING:root:No data saved for C:\Users\jheel\jheelHealthData\Weight/weight_2025-12-25.json
INFO:root:DB updated with 0 entries from 3 files.
INFO:C:\Users\jheel\AppData\Roaming\Python\Python313\site-packages\garmindb\import_monitoring.py:Processing daily summary data
INFO:C:\Python313\Lib\site-packages\idbutils\file_processor.py:Reading directory: C:\Users\jheel\jheelHealthData\FitFiles\Monitoring looking for files matching daily_summary_\d{4}-\d{2}-\d{2}\.json and created after 2025-12-25 11:08:05.534056
INFO:C:\Python313\Lib\site-packages\idbutils\file_processor.py:Reading directory: C:\Users\jheel\jheelHealthData\FitFiles\Monitoring/2022 looking for files matching daily_summary_\d{4}-\d{2}-\d{2}\.json and created after 2025-12-25 11:08:05.534377
INFO:C:\Python313\Lib\site-packages\idbutils\file_processor.py:Reading directory: C:\Users\jheel\jheelHealthData\FitFiles\Monitoring/2023 looking for files matching daily_summary_\d{4}-\d{2}-\d{2}\.json and created after 2025-12-25 11:08:05.535915
INFO:C:\Python313\Lib\site-packages\idbutils\file_processor.py:Reading directory: C:\Users\jheel\jheelHealthData\FitFiles\Monitoring/2024 looking for files matching daily_summary_\d{4}-\d{2}-\d{2}\.json and created after 2025-12-25 11:08:05.810595
INFO:C:\Python313\Lib\site-packages\idbutils\file_processor.py:Reading directory: C:\Users\jheel\jheelHealthData\FitFiles\Monitoring/2025 looking for files matching daily_summary_\d{4}-\d{2}-\d{2}\.json and created after 2025-12-25 11:08:06.125332
INFO:root:Found 3 json files for daily_summary_\d{4}-\d{2}-\d{2}\.json in C:\Users\jheel\jheelHealthData\FitFiles\Monitoring
INFO:root:Processing 3 json files
INFO:root:DB updated with 1 entries from C:\Users\jheel\jheelHealthData\FitFiles\Monitoring/2025/daily_summary_2025-12-23.json
INFO:root:DB updated with 1 entries from C:\Users\jheel\jheelHealthData\FitFiles\Monitoring/2025/daily_summary_2025-12-24.json
INFO:root:DB updated with 1 entries from C:\Users\jheel\jheelHealthData\FitFiles\Monitoring/2025/daily_summary_2025-12-25.json
INFO:root:DB updated with 3 entries from 3 files.
INFO:C:\Python313\Lib\site-packages\idbutils\file_processor.py:Reading directory: C:\Users\jheel\jheelHealthData\FitFiles\Monitoring looking for files matching hydration_\d{4}-\d{2}-\d{2}\.json and created after 2025-12-25 11:08:06.645409
INFO:C:\Python313\Lib\site-packages\idbutils\file_processor.py:Reading directory: C:\Users\jheel\jheelHealthData\FitFiles\Monitoring/2022 looking for files matching hydration_\d{4}-\d{2}-\d{2}\.json and created after 2025-12-25 11:08:06.645639
INFO:C:\Python313\Lib\site-packages\idbutils\file_processor.py:Reading directory: C:\Users\jheel\jheelHealthData\FitFiles\Monitoring/2023 looking for files matching hydration_\d{4}-\d{2}-\d{2}\.json and created after 2025-12-25 11:08:06.646031
INFO:C:\Python313\Lib\site-packages\idbutils\file_processor.py:Reading directory: C:\Users\jheel\jheelHealthData\FitFiles\Monitoring/2024 looking for files matching hydration_\d{4}-\d{2}-\d{2}\.json and created after 2025-12-25 11:08:06.693913
INFO:C:\Python313\Lib\site-packages\idbutils\file_processor.py:Reading directory: C:\Users\jheel\jheelHealthData\FitFiles\Monitoring/2025 looking for files matching hydration_\d{4}-\d{2}-\d{2}\.json and created after 2025-12-25 11:08:06.754079
INFO:root:Found 3 json files for hydration_\d{4}-\d{2}-\d{2}\.json in C:\Users\jheel\jheelHealthData\FitFiles\Monitoring
INFO:root:Processing 3 json files
INFO:root:DB updated with 1 entries from C:\Users\jheel\jheelHealthData\FitFiles\Monitoring/2025/hydration_2025-12-23.json
INFO:root:DB updated with 1 entries from C:\Users\jheel\jheelHealthData\FitFiles\Monitoring/2025/hydration_2025-12-24.json
INFO:root:DB updated with 1 entries from C:\Users\jheel\jheelHealthData\FitFiles\Monitoring/2025/hydration_2025-12-25.json
INFO:root:DB updated with 3 entries from 3 files.
INFO:C:\Users\jheel\AppData\Roaming\Python\Python313\site-packages\garmindb\fit_data.py:Processing [<FileType.monitoring_b: 32>] FIT data from C:\Users\jheel\jheelHealthData\FitFiles\Monitoring
INFO:C:\Python313\Lib\site-packages\idbutils\file_processor.py:Reading directory: C:\Users\jheel\jheelHealthData\FitFiles\Monitoring looking for files matching \w+\.(fit|FIT) and created after 2025-12-25 11:08:06.877146
INFO:C:\Python313\Lib\site-packages\idbutils\file_processor.py:Reading directory: C:\Users\jheel\jheelHealthData\FitFiles\Monitoring/2022 looking for files matching \w+\.(fit|FIT) and created after 2025-12-25 11:08:06.877361
INFO:C:\Python313\Lib\site-packages\idbutils\file_processor.py:Reading directory: C:\Users\jheel\jheelHealthData\FitFiles\Monitoring/2023 looking for files matching \w+\.(fit|FIT) and created after 2025-12-25 11:08:06.877549
INFO:C:\Python313\Lib\site-packages\idbutils\file_processor.py:Reading directory: C:\Users\jheel\jheelHealthData\FitFiles\Monitoring/2024 looking for files matching \w+\.(fit|FIT) and created after 2025-12-25 11:08:07.577313
INFO:C:\Python313\Lib\site-packages\idbutils\file_processor.py:Reading directory: C:\Users\jheel\jheelHealthData\FitFiles\Monitoring/2025 looking for files matching \w+\.(fit|FIT) and created after 2025-12-25 11:08:08.879267
INFO:root:Debug: 0
INFO:root:Importing C:\Users\jheel\jheelHealthData\FitFiles\Monitoring/2025/392180460687_WELLNESS.fit (2025-12-21 00:00:00) [FileType.monitoring_b] with message types: [<MessageType.file_id: 0>, <MessageType.device_info: 23>, <MessageType.software: 35>, <UnknownMessageType.unknown_355: 355>, <MessageType.monitoring_info: 103>, <MessageType.unknown_24: 24>, <MessageType.monitoring: 55>, <MessageType.ohr_settings: 188>, <MessageType.event: 21>, <MessageType.unknown_233: 233>, <MessageType.stress_level: 227>, <MessageType.respiration: 297>, <MessageType.pulse_ox: 269>, <UnknownMessageType.unknown_211: 211>]
INFO:root:skipping non-matching File(<FileType.metrics: 44> C:\Users\jheel\jheelHealthData\FitFiles\Monitoring/2025/392180462255_METRICS.fit FileType.metrics [<MessageType.file_id: 0>, <MessageType.file_creator: 49>, <MessageType.device_info: 23>, <MessageType.local_time: 241>, <UnknownMessageType.unknown_232: 232>, <UnknownMessageType.unknown_339: 339>, <UnknownMessageType.unknown_356: 356>] dev fields {})
INFO:root:skipping non-matching File(<FileType.metrics: 44> C:\Users\jheel\jheelHealthData\FitFiles\Monitoring/2025/392180463658_METRICS.fit FileType.metrics [<MessageType.file_id: 0>, <MessageType.file_creator: 49>, <MessageType.device_info: 23>, <MessageType.local_time: 241>, <UnknownMessageType.unknown_330: 330>, <MessageType.unknown_284: 284>] dev fields {})
INFO:root:skipping non-matching File(<FileType.metrics: 44> C:\Users\jheel\jheelHealthData\FitFiles\Monitoring/2025/392180464778_METRICS.fit FileType.metrics [<MessageType.file_id: 0>, <MessageType.file_creator: 49>, <MessageType.device_info: 23>, <MessageType.local_time: 241>, <MessageType.unknown_284: 284>, <UnknownMessageType.unknown_232: 232>, <UnknownMessageType.unknown_339: 339>, <UnknownMessageType.unknown_356: 356>] dev fields {})
INFO:root:skipping non-matching File(<FileType.sleep: 49> C:\Users\jheel\jheelHealthData\FitFiles\Monitoring/2025/392180505054_SLEEP_DATA.fit FileType.sleep [<MessageType.file_id: 0>, <MessageType.device_info: 23>, <MessageType.start: 273>, <MessageType.sleep_data: 274>, <MessageType.sleep_level: 275>, <MessageType.end: 276>, <MessageType.unknown_24: 24>] dev fields {})
INFO:root:Importing C:\Users\jheel\jheelHealthData\FitFiles\Monitoring/2025/392208128779_WELLNESS.fit (2025-12-21 08:30:00) [FileType.monitoring_b] with message types: [<MessageType.file_id: 0>, <MessageType.device_info: 23>, <MessageType.software: 35>, <UnknownMessageType.unknown_355: 355>, <MessageType.monitoring_info: 103>, <MessageType.unknown_24: 24>, <MessageType.monitoring: 55>, <UnknownMessageType.unknown_211: 211>, <MessageType.ohr_settings: 188>, <MessageType.event: 21>, <MessageType.unknown_233: 233>, <MessageType.stress_level: 227>, <MessageType.respiration: 297>]
INFO:root:skipping non-matching File(<FileType.sleep: 49> C:\Users\jheel\jheelHealthData\FitFiles\Monitoring/2025/392208132970_SLEEP_DATA.fit FileType.sleep [<MessageType.file_id: 0>, <MessageType.device_info: 23>, <MessageType.start: 273>, <MessageType.sleep_data: 274>, <MessageType.sleep_level: 275>, <MessageType.end: 276>, <MessageType.unknown_24: 24>] dev fields {})
INFO:root:Importing C:\Users\jheel\jheelHealthData\FitFiles\Monitoring/2025/392274346936_WELLNESS.fit (2025-12-21 10:13:00) [FileType.monitoring_b] with message types: [<MessageType.file_id: 0>, <MessageType.device_info: 23>, <MessageType.software: 35>, <UnknownMessageType.unknown_355: 355>, <MessageType.monitoring_info: 103>, <MessageType.unknown_24: 24>, <MessageType.monitoring: 55>, <UnknownMessageType.unknown_211: 211>, <MessageType.ohr_settings: 188>, <MessageType.event: 21>, <MessageType.stress_level: 227>, <MessageType.respiration: 297>, <MessageType.unknown_233: 233>]
INFO:root:skipping non-matching File(<FileType.metrics: 44> C:\Users\jheel\jheelHealthData\FitFiles\Monitoring/2025/392274348092_METRICS.fit FileType.metrics [<MessageType.file_id: 0>, <MessageType.file_creator: 49>, <MessageType.device_info: 23>, <MessageType.local_time: 241>, <MessageType.unknown_284: 284>, <UnknownMessageType.unknown_232: 232>, <UnknownMessageType.unknown_339: 339>, <UnknownMessageType.unknown_356: 356>] dev fields {})
INFO:root:skipping non-matching File(<FileType.sleep: 49> C:\Users\jheel\jheelHealthData\FitFiles\Monitoring/2025/392274356527_SLEEP_DATA.fit FileType.sleep [<MessageType.file_id: 0>, <MessageType.device_info: 23>, <MessageType.start: 273>, <MessageType.sleep_data: 274>, <MessageType.sleep_level: 275>, <MessageType.end: 276>, <MessageType.unknown_24: 24>] dev fields {})
INFO:root:Importing C:\Users\jheel\jheelHealthData\FitFiles\Monitoring/2025/392328873654_WELLNESS.fit (2025-12-21 15:11:00) [FileType.monitoring_b] with message types: [<MessageType.file_id: 0>, <MessageType.device_info: 23>, <MessageType.software: 35>, <UnknownMessageType.unknown_355: 355>, <MessageType.monitoring_info: 103>, <MessageType.unknown_24: 24>, <MessageType.monitoring: 55>, <UnknownMessageType.unknown_211: 211>, <MessageType.ohr_settings: 188>, <MessageType.event: 21>, <MessageType.unknown_233: 233>, <MessageType.stress_level: 227>, <MessageType.respiration: 297>]
INFO:root:skipping non-matching File(<FileType.metrics: 44> C:\Users\jheel\jheelHealthData\FitFiles\Monitoring/2025/392328874468_METRICS.fit FileType.metrics [<MessageType.file_id: 0>, <MessageType.file_creator: 49>, <MessageType.device_info: 23>, <MessageType.local_time: 241>, <MessageType.unknown_284: 284>, <UnknownMessageType.unknown_232: 232>, <UnknownMessageType.unknown_339: 339>, <UnknownMessageType.unknown_356: 356>] dev fields {})
INFO:root:skipping non-matching File(<FileType.sleep: 49> C:\Users\jheel\jheelHealthData\FitFiles\Monitoring/2025/392328880381_SLEEP_DATA.fit FileType.sleep [<MessageType.file_id: 0>, <MessageType.device_info: 23>, <MessageType.start: 273>, <MessageType.sleep_data: 274>, <MessageType.sleep_level: 275>, <MessageType.end: 276>, <MessageType.unknown_24: 24>] dev fields {})
INFO:root:Importing C:\Users\jheel\jheelHealthData\FitFiles\Monitoring/2025/392338927892_WELLNESS.fit (2025-12-21 19:49:00) [FileType.monitoring_b] with message types: [<MessageType.file_id: 0>, <MessageType.device_info: 23>, <MessageType.software: 35>, <UnknownMessageType.unknown_355: 355>, <MessageType.monitoring_info: 103>, <MessageType.unknown_24: 24>, <MessageType.monitoring: 55>, <UnknownMessageType.unknown_211: 211>, <MessageType.ohr_settings: 188>, <MessageType.event: 21>, <MessageType.unknown_233: 233>, <MessageType.stress_level: 227>, <MessageType.respiration: 297>]
INFO:root:skipping non-matching File(<FileType.sleep: 49> C:\Users\jheel\jheelHealthData\FitFiles\Monitoring/2025/392338929565_SLEEP_DATA.fit FileType.sleep [<MessageType.file_id: 0>, <MessageType.device_info: 23>, <MessageType.start: 273>, <MessageType.sleep_level: 275>, <MessageType.sleep_data: 274>, <MessageType.end: 276>, <MessageType.unknown_24: 24>] dev fields {})
INFO:root:Importing C:\Users\jheel\jheelHealthData\FitFiles\Monitoring/2025/392342191798_WELLNESS.fit (2025-12-21 20:56:00) [FileType.monitoring_b] with message types: [<MessageType.file_id: 0>, <MessageType.device_info: 23>, <MessageType.software: 35>, <UnknownMessageType.unknown_355: 355>, <MessageType.monitoring_info: 103>, <MessageType.unknown_24: 24>, <MessageType.monitoring: 55>, <UnknownMessageType.unknown_211: 211>, <MessageType.ohr_settings: 188>, <MessageType.event: 21>, <MessageType.unknown_233: 233>, <MessageType.stress_level: 227>, <MessageType.respiration: 297>]
INFO:root:skipping non-matching File(<FileType.sleep: 49> C:\Users\jheel\jheelHealthData\FitFiles\Monitoring/2025/392342192580_SLEEP_DATA.fit FileType.sleep [<MessageType.file_id: 0>, <MessageType.device_info: 23>, <MessageType.start: 273>, <MessageType.sleep_data: 274>, <MessageType.sleep_level: 275>, <MessageType.end: 276>, <MessageType.unknown_24: 24>] dev fields {})
INFO:root:Importing C:\Users\jheel\jheelHealthData\FitFiles\Monitoring/2025/392433558049_WELLNESS.fit (2025-12-21 21:17:00) [FileType.monitoring_b] with message types: [<MessageType.file_id: 0>, <MessageType.device_info: 23>, <MessageType.software: 35>, <UnknownMessageType.unknown_355: 355>, <MessageType.monitoring_info: 103>, <MessageType.unknown_24: 24>, <MessageType.monitoring: 55>, <UnknownMessageType.unknown_211: 211>, <MessageType.ohr_settings: 188>, <MessageType.event: 21>, <MessageType.stress_level: 227>, <MessageType.respiration: 297>, <MessageType.unknown_233: 233>, <MessageType.pulse_ox: 269>]
INFO:root:Importing C:\Users\jheel\jheelHealthData\FitFiles\Monitoring/2025/392433574272_WELLNESS.fit (2025-12-22 00:00:00) [FileType.monitoring_b] with message types: [<MessageType.file_id: 0>, <MessageType.device_info: 23>, <MessageType.software: 35>, <UnknownMessageType.unknown_355: 355>, <MessageType.monitoring_info: 103>, <MessageType.unknown_24: 24>, <MessageType.monitoring: 55>, <MessageType.ohr_settings: 188>, <MessageType.event: 21>, <MessageType.unknown_233: 233>, <MessageType.stress_level: 227>, <MessageType.respiration: 297>, <MessageType.pulse_ox: 269>, <UnknownMessageType.unknown_211: 211>]
INFO:root:skipping non-matching File(<FileType.metrics: 44> C:\Users\jheel\jheelHealthData\FitFiles\Monitoring/2025/392433575370_METRICS.fit FileType.metrics [<MessageType.file_id: 0>, <MessageType.file_creator: 49>, <MessageType.device_info: 23>, <MessageType.local_time: 241>, <UnknownMessageType.unknown_232: 232>, <UnknownMessageType.unknown_339: 339>, <UnknownMessageType.unknown_356: 356>] dev fields {})
INFO:root:skipping non-matching File(<FileType.metrics: 44> C:\Users\jheel\jheelHealthData\FitFiles\Monitoring/2025/392433576422_METRICS.fit FileType.metrics [<MessageType.file_id: 0>, <MessageType.file_creator: 49>, <MessageType.device_info: 23>, <MessageType.local_time: 241>, <UnknownMessageType.unknown_330: 330>, <MessageType.unknown_284: 284>] dev fields {})
INFO:root:skipping non-matching File(<FileType.metrics: 44> C:\Users\jheel\jheelHealthData\FitFiles\Monitoring/2025/392433577362_METRICS.fit FileType.metrics [<MessageType.file_id: 0>, <MessageType.file_creator: 49>, <MessageType.device_info: 23>, <MessageType.local_time: 241>, <MessageType.unknown_284: 284>, <UnknownMessageType.unknown_232: 232>, <UnknownMessageType.unknown_339: 339>, <UnknownMessageType.unknown_356: 356>] dev fields {})
INFO:root:skipping non-matching File(<FileType.sleep: 49> C:\Users\jheel\jheelHealthData\FitFiles\Monitoring/2025/392433582883_SLEEP_DATA.fit FileType.sleep [<MessageType.file_id: 0>, <MessageType.device_info: 23>, <MessageType.start: 273>, <MessageType.sleep_data: 274>, <MessageType.sleep_level: 275>, <MessageType.end: 276>, <MessageType.unknown_24: 24>] dev fields {})
INFO:root:skipping non-matching File(<FileType.sleep: 49> C:\Users\jheel\jheelHealthData\FitFiles\Monitoring/2025/392433600506_SLEEP_DATA.fit FileType.sleep [<MessageType.file_id: 0>, <MessageType.device_info: 23>, <MessageType.start: 273>, <MessageType.sleep_data: 274>, <MessageType.sleep_level: 275>, <MessageType.end: 276>, <MessageType.unknown_24: 24>] dev fields {})
INFO:root:Importing C:\Users\jheel\jheelHealthData\FitFiles\Monitoring/2025/392434178091_WELLNESS.fit (2025-12-22 07:19:00) [FileType.monitoring_b] with message types: [<MessageType.file_id: 0>, <MessageType.device_info: 23>, <MessageType.software: 35>, <UnknownMessageType.unknown_355: 355>, <MessageType.monitoring_info: 103>, <MessageType.unknown_24: 24>, <MessageType.monitoring: 55>, <UnknownMessageType.unknown_211: 211>, <MessageType.ohr_settings: 188>, <MessageType.event: 21>, <MessageType.stress_level: 227>, <MessageType.respiration: 297>, <MessageType.unknown_233: 233>]
INFO:root:skipping non-matching File(<FileType.sleep: 49> C:\Users\jheel\jheelHealthData\FitFiles\Monitoring/2025/392434179039_SLEEP_DATA.fit FileType.sleep [<MessageType.file_id: 0>, <MessageType.device_info: 23>, <MessageType.start: 273>, <MessageType.sleep_level: 275>, <MessageType.sleep_data: 274>, <MessageType.end: 276>, <MessageType.unknown_24: 24>] dev fields {})
INFO:root:Importing C:\Users\jheel\jheelHealthData\FitFiles\Monitoring/2025/392448342315_WELLNESS.fit (2025-12-22 07:22:00) [FileType.monitoring_b] with message types: [<MessageType.file_id: 0>, <MessageType.device_info: 23>, <MessageType.software: 35>, <UnknownMessageType.unknown_355: 355>, <MessageType.monitoring_info: 103>, <MessageType.unknown_24: 24>, <MessageType.monitoring: 55>, <UnknownMessageType.unknown_211: 211>, <MessageType.ohr_settings: 188>, <MessageType.event: 21>, <MessageType.unknown_233: 233>, <MessageType.stress_level: 227>, <MessageType.respiration: 297>]
INFO:root:skipping non-matching File(<FileType.sleep: 49> C:\Users\jheel\jheelHealthData\FitFiles\Monitoring/2025/392448343740_SLEEP_DATA.fit FileType.sleep [<MessageType.file_id: 0>, <MessageType.device_info: 23>, <MessageType.start: 273>, <MessageType.sleep_level: 275>, <MessageType.sleep_data: 274>, <MessageType.end: 276>, <MessageType.unknown_24: 24>] dev fields {})
INFO:root:Importing C:\Users\jheel\jheelHealthData\FitFiles\Monitoring/2025/392455652951_WELLNESS.fit (2025-12-22 08:17:00) [FileType.monitoring_b] with message types: [<MessageType.file_id: 0>, <MessageType.device_info: 23>, <MessageType.software: 35>, <UnknownMessageType.unknown_355: 355>, <MessageType.monitoring_info: 103>, <MessageType.unknown_24: 24>, <MessageType.monitoring: 55>, <UnknownMessageType.unknown_211: 211>, <MessageType.ohr_settings: 188>, <MessageType.event: 21>, <MessageType.stress_level: 227>, <MessageType.respiration: 297>, <MessageType.unknown_233: 233>]
INFO:root:skipping non-matching File(<FileType.metrics: 44> C:\Users\jheel\jheelHealthData\FitFiles\Monitoring/2025/392455654328_METRICS.fit FileType.metrics [<MessageType.file_id: 0>, <MessageType.file_creator: 49>, <MessageType.device_info: 23>, <MessageType.local_time: 241>, <UnknownMessageType.unknown_229: 229>, <MessageType.unknown_284: 284>, <UnknownMessageType.unknown_232: 232>, <UnknownMessageType.unknown_339: 339>, <UnknownMessageType.unknown_356: 356>] dev fields {})
INFO:root:skipping non-matching File(<FileType.sleep: 49> C:\Users\jheel\jheelHealthData\FitFiles\Monitoring/2025/392455655474_SLEEP_DATA.fit FileType.sleep [<MessageType.file_id: 0>, <MessageType.device_info: 23>, <MessageType.start: 273>, <MessageType.sleep_level: 275>, <MessageType.sleep_data: 274>, <MessageType.end: 276>, <MessageType.unknown_24: 24>] dev fields {})
INFO:root:Importing C:\Users\jheel\jheelHealthData\FitFiles\Monitoring/2025/392457264250_WELLNESS.fit (2025-12-22 08:42:00) [FileType.monitoring_b] with message types: [<MessageType.file_id: 0>, <MessageType.device_info: 23>, <MessageType.software: 35>, <UnknownMessageType.unknown_355: 355>, <MessageType.monitoring_info: 103>, <MessageType.unknown_24: 24>, <MessageType.monitoring: 55>, <UnknownMessageType.unknown_211: 211>, <MessageType.ohr_settings: 188>, <MessageType.event: 21>, <MessageType.unknown_233: 233>, <MessageType.stress_level: 227>, <MessageType.respiration: 297>]
INFO:root:skipping non-matching File(<FileType.sleep: 49> C:\Users\jheel\jheelHealthData\FitFiles\Monitoring/2025/392457265454_SLEEP_DATA.fit FileType.sleep [<MessageType.file_id: 0>, <MessageType.device_info: 23>, <MessageType.start: 273>, <MessageType.sleep_data: 274>, <MessageType.sleep_level: 275>, <MessageType.end: 276>, <MessageType.unknown_24: 24>] dev fields {})
INFO:root:Importing C:\Users\jheel\jheelHealthData\FitFiles\Monitoring/2025/392457635027_WELLNESS.fit (2025-12-22 08:48:00) [FileType.monitoring_b] with message types: [<MessageType.file_id: 0>, <MessageType.device_info: 23>, <MessageType.software: 35>, <UnknownMessageType.unknown_355: 355>, <MessageType.monitoring_info: 103>, <MessageType.unknown_24: 24>, <MessageType.monitoring: 55>, <UnknownMessageType.unknown_211: 211>, <MessageType.ohr_settings: 188>, <MessageType.event: 21>, <MessageType.stress_level: 227>, <MessageType.respiration: 297>, <MessageType.unknown_233: 233>]
INFO:root:skipping non-matching File(<FileType.sleep: 49> C:\Users\jheel\jheelHealthData\FitFiles\Monitoring/2025/392457639162_SLEEP_DATA.fit FileType.sleep [<MessageType.file_id: 0>, <MessageType.device_info: 23>, <MessageType.start: 273>, <MessageType.sleep_data: 274>, <MessageType.end: 276>, <MessageType.unknown_24: 24>] dev fields {})
INFO:root:Importing C:\Users\jheel\jheelHealthData\FitFiles\Monitoring/2025/392460145135_WELLNESS.fit (2025-12-22 08:50:00) [FileType.monitoring_b] with message types: [<MessageType.file_id: 0>, <MessageType.device_info: 23>, <MessageType.software: 35>, <UnknownMessageType.unknown_355: 355>, <MessageType.monitoring_info: 103>, <MessageType.unknown_24: 24>, <MessageType.monitoring: 55>, <UnknownMessageType.unknown_211: 211>, <MessageType.ohr_settings: 188>, <MessageType.event: 21>, <MessageType.unknown_233: 233>, <MessageType.stress_level: 227>, <MessageType.respiration: 297>]
INFO:root:skipping non-matching File(<FileType.sleep: 49> C:\Users\jheel\jheelHealthData\FitFiles\Monitoring/2025/392460146082_SLEEP_DATA.fit FileType.sleep [<MessageType.file_id: 0>, <MessageType.device_info: 23>, <MessageType.start: 273>, <MessageType.sleep_data: 274>, <MessageType.end: 276>, <MessageType.unknown_24: 24>] dev fields {})
INFO:root:Importing C:\Users\jheel\jheelHealthData\FitFiles\Monitoring/2025/392493941661_WELLNESS.fit (2025-12-22 08:59:00) [FileType.monitoring_b] with message types: [<MessageType.file_id: 0>, <MessageType.device_info: 23>, <MessageType.software: 35>, <UnknownMessageType.unknown_355: 355>, <MessageType.monitoring_info: 103>, <MessageType.unknown_24: 24>, <MessageType.monitoring: 55>, <UnknownMessageType.unknown_211: 211>, <MessageType.ohr_settings: 188>, <MessageType.event: 21>, <MessageType.stress_level: 227>, <MessageType.respiration: 297>, <MessageType.unknown_233: 233>]
INFO:root:skipping non-matching File(<FileType.metrics: 44> C:\Users\jheel\jheelHealthData\FitFiles\Monitoring/2025/392493942450_METRICS.fit FileType.metrics [<MessageType.file_id: 0>, <MessageType.file_creator: 49>, <MessageType.device_info: 23>, <MessageType.local_time: 241>, <MessageType.unknown_284: 284>, <UnknownMessageType.unknown_232: 232>, <UnknownMessageType.unknown_339: 339>, <UnknownMessageType.unknown_356: 356>] dev fields {})
INFO:root:skipping non-matching File(<FileType.sleep: 49> C:\Users\jheel\jheelHealthData\FitFiles\Monitoring/2025/392493945195_SLEEP_DATA.fit FileType.sleep [<MessageType.file_id: 0>, <MessageType.device_info: 23>, <MessageType.start: 273>, <MessageType.sleep_data: 274>, <MessageType.sleep_level: 275>, <MessageType.end: 276>, <MessageType.unknown_24: 24>] dev fields {})
INFO:root:Importing C:\Users\jheel\jheelHealthData\FitFiles\Monitoring/2025/392494399714_WELLNESS.fit (2025-12-22 11:21:00) [FileType.monitoring_b] with message types: [<MessageType.file_id: 0>, <MessageType.device_info: 23>, <MessageType.software: 35>, <UnknownMessageType.unknown_355: 355>, <MessageType.monitoring_info: 103>, <MessageType.unknown_24: 24>, <MessageType.monitoring: 55>, <UnknownMessageType.unknown_211: 211>, <MessageType.ohr_settings: 188>, <MessageType.event: 21>, <MessageType.stress_level: 227>, <MessageType.respiration: 297>, <MessageType.unknown_233: 233>]
INFO:root:skipping non-matching File(<FileType.sleep: 49> C:\Users\jheel\jheelHealthData\FitFiles\Monitoring/2025/392494400697_SLEEP_DATA.fit FileType.sleep [<MessageType.file_id: 0>, <MessageType.device_info: 23>, <MessageType.start: 273>, <MessageType.sleep_data: 274>, <MessageType.end: 276>, <MessageType.unknown_24: 24>] dev fields {})
INFO:root:Importing C:\Users\jheel\jheelHealthData\FitFiles\Monitoring/2025/392688077579_WELLNESS.fit (2025-12-22 11:24:00) [FileType.monitoring_b] with message types: [<MessageType.file_id: 0>, <MessageType.device_info: 23>, <MessageType.software: 35>, <UnknownMessageType.unknown_355: 355>, <MessageType.monitoring_info: 103>, <MessageType.unknown_24: 24>, <MessageType.monitoring: 55>, <UnknownMessageType.unknown_211: 211>, <MessageType.ohr_settings: 188>, <MessageType.event: 21>, <MessageType.unknown_233: 233>, <MessageType.stress_level: 227>, <MessageType.respiration: 297>]
INFO:root:Importing C:\Users\jheel\jheelHealthData\FitFiles\Monitoring/2025/392688081855_WELLNESS.fit (2025-12-22 22:35:00) [FileType.monitoring_b] with message types: [<MessageType.file_id: 0>, <MessageType.device_info: 23>, <MessageType.software: 35>, <UnknownMessageType.unknown_355: 355>, <MessageType.monitoring_info: 103>, <MessageType.unknown_24: 24>, <MessageType.monitoring: 55>, <UnknownMessageType.unknown_211: 211>, <MessageType.ohr_settings: 188>, <MessageType.event: 21>, <MessageType.unknown_233: 233>, <MessageType.stress_level: 227>, <MessageType.respiration: 297>, <MessageType.pulse_ox: 269>]
INFO:root:Importing C:\Users\jheel\jheelHealthData\FitFiles\Monitoring/2025/392688093596_WELLNESS.fit (2025-12-23 00:00:00) [FileType.monitoring_b] with message types: [<MessageType.file_id: 0>, <MessageType.device_info: 23>, <MessageType.software: 35>, <UnknownMessageType.unknown_355: 355>, <MessageType.monitoring_info: 103>, <MessageType.unknown_24: 24>, <MessageType.monitoring: 55>, <MessageType.ohr_settings: 188>, <MessageType.event: 21>, <MessageType.unknown_233: 233>, <MessageType.stress_level: 227>, <MessageType.respiration: 297>, <MessageType.pulse_ox: 269>, <UnknownMessageType.unknown_211: 211>]
INFO:root:skipping non-matching File(<FileType.metrics: 44> C:\Users\jheel\jheelHealthData\FitFiles\Monitoring/2025/392688094435_METRICS.fit FileType.metrics [<MessageType.file_id: 0>, <MessageType.file_creator: 49>, <MessageType.device_info: 23>, <MessageType.local_time: 241>, <MessageType.unknown_284: 284>, <UnknownMessageType.unknown_232: 232>, <UnknownMessageType.unknown_339: 339>, <UnknownMessageType.unknown_356: 356>] dev fields {})
INFO:root:skipping non-matching File(<FileType.metrics: 44> C:\Users\jheel\jheelHealthData\FitFiles\Monitoring/2025/392688095207_METRICS.fit FileType.metrics [<MessageType.file_id: 0>, <MessageType.file_creator: 49>, <MessageType.device_info: 23>, <MessageType.local_time: 241>, <MessageType.unknown_284: 284>, <UnknownMessageType.unknown_232: 232>, <UnknownMessageType.unknown_339: 339>, <UnknownMessageType.unknown_356: 356>] dev fields {})
INFO:root:skipping non-matching File(<FileType.metrics: 44> C:\Users\jheel\jheelHealthData\FitFiles\Monitoring/2025/392688096256_METRICS.fit FileType.metrics [<MessageType.file_id: 0>, <MessageType.file_creator: 49>, <MessageType.device_info: 23>, <MessageType.local_time: 241>, <UnknownMessageType.unknown_232: 232>, <UnknownMessageType.unknown_339: 339>, <UnknownMessageType.unknown_356: 356>] dev fields {})
INFO:root:skipping non-matching File(<FileType.metrics: 44> C:\Users\jheel\jheelHealthData\FitFiles\Monitoring/2025/392688097065_METRICS.fit FileType.metrics [<MessageType.file_id: 0>, <MessageType.file_creator: 49>, <MessageType.device_info: 23>, <MessageType.local_time: 241>, <UnknownMessageType.unknown_330: 330>, <MessageType.unknown_284: 284>] dev fields {})
INFO:root:skipping non-matching File(<FileType.metrics: 44> C:\Users\jheel\jheelHealthData\FitFiles\Monitoring/2025/392688097681_METRICS.fit FileType.metrics [<MessageType.file_id: 0>, <MessageType.file_creator: 49>, <MessageType.device_info: 23>, <MessageType.local_time: 241>, <MessageType.unknown_284: 284>, <UnknownMessageType.unknown_232: 232>, <UnknownMessageType.unknown_339: 339>, <UnknownMessageType.unknown_356: 356>] dev fields {})
INFO:root:skipping non-matching File(<FileType.sleep: 49> C:\Users\jheel\jheelHealthData\FitFiles\Monitoring/2025/392688115894_SLEEP_DATA.fit FileType.sleep [<MessageType.file_id: 0>, <MessageType.device_info: 23>, <MessageType.start: 273>, <MessageType.sleep_data: 274>, <MessageType.sleep_level: 275>, <MessageType.end: 276>, <MessageType.unknown_24: 24>] dev fields {})
INFO:root:skipping non-matching File(<FileType.sleep: 49> C:\Users\jheel\jheelHealthData\FitFiles\Monitoring/2025/392688119890_SLEEP_DATA.fit FileType.sleep [<MessageType.file_id: 0>, <MessageType.device_info: 23>, <MessageType.start: 273>, <MessageType.sleep_data: 274>, <MessageType.sleep_level: 275>, <MessageType.end: 276>, <MessageType.unknown_24: 24>] dev fields {})
INFO:root:skipping non-matching File(<FileType.sleep: 49> C:\Users\jheel\jheelHealthData\FitFiles\Monitoring/2025/392688132936_SLEEP_DATA.fit FileType.sleep [<MessageType.file_id: 0>, <MessageType.device_info: 23>, <MessageType.start: 273>, <MessageType.sleep_data: 274>, <MessageType.end: 276>, <MessageType.unknown_24: 24>] dev fields {})
INFO:root:Importing C:\Users\jheel\jheelHealthData\FitFiles\Monitoring/2025/392688488036_WELLNESS.fit (2025-12-23 06:29:00) [FileType.monitoring_b] with message types: [<MessageType.file_id: 0>, <MessageType.device_info: 23>, <MessageType.software: 35>, <UnknownMessageType.unknown_355: 355>, <MessageType.monitoring_info: 103>, <MessageType.unknown_24: 24>, <MessageType.monitoring: 55>, <UnknownMessageType.unknown_211: 211>, <MessageType.ohr_settings: 188>, <MessageType.event: 21>, <MessageType.stress_level: 227>, <MessageType.respiration: 297>, <MessageType.unknown_233: 233>]
INFO:root:skipping non-matching File(<FileType.sleep: 49> C:\Users\jheel\jheelHealthData\FitFiles\Monitoring/2025/392688488643_SLEEP_DATA.fit FileType.sleep [<MessageType.file_id: 0>, <MessageType.device_info: 23>, <MessageType.start: 273>, <MessageType.sleep_level: 275>, <MessageType.sleep_data: 274>, <MessageType.end: 276>, <MessageType.unknown_24: 24>] dev fields {})
INFO:root:Importing C:\Users\jheel\jheelHealthData\FitFiles\Monitoring/2025/392688759257_WELLNESS.fit (2025-12-23 06:33:00) [FileType.monitoring_b] with message types: [<MessageType.file_id: 0>, <MessageType.device_info: 23>, <MessageType.software: 35>, <UnknownMessageType.unknown_355: 355>, <MessageType.monitoring_info: 103>, <MessageType.unknown_24: 24>, <MessageType.monitoring: 55>, <UnknownMessageType.unknown_211: 211>, <MessageType.ohr_settings: 188>, <MessageType.event: 21>, <MessageType.stress_level: 227>, <MessageType.respiration: 297>, <MessageType.unknown_233: 233>]
INFO:root:skipping non-matching File(<FileType.sleep: 49> C:\Users\jheel\jheelHealthData\FitFiles\Monitoring/2025/392688759789_SLEEP_DATA.fit FileType.sleep [<MessageType.file_id: 0>, <MessageType.device_info: 23>, <MessageType.start: 273>, <MessageType.sleep_data: 274>, <MessageType.end: 276>, <MessageType.unknown_24: 24>] dev fields {})
INFO:root:Importing C:\Users\jheel\jheelHealthData\FitFiles\Monitoring/2025/392710689887_WELLNESS.fit (2025-12-23 06:35:00) [FileType.monitoring_b] with message types: [<MessageType.file_id: 0>, <MessageType.device_info: 23>, <MessageType.software: 35>, <UnknownMessageType.unknown_355: 355>, <MessageType.monitoring_info: 103>, <MessageType.unknown_24: 24>, <MessageType.monitoring: 55>, <UnknownMessageType.unknown_211: 211>, <MessageType.ohr_settings: 188>, <MessageType.event: 21>, <MessageType.stress_level: 227>, <MessageType.respiration: 297>, <MessageType.unknown_233: 233>]
INFO:root:skipping non-matching File(<FileType.sleep: 49> C:\Users\jheel\jheelHealthData\FitFiles\Monitoring/2025/392710693897_SLEEP_DATA.fit FileType.sleep [<MessageType.file_id: 0>, <MessageType.device_info: 23>, <MessageType.start: 273>, <MessageType.sleep_data: 274>, <MessageType.sleep_level: 275>, <MessageType.end: 276>, <MessageType.unknown_24: 24>] dev fields {})
INFO:root:Importing C:\Users\jheel\jheelHealthData\FitFiles\Monitoring/2025/392711861891_WELLNESS.fit (2025-12-23 08:19:00) [FileType.monitoring_b] with message types: [<MessageType.file_id: 0>, <MessageType.device_info: 23>, <MessageType.software: 35>, <UnknownMessageType.unknown_355: 355>, <MessageType.monitoring_info: 103>, <MessageType.unknown_24: 24>, <MessageType.monitoring: 55>, <UnknownMessageType.unknown_211: 211>, <MessageType.ohr_settings: 188>, <MessageType.event: 21>, <MessageType.stress_level: 227>, <MessageType.respiration: 297>, <MessageType.unknown_233: 233>]
INFO:root:skipping non-matching File(<FileType.sleep: 49> C:\Users\jheel\jheelHealthData\FitFiles\Monitoring/2025/392711863157_SLEEP_DATA.fit FileType.sleep [<MessageType.file_id: 0>, <MessageType.device_info: 23>, <MessageType.start: 273>, <MessageType.sleep_data: 274>, <MessageType.end: 276>, <MessageType.unknown_24: 24>] dev fields {})
INFO:root:Importing C:\Users\jheel\jheelHealthData\FitFiles\Monitoring/2025/392718857377_WELLNESS.fit (2025-12-23 08:23:00) [FileType.monitoring_b] with message types: [<MessageType.file_id: 0>, <MessageType.device_info: 23>, <MessageType.software: 35>, <UnknownMessageType.unknown_355: 355>, <MessageType.monitoring_info: 103>, <MessageType.unknown_24: 24>, <MessageType.monitoring: 55>, <UnknownMessageType.unknown_211: 211>, <MessageType.ohr_settings: 188>, <MessageType.event: 21>, <MessageType.stress_level: 227>, <MessageType.respiration: 297>, <MessageType.unknown_233: 233>]
INFO:root:skipping non-matching File(<FileType.metrics: 44> C:\Users\jheel\jheelHealthData\FitFiles\Monitoring/2025/392718858546_METRICS.fit FileType.metrics [<MessageType.file_id: 0>, <MessageType.file_creator: 49>, <MessageType.device_info: 23>, <MessageType.local_time: 241>, <UnknownMessageType.unknown_229: 229>, <MessageType.unknown_284: 284>, <UnknownMessageType.unknown_232: 232>, <UnknownMessageType.unknown_339: 339>, <UnknownMessageType.unknown_356: 356>] dev fields {})
INFO:root:skipping non-matching File(<FileType.sleep: 49> C:\Users\jheel\jheelHealthData\FitFiles\Monitoring/2025/392718859707_SLEEP_DATA.fit FileType.sleep [<MessageType.file_id: 0>, <MessageType.device_info: 23>, <MessageType.start: 273>, <MessageType.sleep_data: 274>, <MessageType.sleep_level: 275>, <MessageType.end: 276>, <MessageType.unknown_24: 24>] dev fields {})
INFO:root:Importing C:\Users\jheel\jheelHealthData\FitFiles\Monitoring/2025/392719531005_WELLNESS.fit (2025-12-23 08:48:00) [FileType.monitoring_b] with message types: [<MessageType.file_id: 0>, <MessageType.device_info: 23>, <MessageType.software: 35>, <UnknownMessageType.unknown_355: 355>, <MessageType.monitoring_info: 103>, <MessageType.unknown_24: 24>, <MessageType.monitoring: 55>, <UnknownMessageType.unknown_211: 211>, <MessageType.ohr_settings: 188>, <MessageType.event: 21>, <MessageType.unknown_233: 233>, <MessageType.stress_level: 227>, <MessageType.respiration: 297>]
INFO:root:skipping non-matching File(<FileType.sleep: 49> C:\Users\jheel\jheelHealthData\FitFiles\Monitoring/2025/392719532182_SLEEP_DATA.fit FileType.sleep [<MessageType.file_id: 0>, <MessageType.device_info: 23>, <MessageType.start: 273>, <MessageType.sleep_level: 275>, <MessageType.sleep_data: 274>, <MessageType.end: 276>, <MessageType.unknown_24: 24>] dev fields {})
INFO:root:Importing C:\Users\jheel\jheelHealthData\FitFiles\Monitoring/2025/392719862460_WELLNESS.fit (2025-12-23 08:51:00) [FileType.monitoring_b] with message types: [<MessageType.file_id: 0>, <MessageType.device_info: 23>, <MessageType.software: 35>, <UnknownMessageType.unknown_355: 355>, <MessageType.monitoring_info: 103>, <MessageType.unknown_24: 24>, <MessageType.monitoring: 55>, <UnknownMessageType.unknown_211: 211>, <MessageType.ohr_settings: 188>, <MessageType.event: 21>, <MessageType.unknown_233: 233>]
INFO:root:skipping non-matching File(<FileType.sleep: 49> C:\Users\jheel\jheelHealthData\FitFiles\Monitoring/2025/392719863616_SLEEP_DATA.fit FileType.sleep [<MessageType.file_id: 0>, <MessageType.device_info: 23>, <MessageType.start: 273>, <MessageType.sleep_data: 274>, <MessageType.end: 276>, <MessageType.unknown_24: 24>] dev fields {})
INFO:root:Importing C:\Users\jheel\jheelHealthData\FitFiles\Monitoring/2025/392720533414_WELLNESS.fit (2025-12-23 08:52:00) [FileType.monitoring_b] with message types: [<MessageType.file_id: 0>, <MessageType.device_info: 23>, <MessageType.software: 35>, <UnknownMessageType.unknown_355: 355>, <MessageType.monitoring_info: 103>, <MessageType.unknown_24: 24>, <MessageType.monitoring: 55>, <UnknownMessageType.unknown_211: 211>, <MessageType.ohr_settings: 188>, <MessageType.event: 21>, <MessageType.unknown_233: 233>, <MessageType.stress_level: 227>, <MessageType.respiration: 297>]
INFO:root:skipping non-matching File(<FileType.sleep: 49> C:\Users\jheel\jheelHealthData\FitFiles\Monitoring/2025/392720534891_SLEEP_DATA.fit FileType.sleep [<MessageType.file_id: 0>, <MessageType.device_info: 23>, <MessageType.start: 273>, <MessageType.sleep_level: 275>, <MessageType.end: 276>, <MessageType.unknown_24: 24>] dev fields {})
INFO:root:Importing C:\Users\jheel\jheelHealthData\FitFiles\Monitoring/2025/392726397095_WELLNESS.fit (2025-12-23 08:54:00) [FileType.monitoring_b] with message types: [<MessageType.file_id: 0>, <MessageType.device_info: 23>, <MessageType.software: 35>, <UnknownMessageType.unknown_355: 355>, <MessageType.monitoring_info: 103>, <MessageType.unknown_24: 24>, <MessageType.monitoring: 55>, <UnknownMessageType.unknown_211: 211>, <MessageType.ohr_settings: 188>, <MessageType.event: 21>, <MessageType.stress_level: 227>, <MessageType.respiration: 297>, <MessageType.unknown_233: 233>]
INFO:root:skipping non-matching File(<FileType.metrics: 44> C:\Users\jheel\jheelHealthData\FitFiles\Monitoring/2025/392726398497_METRICS.fit FileType.metrics [<MessageType.file_id: 0>, <MessageType.file_creator: 49>, <MessageType.device_info: 23>, <MessageType.local_time: 241>, <MessageType.unknown_284: 284>, <UnknownMessageType.unknown_232: 232>, <UnknownMessageType.unknown_339: 339>, <UnknownMessageType.unknown_356: 356>] dev fields {})
INFO:root:skipping non-matching File(<FileType.metrics: 44> C:\Users\jheel\jheelHealthData\FitFiles\Monitoring/2025/392726400063_METRICS.fit FileType.metrics [<MessageType.file_id: 0>, <MessageType.file_creator: 49>, <MessageType.device_info: 23>, <MessageType.local_time: 241>, <MessageType.unknown_284: 284>, <UnknownMessageType.unknown_232: 232>, <UnknownMessageType.unknown_339: 339>, <UnknownMessageType.unknown_356: 356>] dev fields {})
INFO:root:skipping non-matching File(<FileType.sleep: 49> C:\Users\jheel\jheelHealthData\FitFiles\Monitoring/2025/392726402502_SLEEP_DATA.fit FileType.sleep [<MessageType.file_id: 0>, <MessageType.device_info: 23>, <MessageType.start: 273>, <MessageType.sleep_data: 274>, <MessageType.end: 276>, <MessageType.unknown_24: 24>] dev fields {})
INFO:root:Importing C:\Users\jheel\jheelHealthData\FitFiles\Monitoring/2025/392948348313_WELLNESS.fit (2025-12-23 09:15:00) [FileType.monitoring_b] with message types: [<MessageType.file_id: 0>, <MessageType.device_info: 23>, <MessageType.software: 35>, <UnknownMessageType.unknown_355: 355>, <MessageType.monitoring_info: 103>, <MessageType.unknown_24: 24>, <MessageType.monitoring: 55>, <UnknownMessageType.unknown_211: 211>, <MessageType.ohr_settings: 188>, <MessageType.event: 21>, <MessageType.unknown_233: 233>, <MessageType.stress_level: 227>, <MessageType.respiration: 297>, <MessageType.pulse_ox: 269>]
INFO:root:Importing C:\Users\jheel\jheelHealthData\FitFiles\Monitoring/2025/392948356519_WELLNESS.fit (2025-12-24 00:00:00) [FileType.monitoring_b] with message types: [<MessageType.file_id: 0>, <MessageType.device_info: 23>, <MessageType.software: 35>, <UnknownMessageType.unknown_355: 355>, <MessageType.monitoring_info: 103>, <MessageType.unknown_24: 24>, <MessageType.monitoring: 55>, <MessageType.ohr_settings: 188>, <MessageType.event: 21>, <MessageType.unknown_233: 233>, <MessageType.stress_level: 227>, <MessageType.respiration: 297>, <MessageType.pulse_ox: 269>, <UnknownMessageType.unknown_211: 211>]
INFO:root:skipping non-matching File(<FileType.metrics: 44> C:\Users\jheel\jheelHealthData\FitFiles\Monitoring/2025/392948356947_METRICS.fit FileType.metrics [<MessageType.file_id: 0>, <MessageType.file_creator: 49>, <MessageType.device_info: 23>, <MessageType.local_time: 241>, <UnknownMessageType.unknown_232: 232>, <UnknownMessageType.unknown_339: 339>, <UnknownMessageType.unknown_356: 356>] dev fields {})
INFO:root:skipping non-matching File(<FileType.metrics: 44> C:\Users\jheel\jheelHealthData\FitFiles\Monitoring/2025/392948357353_METRICS.fit FileType.metrics [<MessageType.file_id: 0>, <MessageType.file_creator: 49>, <MessageType.device_info: 23>, <MessageType.local_time: 241>, <UnknownMessageType.unknown_330: 330>, <MessageType.unknown_284: 284>] dev fields {})
INFO:root:skipping non-matching File(<FileType.metrics: 44> C:\Users\jheel\jheelHealthData\FitFiles\Monitoring/2025/392948357999_METRICS.fit FileType.metrics [<MessageType.file_id: 0>, <MessageType.file_creator: 49>, <MessageType.device_info: 23>, <MessageType.local_time: 241>, <MessageType.unknown_284: 284>, <UnknownMessageType.unknown_232: 232>, <UnknownMessageType.unknown_339: 339>, <UnknownMessageType.unknown_356: 356>] dev fields {})
INFO:root:skipping non-matching File(<FileType.sleep: 49> C:\Users\jheel\jheelHealthData\FitFiles\Monitoring/2025/392948374936_SLEEP_DATA.fit FileType.sleep [<MessageType.file_id: 0>, <MessageType.device_info: 23>, <MessageType.start: 273>, <MessageType.sleep_data: 274>, <MessageType.sleep_level: 275>, <MessageType.end: 276>, <MessageType.unknown_24: 24>] dev fields {})
INFO:root:skipping non-matching File(<FileType.sleep: 49> C:\Users\jheel\jheelHealthData\FitFiles\Monitoring/2025/392948382623_SLEEP_DATA.fit FileType.sleep [<MessageType.file_id: 0>, <MessageType.device_info: 23>, <MessageType.start: 273>, <MessageType.sleep_data: 274>, <MessageType.sleep_level: 275>, <MessageType.end: 276>, <MessageType.unknown_24: 24>] dev fields {})
INFO:root:Importing C:\Users\jheel\jheelHealthData\FitFiles\Monitoring/2025/392948454689_WELLNESS.fit (2025-12-24 06:18:00) [FileType.monitoring_b] with message types: [<MessageType.file_id: 0>, <MessageType.device_info: 23>, <MessageType.software: 35>, <UnknownMessageType.unknown_355: 355>, <MessageType.monitoring_info: 103>, <MessageType.unknown_24: 24>, <MessageType.monitoring: 55>, <UnknownMessageType.unknown_211: 211>, <MessageType.ohr_settings: 188>, <MessageType.event: 21>, <MessageType.unknown_233: 233>]
INFO:root:skipping non-matching File(<FileType.sleep: 49> C:\Users\jheel\jheelHealthData\FitFiles\Monitoring/2025/392948455631_SLEEP_DATA.fit FileType.sleep [<MessageType.file_id: 0>, <MessageType.device_info: 23>, <MessageType.start: 273>, <MessageType.sleep_data: 274>, <MessageType.end: 276>, <MessageType.unknown_24: 24>] dev fields {})
INFO:root:Importing C:\Users\jheel\jheelHealthData\FitFiles\Monitoring/2025/392948944552_WELLNESS.fit (2025-12-24 06:19:00) [FileType.monitoring_b] with message types: [<MessageType.file_id: 0>, <MessageType.device_info: 23>, <MessageType.software: 35>, <UnknownMessageType.unknown_355: 355>, <MessageType.monitoring_info: 103>, <MessageType.unknown_24: 24>, <MessageType.monitoring: 55>, <UnknownMessageType.unknown_211: 211>, <MessageType.ohr_settings: 188>, <MessageType.event: 21>, <MessageType.stress_level: 227>, <MessageType.respiration: 297>, <MessageType.unknown_233: 233>]
INFO:root:skipping non-matching File(<FileType.metrics: 44> C:\Users\jheel\jheelHealthData\FitFiles\Monitoring/2025/392948945056_METRICS.fit FileType.metrics [<MessageType.file_id: 0>, <MessageType.file_creator: 49>, <MessageType.device_info: 23>, <MessageType.local_time: 241>, <MessageType.unknown_284: 284>, <UnknownMessageType.unknown_232: 232>, <UnknownMessageType.unknown_339: 339>, <UnknownMessageType.unknown_356: 356>] dev fields {})
INFO:root:skipping non-matching File(<FileType.sleep: 49> C:\Users\jheel\jheelHealthData\FitFiles\Monitoring/2025/392948945499_SLEEP_DATA.fit FileType.sleep [<MessageType.file_id: 0>, <MessageType.device_info: 23>, <MessageType.start: 273>, <MessageType.sleep_data: 274>, <MessageType.end: 276>, <MessageType.unknown_24: 24>] dev fields {})
INFO:root:Importing C:\Users\jheel\jheelHealthData\FitFiles\Monitoring/2025/392962701016_WELLNESS.fit (2025-12-24 06:24:00) [FileType.monitoring_b] with message types: [<MessageType.file_id: 0>, <MessageType.device_info: 23>, <MessageType.software: 35>, <UnknownMessageType.unknown_355: 355>, <MessageType.monitoring_info: 103>, <MessageType.unknown_24: 24>, <MessageType.monitoring: 55>, <UnknownMessageType.unknown_211: 211>, <MessageType.ohr_settings: 188>, <MessageType.event: 21>, <MessageType.stress_level: 227>, <MessageType.respiration: 297>, <MessageType.unknown_233: 233>]
INFO:root:skipping non-matching File(<FileType.sleep: 49> C:\Users\jheel\jheelHealthData\FitFiles\Monitoring/2025/392962704513_SLEEP_DATA.fit FileType.sleep [<MessageType.file_id: 0>, <MessageType.device_info: 23>, <MessageType.start: 273>, <MessageType.sleep_data: 274>, <MessageType.sleep_level: 275>, <MessageType.end: 276>, <MessageType.unknown_24: 24>] dev fields {})
INFO:root:Importing C:\Users\jheel\jheelHealthData\FitFiles\Monitoring/2025/392966016070_WELLNESS.fit (2025-12-24 07:54:00) [FileType.monitoring_b] with message types: [<MessageType.file_id: 0>, <MessageType.device_info: 23>, <MessageType.software: 35>, <UnknownMessageType.unknown_355: 355>, <MessageType.monitoring_info: 103>, <MessageType.unknown_24: 24>, <MessageType.monitoring: 55>, <UnknownMessageType.unknown_211: 211>, <MessageType.ohr_settings: 188>, <MessageType.event: 21>, <MessageType.stress_level: 227>, <MessageType.respiration: 297>, <MessageType.unknown_233: 233>]
INFO:root:skipping non-matching File(<FileType.sleep: 49> C:\Users\jheel\jheelHealthData\FitFiles\Monitoring/2025/392966017293_SLEEP_DATA.fit FileType.sleep [<MessageType.file_id: 0>, <MessageType.device_info: 23>, <MessageType.start: 273>, <MessageType.sleep_data: 274>, <MessageType.sleep_level: 275>, <MessageType.end: 276>, <MessageType.unknown_24: 24>] dev fields {})
INFO:root:Importing C:\Users\jheel\jheelHealthData\FitFiles\Monitoring/2025/393072577892_WELLNESS.fit (2025-12-24 08:09:00) [FileType.monitoring_b] with message types: [<MessageType.file_id: 0>, <MessageType.device_info: 23>, <MessageType.software: 35>, <UnknownMessageType.unknown_355: 355>, <MessageType.monitoring_info: 103>, <MessageType.unknown_24: 24>, <MessageType.monitoring: 55>, <UnknownMessageType.unknown_211: 211>, <MessageType.ohr_settings: 188>, <MessageType.event: 21>, <MessageType.unknown_233: 233>, <MessageType.stress_level: 227>, <MessageType.respiration: 297>]
INFO:root:skipping non-matching File(<FileType.sleep: 49> C:\Users\jheel\jheelHealthData\FitFiles\Monitoring/2025/393072592058_SLEEP_DATA.fit FileType.sleep [<MessageType.file_id: 0>, <MessageType.device_info: 23>, <MessageType.start: 273>, <MessageType.sleep_data: 274>, <MessageType.sleep_level: 275>, <MessageType.end: 276>, <MessageType.unknown_24: 24>] dev fields {})
INFO:root:Importing C:\Users\jheel\jheelHealthData\FitFiles\Monitoring/2025/393147454509_WELLNESS.fit (2025-12-24 16:09:00) [FileType.monitoring_b] with message types: [<MessageType.file_id: 0>, <MessageType.device_info: 23>, <MessageType.software: 35>, <UnknownMessageType.unknown_355: 355>, <MessageType.monitoring_info: 103>, <MessageType.unknown_24: 24>, <MessageType.monitoring: 55>, <UnknownMessageType.unknown_211: 211>, <MessageType.ohr_settings: 188>, <MessageType.event: 21>, <MessageType.stress_level: 227>, <MessageType.respiration: 297>, <MessageType.unknown_233: 233>]
INFO:root:Importing C:\Users\jheel\jheelHealthData\FitFiles\Monitoring/2025/393147455384_WELLNESS.fit (2025-12-25 00:00:00) [FileType.monitoring_b] with message types: [<MessageType.file_id: 0>, <MessageType.device_info: 23>, <MessageType.software: 35>, <UnknownMessageType.unknown_355: 355>, <MessageType.monitoring_info: 103>, <MessageType.unknown_24: 24>, <MessageType.monitoring: 55>, <MessageType.ohr_settings: 188>, <MessageType.event: 21>, <MessageType.unknown_233: 233>, <MessageType.stress_level: 227>, <MessageType.respiration: 297>, <MessageType.pulse_ox: 269>, <UnknownMessageType.unknown_211: 211>]
INFO:root:skipping non-matching File(<FileType.metrics: 44> C:\Users\jheel\jheelHealthData\FitFiles\Monitoring/2025/393147456013_METRICS.fit FileType.metrics [<MessageType.file_id: 0>, <MessageType.file_creator: 49>, <MessageType.device_info: 23>, <MessageType.local_time: 241>, <UnknownMessageType.unknown_232: 232>, <UnknownMessageType.unknown_339: 339>, <UnknownMessageType.unknown_356: 356>] dev fields {})
INFO:root:skipping non-matching File(<FileType.sleep: 49> C:\Users\jheel\jheelHealthData\FitFiles\Monitoring/2025/393147466441_SLEEP_DATA.fit FileType.sleep [<MessageType.file_id: 0>, <MessageType.device_info: 23>, <MessageType.start: 273>, <MessageType.sleep_data: 274>, <MessageType.sleep_level: 275>, <MessageType.end: 276>, <MessageType.unknown_24: 24>] dev fields {})
INFO:root:skipping non-matching File(<FileType.sleep: 49> C:\Users\jheel\jheelHealthData\FitFiles\Monitoring/2025/393147467086_SLEEP_DATA.fit FileType.sleep [<MessageType.file_id: 0>, <MessageType.device_info: 23>, <MessageType.start: 273>, <MessageType.sleep_level: 275>, <MessageType.sleep_data: 274>, <MessageType.end: 276>, <MessageType.unknown_24: 24>] dev fields {})
INFO:root:Importing C:\Users\jheel\jheelHealthData\FitFiles\Monitoring/2025/393215776609_WELLNESS.fit (2025-12-25 00:10:00) [FileType.monitoring_b] with message types: [<MessageType.file_id: 0>, <MessageType.device_info: 23>, <MessageType.software: 35>, <UnknownMessageType.unknown_355: 355>, <MessageType.monitoring_info: 103>, <MessageType.unknown_24: 24>, <MessageType.monitoring: 55>, <UnknownMessageType.unknown_211: 211>, <MessageType.ohr_settings: 188>, <MessageType.event: 21>, <MessageType.unknown_233: 233>, <MessageType.stress_level: 227>, <MessageType.respiration: 297>, <MessageType.pulse_ox: 269>]
INFO:root:skipping non-matching File(<FileType.metrics: 44> C:\Users\jheel\jheelHealthData\FitFiles\Monitoring/2025/393215777304_METRICS.fit FileType.metrics [<MessageType.file_id: 0>, <MessageType.file_creator: 49>, <MessageType.device_info: 23>, <MessageType.local_time: 241>, <UnknownMessageType.unknown_330: 330>, <MessageType.unknown_284: 284>] dev fields {})
INFO:root:skipping non-matching File(<FileType.metrics: 44> C:\Users\jheel\jheelHealthData\FitFiles\Monitoring/2025/393215778135_METRICS.fit FileType.metrics [<MessageType.file_id: 0>, <MessageType.file_creator: 49>, <MessageType.device_info: 23>, <MessageType.local_time: 241>, <MessageType.unknown_284: 284>, <UnknownMessageType.unknown_232: 232>, <UnknownMessageType.unknown_339: 339>, <UnknownMessageType.unknown_356: 356>] dev fields {})
INFO:root:skipping non-matching File(<FileType.sleep: 49> C:\Users\jheel\jheelHealthData\FitFiles\Monitoring/2025/393215790049_SLEEP_DATA.fit FileType.sleep [<MessageType.file_id: 0>, <MessageType.device_info: 23>, <MessageType.start: 273>, <MessageType.sleep_data: 274>, <MessageType.sleep_level: 275>, <MessageType.end: 276>, <MessageType.unknown_24: 24>] dev fields {})
INFO:root:Importing C:\Users\jheel\jheelHealthData\FitFiles\Monitoring/2025/393216468296_WELLNESS.fit (2025-12-25 07:44:00) [FileType.monitoring_b] with message types: [<MessageType.file_id: 0>, <MessageType.device_info: 23>, <MessageType.software: 35>, <UnknownMessageType.unknown_355: 355>, <MessageType.monitoring_info: 103>, <MessageType.unknown_24: 24>, <MessageType.monitoring: 55>, <UnknownMessageType.unknown_211: 211>, <MessageType.ohr_settings: 188>, <MessageType.event: 21>, <MessageType.unknown_233: 233>, <MessageType.stress_level: 227>, <MessageType.respiration: 297>]
INFO:root:skipping non-matching File(<FileType.sleep: 49> C:\Users\jheel\jheelHealthData\FitFiles\Monitoring/2025/393216468857_SLEEP_DATA.fit FileType.sleep [<MessageType.file_id: 0>, <MessageType.device_info: 23>, <MessageType.start: 273>, <MessageType.sleep_data: 274>, <MessageType.end: 276>, <MessageType.unknown_24: 24>] dev fields {})
INFO:root:Importing C:\Users\jheel\jheelHealthData\FitFiles\Monitoring/2025/393318992875_WELLNESS.fit (2025-12-25 07:48:00) [FileType.monitoring_b] with message types: [<MessageType.file_id: 0>, <MessageType.device_info: 23>, <MessageType.software: 35>, <UnknownMessageType.unknown_355: 355>, <MessageType.monitoring_info: 103>, <MessageType.unknown_24: 24>, <MessageType.monitoring: 55>, <UnknownMessageType.unknown_211: 211>, <MessageType.ohr_settings: 188>, <MessageType.event: 21>, <MessageType.stress_level: 227>, <MessageType.respiration: 297>, <MessageType.unknown_233: 233>]
INFO:root:skipping non-matching File(<FileType.sleep: 49> C:\Users\jheel\jheelHealthData\FitFiles\Monitoring/2025/393319004818_SLEEP_DATA.fit FileType.sleep [<MessageType.file_id: 0>, <MessageType.device_info: 23>, <MessageType.start: 273>, <MessageType.sleep_data: 274>, <MessageType.sleep_level: 275>, <MessageType.end: 276>, <MessageType.unknown_24: 24>] dev fields {})
INFO:root:Importing C:\Users\jheel\jheelHealthData\FitFiles\Monitoring/2025/393387704616_WELLNESS.fit (2025-12-25 15:48:00) [FileType.monitoring_b] with message types: [<MessageType.file_id: 0>, <MessageType.device_info: 23>, <MessageType.software: 35>, <UnknownMessageType.unknown_355: 355>, <MessageType.monitoring_info: 103>, <MessageType.unknown_24: 24>, <MessageType.monitoring: 55>, <UnknownMessageType.unknown_211: 211>, <MessageType.ohr_settings: 188>, <MessageType.event: 21>, <MessageType.stress_level: 227>, <MessageType.respiration: 297>, <MessageType.unknown_233: 233>, <MessageType.pulse_ox: 269>]
INFO:root:skipping non-matching File(<FileType.sleep: 49> C:\Users\jheel\jheelHealthData\FitFiles\Monitoring/2025/393387713431_SLEEP_DATA.fit FileType.sleep [<MessageType.file_id: 0>, <MessageType.device_info: 23>, <MessageType.start: 273>, <MessageType.sleep_data: 274>, <MessageType.sleep_level: 275>, <MessageType.end: 276>, <MessageType.unknown_24: 24>] dev fields {})
INFO:root:Importing C:\Users\jheel\jheelHealthData\FitFiles\Monitoring/2025/393431391405_WELLNESS.fit (2025-12-25 22:56:00) [FileType.monitoring_b] with message types: [<MessageType.file_id: 0>, <MessageType.device_info: 23>, <MessageType.software: 35>, <UnknownMessageType.unknown_355: 355>, <MessageType.monitoring_info: 103>, <MessageType.unknown_24: 24>, <MessageType.monitoring: 55>, <UnknownMessageType.unknown_211: 211>, <MessageType.ohr_settings: 188>, <MessageType.event: 21>, <MessageType.stress_level: 227>, <MessageType.respiration: 297>, <MessageType.unknown_233: 233>, <MessageType.pulse_ox: 269>]
INFO:root:skipping non-matching File(<FileType.sleep: 49> C:\Users\jheel\jheelHealthData\FitFiles\Monitoring/2025/393431399060_SLEEP_DATA.fit FileType.sleep [<MessageType.file_id: 0>, <MessageType.device_info: 23>, <MessageType.start: 273>, <MessageType.sleep_data: 274>, <MessageType.sleep_level: 275>, <MessageType.end: 276>, <MessageType.unknown_24: 24>] dev fields {})
INFO:C:\Users\jheel\AppData\Roaming\Python\Python313\site-packages\garmindb\import_monitoring.py:Processing sleep data
INFO:C:\Python313\Lib\site-packages\idbutils\file_processor.py:Reading directory: C:\Users\jheel\jheelHealthData\Sleep looking for files matching sleep_\d{4}-\d{2}-\d{2}\.json and created after 2025-12-25 11:09:05.396450
INFO:root:Found 3 json files for sleep_\d{4}-\d{2}-\d{2}\.json in C:\Users\jheel\jheelHealthData\Sleep
INFO:root:Processing 3 json files
INFO:root:Importing 2025-12-23 with REM data and UTC offset 7200.0
WARNING:root:Could not get sleep score for 2025-12-23
INFO:root:Sleep event datetime.datetime(2025, 12, 22, 23, 1) (datetime.datetime(2025, 12, 22, 21, 1)) <RemSleepActivityLevels.light_sleep: 1.0>
INFO:root:Sleep event datetime.datetime(2025, 12, 22, 23, 20) (datetime.datetime(2025, 12, 22, 21, 20)) <RemSleepActivityLevels.deep_sleep: 0.0>
INFO:root:Sleep event datetime.datetime(2025, 12, 23, 0, 12) (datetime.datetime(2025, 12, 22, 22, 12)) <RemSleepActivityLevels.light_sleep: 1.0>
INFO:root:Sleep event datetime.datetime(2025, 12, 23, 0, 32) (datetime.datetime(2025, 12, 22, 22, 32)) <RemSleepActivityLevels.rem_sleep: 2.0>
INFO:root:Sleep event datetime.datetime(2025, 12, 23, 1, 0) (datetime.datetime(2025, 12, 22, 23, 0)) <RemSleepActivityLevels.light_sleep: 1.0>
INFO:root:Sleep event datetime.datetime(2025, 12, 23, 1, 15) (datetime.datetime(2025, 12, 22, 23, 15)) <RemSleepActivityLevels.deep_sleep: 0.0>
INFO:root:Sleep event datetime.datetime(2025, 12, 23, 1, 42) (datetime.datetime(2025, 12, 22, 23, 42)) <RemSleepActivityLevels.light_sleep: 1.0>
INFO:root:Sleep event datetime.datetime(2025, 12, 23, 1, 55) (datetime.datetime(2025, 12, 22, 23, 55)) <RemSleepActivityLevels.deep_sleep: 0.0>
INFO:root:Sleep event datetime.datetime(2025, 12, 23, 2, 11) (datetime.datetime(2025, 12, 23, 0, 11)) <RemSleepActivityLevels.light_sleep: 1.0>
INFO:root:Sleep event datetime.datetime(2025, 12, 23, 2, 20) (datetime.datetime(2025, 12, 23, 0, 20)) <RemSleepActivityLevels.rem_sleep: 2.0>
INFO:root:Sleep event datetime.datetime(2025, 12, 23, 2, 29) (datetime.datetime(2025, 12, 23, 0, 29)) <RemSleepActivityLevels.light_sleep: 1.0>
INFO:root:Sleep event datetime.datetime(2025, 12, 23, 2, 35) (datetime.datetime(2025, 12, 23, 0, 35)) <RemSleepActivityLevels.rem_sleep: 2.0>
INFO:root:Sleep event datetime.datetime(2025, 12, 23, 2, 45) (datetime.datetime(2025, 12, 23, 0, 45)) <RemSleepActivityLevels.light_sleep: 1.0>
INFO:root:Sleep event datetime.datetime(2025, 12, 23, 4, 9) (datetime.datetime(2025, 12, 23, 2, 9)) <RemSleepActivityLevels.deep_sleep: 0.0>
INFO:root:Sleep event datetime.datetime(2025, 12, 23, 4, 15) (datetime.datetime(2025, 12, 23, 2, 15)) <RemSleepActivityLevels.light_sleep: 1.0>
INFO:root:Sleep event datetime.datetime(2025, 12, 23, 4, 57) (datetime.datetime(2025, 12, 23, 2, 57)) <RemSleepActivityLevels.rem_sleep: 2.0>
INFO:root:Sleep event datetime.datetime(2025, 12, 23, 4, 58) (datetime.datetime(2025, 12, 23, 2, 58)) <RemSleepActivityLevels.light_sleep: 1.0>
INFO:root:Sleep event datetime.datetime(2025, 12, 23, 4, 59) (datetime.datetime(2025, 12, 23, 2, 59)) <RemSleepActivityLevels.rem_sleep: 2.0>
INFO:root:Sleep event datetime.datetime(2025, 12, 23, 5, 4) (datetime.datetime(2025, 12, 23, 3, 4)) <RemSleepActivityLevels.light_sleep: 1.0>
INFO:root:Sleep event datetime.datetime(2025, 12, 23, 5, 11) (datetime.datetime(2025, 12, 23, 3, 11)) <RemSleepActivityLevels.rem_sleep: 2.0>
INFO:root:Sleep event datetime.datetime(2025, 12, 23, 5, 20) (datetime.datetime(2025, 12, 23, 3, 20)) <RemSleepActivityLevels.light_sleep: 1.0>
INFO:root:Sleep event datetime.datetime(2025, 12, 23, 5, 25) (datetime.datetime(2025, 12, 23, 3, 25)) <RemSleepActivityLevels.rem_sleep: 2.0>
INFO:root:Sleep event datetime.datetime(2025, 12, 23, 5, 28) (datetime.datetime(2025, 12, 23, 3, 28)) <RemSleepActivityLevels.light_sleep: 1.0>
INFO:root:DB updated with 23 entries from C:\Users\jheel\jheelHealthData\Sleep/sleep_2025-12-23.json
INFO:root:Importing 2025-12-24 with REM data and UTC offset 7200.0
WARNING:root:Could not get sleep score for 2025-12-24
INFO:root:Sleep event datetime.datetime(2025, 12, 23, 23, 54) (datetime.datetime(2025, 12, 23, 21, 54)) <RemSleepActivityLevels.light_sleep: 1.0>
INFO:root:Sleep event datetime.datetime(2025, 12, 24, 0, 3) (datetime.datetime(2025, 12, 23, 22, 3)) <RemSleepActivityLevels.deep_sleep: 0.0>
INFO:root:Sleep event datetime.datetime(2025, 12, 24, 1, 13) (datetime.datetime(2025, 12, 23, 23, 13)) <RemSleepActivityLevels.light_sleep: 1.0>
INFO:root:Sleep event datetime.datetime(2025, 12, 24, 1, 17) (datetime.datetime(2025, 12, 23, 23, 17)) <RemSleepActivityLevels.rem_sleep: 2.0>
INFO:root:Sleep event datetime.datetime(2025, 12, 24, 1, 43) (datetime.datetime(2025, 12, 23, 23, 43)) <RemSleepActivityLevels.light_sleep: 1.0>
INFO:root:Sleep event datetime.datetime(2025, 12, 24, 1, 58) (datetime.datetime(2025, 12, 23, 23, 58)) <RemSleepActivityLevels.deep_sleep: 0.0>
INFO:root:Sleep event datetime.datetime(2025, 12, 24, 1, 59) (datetime.datetime(2025, 12, 23, 23, 59)) <RemSleepActivityLevels.light_sleep: 1.0>
INFO:root:Sleep event datetime.datetime(2025, 12, 24, 2, 0) (datetime.datetime(2025, 12, 24, 0, 0)) <RemSleepActivityLevels.deep_sleep: 0.0>
INFO:root:Sleep event datetime.datetime(2025, 12, 24, 2, 30) (datetime.datetime(2025, 12, 24, 0, 30)) <RemSleepActivityLevels.light_sleep: 1.0>
INFO:root:Sleep event datetime.datetime(2025, 12, 24, 3, 7) (datetime.datetime(2025, 12, 24, 1, 7)) <RemSleepActivityLevels.rem_sleep: 2.0>
INFO:root:Sleep event datetime.datetime(2025, 12, 24, 3, 23) (datetime.datetime(2025, 12, 24, 1, 23)) <RemSleepActivityLevels.light_sleep: 1.0>
INFO:root:Sleep event datetime.datetime(2025, 12, 24, 3, 44) (datetime.datetime(2025, 12, 24, 1, 44)) <RemSleepActivityLevels.deep_sleep: 0.0>
INFO:root:Sleep event datetime.datetime(2025, 12, 24, 3, 58) (datetime.datetime(2025, 12, 24, 1, 58)) <RemSleepActivityLevels.light_sleep: 1.0>
INFO:root:Sleep event datetime.datetime(2025, 12, 24, 4, 32) (datetime.datetime(2025, 12, 24, 2, 32)) <RemSleepActivityLevels.rem_sleep: 2.0>
INFO:root:Sleep event datetime.datetime(2025, 12, 24, 5, 2) (datetime.datetime(2025, 12, 24, 3, 2)) <RemSleepActivityLevels.awake: 3.0>
INFO:root:Sleep event datetime.datetime(2025, 12, 24, 5, 3) (datetime.datetime(2025, 12, 24, 3, 3)) <RemSleepActivityLevels.rem_sleep: 2.0>
INFO:root:Sleep event datetime.datetime(2025, 12, 24, 5, 4) (datetime.datetime(2025, 12, 24, 3, 4)) <RemSleepActivityLevels.awake: 3.0>
INFO:root:Sleep event datetime.datetime(2025, 12, 24, 5, 7) (datetime.datetime(2025, 12, 24, 3, 7)) <RemSleepActivityLevels.rem_sleep: 2.0>
INFO:root:Sleep event datetime.datetime(2025, 12, 24, 5, 8) (datetime.datetime(2025, 12, 24, 3, 8)) <RemSleepActivityLevels.awake: 3.0>
INFO:root:Sleep event datetime.datetime(2025, 12, 24, 5, 9) (datetime.datetime(2025, 12, 24, 3, 9)) <RemSleepActivityLevels.rem_sleep: 2.0>
INFO:root:Sleep event datetime.datetime(2025, 12, 24, 5, 10) (datetime.datetime(2025, 12, 24, 3, 10)) <RemSleepActivityLevels.awake: 3.0>
INFO:root:Sleep event datetime.datetime(2025, 12, 24, 5, 21) (datetime.datetime(2025, 12, 24, 3, 21)) <RemSleepActivityLevels.light_sleep: 1.0>
INFO:root:Sleep event datetime.datetime(2025, 12, 24, 6, 3) (datetime.datetime(2025, 12, 24, 4, 3)) <RemSleepActivityLevels.rem_sleep: 2.0>
INFO:root:Sleep event datetime.datetime(2025, 12, 24, 6, 30) (datetime.datetime(2025, 12, 24, 4, 30)) <RemSleepActivityLevels.awake: 3.0>
INFO:root:Sleep event datetime.datetime(2025, 12, 24, 6, 31) (datetime.datetime(2025, 12, 24, 4, 31)) <RemSleepActivityLevels.light_sleep: 1.0>
INFO:root:Sleep event datetime.datetime(2025, 12, 24, 7, 32) (datetime.datetime(2025, 12, 24, 5, 32)) <RemSleepActivityLevels.rem_sleep: 2.0>
INFO:root:Sleep event datetime.datetime(2025, 12, 24, 7, 34) (datetime.datetime(2025, 12, 24, 5, 34)) <RemSleepActivityLevels.light_sleep: 1.0>
INFO:root:Sleep event datetime.datetime(2025, 12, 24, 7, 35) (datetime.datetime(2025, 12, 24, 5, 35)) <RemSleepActivityLevels.rem_sleep: 2.0>
INFO:root:Sleep event datetime.datetime(2025, 12, 24, 7, 36) (datetime.datetime(2025, 12, 24, 5, 36)) <RemSleepActivityLevels.light_sleep: 1.0>
INFO:root:Sleep event datetime.datetime(2025, 12, 24, 7, 45) (datetime.datetime(2025, 12, 24, 5, 45)) <RemSleepActivityLevels.rem_sleep: 2.0>
INFO:root:DB updated with 30 entries from C:\Users\jheel\jheelHealthData\Sleep/sleep_2025-12-24.json
INFO:root:Importing 2025-12-25 with REM data and UTC offset 7200.0
WARNING:root:Could not get sleep score for 2025-12-25
INFO:root:Sleep event datetime.datetime(2025, 12, 25, 0, 44) (datetime.datetime(2025, 12, 24, 22, 44)) <RemSleepActivityLevels.light_sleep: 1.0>
INFO:root:Sleep event datetime.datetime(2025, 12, 25, 1, 22) (datetime.datetime(2025, 12, 24, 23, 22)) <RemSleepActivityLevels.rem_sleep: 2.0>
INFO:root:Sleep event datetime.datetime(2025, 12, 25, 1, 23) (datetime.datetime(2025, 12, 24, 23, 23)) <RemSleepActivityLevels.light_sleep: 1.0>
INFO:root:Sleep event datetime.datetime(2025, 12, 25, 1, 44) (datetime.datetime(2025, 12, 24, 23, 44)) <RemSleepActivityLevels.deep_sleep: 0.0>
INFO:root:Sleep event datetime.datetime(2025, 12, 25, 2, 29) (datetime.datetime(2025, 12, 25, 0, 29)) <RemSleepActivityLevels.light_sleep: 1.0>
INFO:root:Sleep event datetime.datetime(2025, 12, 25, 3, 8) (datetime.datetime(2025, 12, 25, 1, 8)) <RemSleepActivityLevels.deep_sleep: 0.0>
INFO:root:Sleep event datetime.datetime(2025, 12, 25, 3, 30) (datetime.datetime(2025, 12, 25, 1, 30)) <RemSleepActivityLevels.light_sleep: 1.0>
INFO:root:Sleep event datetime.datetime(2025, 12, 25, 3, 51) (datetime.datetime(2025, 12, 25, 1, 51)) <RemSleepActivityLevels.deep_sleep: 0.0>
INFO:root:Sleep event datetime.datetime(2025, 12, 25, 3, 55) (datetime.datetime(2025, 12, 25, 1, 55)) <RemSleepActivityLevels.light_sleep: 1.0>
INFO:root:Sleep event datetime.datetime(2025, 12, 25, 3, 59) (datetime.datetime(2025, 12, 25, 1, 59)) <RemSleepActivityLevels.rem_sleep: 2.0>
INFO:root:Sleep event datetime.datetime(2025, 12, 25, 4, 16) (datetime.datetime(2025, 12, 25, 2, 16)) <RemSleepActivityLevels.light_sleep: 1.0>
INFO:root:Sleep event datetime.datetime(2025, 12, 25, 4, 35) (datetime.datetime(2025, 12, 25, 2, 35)) <RemSleepActivityLevels.deep_sleep: 0.0>
INFO:root:Sleep event datetime.datetime(2025, 12, 25, 4, 47) (datetime.datetime(2025, 12, 25, 2, 47)) <RemSleepActivityLevels.light_sleep: 1.0>
INFO:root:Sleep event datetime.datetime(2025, 12, 25, 5, 10) (datetime.datetime(2025, 12, 25, 3, 10)) <RemSleepActivityLevels.rem_sleep: 2.0>
INFO:root:Sleep event datetime.datetime(2025, 12, 25, 5, 11) (datetime.datetime(2025, 12, 25, 3, 11)) <RemSleepActivityLevels.light_sleep: 1.0>
INFO:root:Sleep event datetime.datetime(2025, 12, 25, 5, 12) (datetime.datetime(2025, 12, 25, 3, 12)) <RemSleepActivityLevels.rem_sleep: 2.0>
INFO:root:Sleep event datetime.datetime(2025, 12, 25, 5, 26) (datetime.datetime(2025, 12, 25, 3, 26)) <RemSleepActivityLevels.light_sleep: 1.0>
INFO:root:Sleep event datetime.datetime(2025, 12, 25, 5, 27) (datetime.datetime(2025, 12, 25, 3, 27)) <RemSleepActivityLevels.rem_sleep: 2.0>
INFO:root:Sleep event datetime.datetime(2025, 12, 25, 5, 29) (datetime.datetime(2025, 12, 25, 3, 29)) <RemSleepActivityLevels.light_sleep: 1.0>
INFO:root:Sleep event datetime.datetime(2025, 12, 25, 5, 39) (datetime.datetime(2025, 12, 25, 3, 39)) <RemSleepActivityLevels.rem_sleep: 2.0>
INFO:root:Sleep event datetime.datetime(2025, 12, 25, 5, 53) (datetime.datetime(2025, 12, 25, 3, 53)) <RemSleepActivityLevels.light_sleep: 1.0>
INFO:root:Sleep event datetime.datetime(2025, 12, 25, 6, 48) (datetime.datetime(2025, 12, 25, 4, 48)) <RemSleepActivityLevels.rem_sleep: 2.0>
INFO:root:Sleep event datetime.datetime(2025, 12, 25, 7, 45) (datetime.datetime(2025, 12, 25, 5, 45)) <RemSleepActivityLevels.awake: 3.0>
INFO:root:Sleep event datetime.datetime(2025, 12, 25, 7, 48) (datetime.datetime(2025, 12, 25, 5, 48)) <RemSleepActivityLevels.light_sleep: 1.0>
INFO:root:Sleep event datetime.datetime(2025, 12, 25, 8, 29) (datetime.datetime(2025, 12, 25, 6, 29)) <RemSleepActivityLevels.rem_sleep: 2.0>
INFO:root:Sleep event datetime.datetime(2025, 12, 25, 8, 32) (datetime.datetime(2025, 12, 25, 6, 32)) <RemSleepActivityLevels.light_sleep: 1.0>
INFO:root:DB updated with 26 entries from C:\Users\jheel\jheelHealthData\Sleep/sleep_2025-12-25.json
INFO:root:DB updated with 79 entries from 3 files.
INFO:C:\Users\jheel\AppData\Roaming\Python\Python313\site-packages\garmindb\import_monitoring.py:Processing rhr data
INFO:C:\Python313\Lib\site-packages\idbutils\file_processor.py:Reading directory: C:\Users\jheel\jheelHealthData\RHR looking for files matching rhr_\d{4}-\d{2}-\d{2}\.json and created after 2025-12-25 11:09:10.562938
INFO:root:Found 3 json files for rhr_\d{4}-\d{2}-\d{2}\.json in C:\Users\jheel\jheelHealthData\RHR
INFO:root:Processing 3 json files
INFO:root:DB updated with 1 entries from C:\Users\jheel\jheelHealthData\RHR/rhr_2025-12-23.json
INFO:root:DB updated with 1 entries from C:\Users\jheel\jheelHealthData\RHR/rhr_2025-12-24.json
INFO:root:DB updated with 1 entries from C:\Users\jheel\jheelHealthData\RHR/rhr_2025-12-25.json
INFO:root:DB updated with 3 entries from 3 files.
INFO:C:\Users\jheel\AppData\Roaming\Python\Python313\site-packages\garmindb\garmin_tcx_data.py:Processing activities tcx data
INFO:C:\Python313\Lib\site-packages\idbutils\file_processor.py:Reading directory: C:\Users\jheel\jheelHealthData\FitFiles\Activities looking for files matching .*\.tcx and created after 2025-12-25 11:09:11.450233
INFO:C:\Users\jheel\AppData\Roaming\Python\Python313\site-packages\garmindb\garmin_json_data.py:Processing latest activities summary data from C:\Users\jheel\jheelHealthData\FitFiles\Activities
INFO:C:\Python313\Lib\site-packages\idbutils\file_processor.py:Reading directory: C:\Users\jheel\jheelHealthData\FitFiles\Activities looking for files matching activity_\d*\.json and created after 2025-12-25 11:09:13.849068
INFO:root:Found 7 json files for activity_\d*\.json in C:\Users\jheel\jheelHealthData\FitFiles\Activities
INFO:idbutils.db_object:Found time_col_name start_time for table Activities
INFO:idbutils.db_object:Found time_col_name start_time for table ActivityLaps
INFO:idbutils.db_object:Found time_col_name start_time for table ActivitySplits
INFO:idbutils.db_object:Found time_col_name timestamp for table ActivityRecords
INFO:idbutils.db_object:Found time_col_name avg_pace for table StepsActivities
INFO:root:Processing 7 json files
WARNING:root:No handler _process_other from 21336765129 GarminJsonSummaryData
INFO:root:DB updated with 1 entries from C:\Users\jheel\jheelHealthData\FitFiles\Activities/activity_21336765129.json
WARNING:root:No handler _process_other from 21336778316 GarminJsonSummaryData
INFO:root:DB updated with 1 entries from C:\Users\jheel\jheelHealthData\FitFiles\Activities/activity_21336778316.json
WARNING:root:No handler _process_other from 21344705874 GarminJsonSummaryData
INFO:root:DB updated with 1 entries from C:\Users\jheel\jheelHealthData\FitFiles\Activities/activity_21344705874.json
WARNING:root:No handler _process_other from 21351600688 GarminJsonSummaryData
INFO:root:DB updated with 1 entries from C:\Users\jheel\jheelHealthData\FitFiles\Activities/activity_21351600688.json
ERROR:root:Exception in _process_running from 21351877944 GarminJsonSummaryData: 'NoneType' object has no attribute 'meters_or_feet'
INFO:root:DB updated with 1 entries from C:\Users\jheel\jheelHealthData\FitFiles\Activities/activity_21351877944.json
WARNING:root:No handler _process_cardio_training from 21351975978 GarminJsonSummaryData
INFO:root:DB updated with 1 entries from C:\Users\jheel\jheelHealthData\FitFiles\Activities/activity_21351975978.json
ERROR:root:Exception in _process_walking from 21352019097 GarminJsonSummaryData: 'NoneType' object has no attribute 'meters_or_feet'
INFO:root:DB updated with 1 entries from C:\Users\jheel\jheelHealthData\FitFiles\Activities/activity_21352019097.json
INFO:root:DB updated with 7 entries from 7 files.
INFO:C:\Users\jheel\AppData\Roaming\Python\Python313\site-packages\garmindb\garmin_json_data.py:Processing activities detail data
INFO:C:\Python313\Lib\site-packages\idbutils\file_processor.py:Reading directory: C:\Users\jheel\jheelHealthData\FitFiles\Activities looking for files matching activity_details_\d*\.json and created after 2025-12-25 11:09:16.829908
INFO:root:Found 7 json files for activity_details_\d*\.json in C:\Users\jheel\jheelHealthData\FitFiles\Activities
INFO:root:Processing 7 json files
WARNING:root:No handler _process_other from 21336765129 GarminJsonDetailsData
INFO:root:DB updated with 1 entries from C:\Users\jheel\jheelHealthData\FitFiles\Activities/activity_details_21336765129.json
WARNING:root:No handler _process_other from 21336778316 GarminJsonDetailsData
INFO:root:DB updated with 1 entries from C:\Users\jheel\jheelHealthData\FitFiles\Activities/activity_details_21336778316.json
WARNING:root:No handler _process_other from 21344705874 GarminJsonDetailsData
INFO:root:DB updated with 1 entries from C:\Users\jheel\jheelHealthData\FitFiles\Activities/activity_details_21344705874.json
WARNING:root:No handler _process_other from 21351600688 GarminJsonDetailsData
INFO:root:DB updated with 1 entries from C:\Users\jheel\jheelHealthData\FitFiles\Activities/activity_details_21351600688.json
INFO:root:DB updated with 1 entries from C:\Users\jheel\jheelHealthData\FitFiles\Activities/activity_details_21351877944.json
WARNING:root:No handler _process_cardio_training from 21351975978 GarminJsonDetailsData
INFO:root:DB updated with 1 entries from C:\Users\jheel\jheelHealthData\FitFiles\Activities/activity_details_21351975978.json
INFO:root:DB updated with 1 entries from C:\Users\jheel\jheelHealthData\FitFiles\Activities/activity_details_21352019097.json
INFO:root:DB updated with 7 entries from 7 files.
INFO:C:\Users\jheel\AppData\Roaming\Python\Python313\site-packages\garmindb\fit_data.py:Processing [<FileType.activity: 4>] FIT data from C:\Users\jheel\jheelHealthData\FitFiles\Activities
INFO:C:\Python313\Lib\site-packages\idbutils\file_processor.py:Reading directory: C:\Users\jheel\jheelHealthData\FitFiles\Activities looking for files matching \w+\.(fit|FIT) and created after 2025-12-25 11:09:19.320513
INFO:root:Debug: 0
INFO:fitfile.developer_field_definition:DeveloperFieldDefinition(dev_rrhr[rrhr]: scale None offset None units bpm, 1 of FLOAT32) for <MessageType.record: 20> field None
INFO:fitfile.developer_field_definition:DeveloperFieldDefinition(dev_heart_rate[rawHR]: scale None offset None units bpm, 1 of FLOAT32) for <MessageType.record: 20> field 3
INFO:fitfile.developer_field_definition:DeveloperFieldDefinition(dev_RRint[RRint]: scale None offset None units ms, 1 of FLOAT32) for <MessageType.record: 20> field None
INFO:fitfile.developer_field_definition:DeveloperFieldDefinition(dev_hrv[hrv]: scale None offset None units hrv, 1 of FLOAT32) for <MessageType.record: 20> field None
INFO:fitfile.developer_field_definition:DeveloperFieldDefinition(dev_loc[loc]: scale None offset None units none, 1 of FLOAT32) for <MessageType.record: 20> field None
INFO:fitfile.developer_field_definition:DeveloperFieldDefinition(dev_rmssd[rmssd]: scale None offset None units ms, 1 of FLOAT32) for <MessageType.record: 20> field None
INFO:fitfile.developer_field_definition:DeveloperFieldDefinition(dev_sdnn[sdnn]: scale None offset None units ms, 1 of FLOAT32) for <MessageType.record: 20> field None
INFO:fitfile.developer_field_definition:DeveloperFieldDefinition(dev_SaO2_C[SaO2_C]: scale None offset None units %o2, 1 of FLOAT32) for <MessageType.record: 20> field None
INFO:fitfile.developer_field_definition:DeveloperFieldDefinition(dev_trndG_hrv[trndG_hrv]: scale None offset None units hrv, 1 of FLOAT32) for <MessageType.record: 20> field None
INFO:fitfile.developer_field_definition:DeveloperFieldDefinition(dev_rR[rR]: scale None offset None units brpm, 1 of FLOAT32) for <MessageType.record: 20> field None
INFO:fitfile.developer_field_definition:DeveloperFieldDefinition(dev_bb[bb]: scale None offset None units %, 1 of FLOAT32) for <MessageType.record: 20> field None
INFO:fitfile.developer_field_definition:DeveloperFieldDefinition(dev_stress[stress]: scale None offset None units !, 1 of FLOAT32) for <MessageType.record: 20> field None
INFO:fitfile.developer_field_definition:DeveloperFieldDefinition(dev_dBeats[dBeats]: scale None offset None units pcv, 1 of FLOAT32) for <MessageType.session: 18> field None
INFO:fitfile.developer_field_definition:DeveloperFieldDefinition(dev_sBeats[sBeats]: scale None offset None units skips, 1 of FLOAT32) for <MessageType.session: 18> field None
INFO:fitfile.developer_field_definition:DeveloperFieldDefinition(dev_session_hrv[session_hrv]: scale None offset None units hrv, 1 of FLOAT32) for <MessageType.session: 18> field None
INFO:fitfile.developer_field_definition:DeveloperFieldDefinition(dev_NN50[NN50]: scale None offset None units per, 1 of FLOAT32) for <MessageType.session: 18> field None
INFO:fitfile.developer_field_definition:DeveloperFieldDefinition(dev_NN20[NN20]: scale None offset None units per, 1 of FLOAT32) for <MessageType.session: 18> field None
INFO:fitfile.developer_field_definition:DeveloperFieldDefinition(dev_armssd[armssd]: scale None offset None units ms, 1 of FLOAT32) for <MessageType.session: 18> field None
INFO:fitfile.developer_field_definition:DeveloperFieldDefinition(dev_asdnn[asdnn]: scale None offset None units ms, 1 of FLOAT32) for <MessageType.session: 18> field None
INFO:fitfile.developer_field_definition:DeveloperFieldDefinition(dev_SaO2[SaO2]: scale None offset None units %o2, 1 of FLOAT32) for <MessageType.session: 18> field None
INFO:fitfile.developer_field_definition:DeveloperFieldDefinition(dev_trnd_hrv[trnd_hrv]: scale None offset None units hrv, 1 of FLOAT32) for <MessageType.session: 18> field None
INFO:fitfile.developer_field_definition:DeveloperFieldDefinition(dev_hrv+/-[hrv+/-]: scale None offset None units hrv, 1 of FLOAT32) for <MessageType.session: 18> field None
INFO:fitfile.developer_field_definition:DeveloperFieldDefinition(dev_recovery[recovery]: scale None offset None units recovery, 25 of CHAR) for <MessageType.session: 18> field None
INFO:root:Importing C:\Users\jheel\jheelHealthData\FitFiles\Activities/21336765129_ACTIVITY.fit (2025-12-24 05:11:16) [FileType.activity] with message types: [<MessageType.file_id: 0>, <MessageType.file_creator: 49>, <UnknownMessageType.unknown_288: 288>, <UnknownMessageType.unknown_327: 327>, <UnknownMessageType.unknown_326: 326>, <MessageType.event: 21>, <MessageType.device_info: 23>, <MessageType.source: 22>, <MessageType.unknown_141: 141>, <MessageType.device_settings: 2>, <MessageType.user_profile: 3>, <UnknownMessageType.unknown_79: 79>, <MessageType.sport: 12>, <MessageType.unknown_13: 13>, <MessageType.zones_target: 7>, <MessageType.dev_data_id: 207>, <MessageType.field_description: 206>, <MessageType.record: 20>, <MessageType.unknown_233: 233>, <MessageType.battery: 104>, <MessageType.lap: 19>, <MessageType.hr_zones_timer: 216>, <MessageType.firstbeat: 140>, <MessageType.session: 18>, <MessageType.activity: 34>]
INFO:root:Writing attribute: 0.0 -> 'active_time_zone' at datetime.datetime(2025, 12, 24, 5, 11, 16)
INFO:root:Writing attribute: <DateMode.month_day: 1> -> 'date_mode' at datetime.datetime(2025, 12, 24, 5, 11, 16)
INFO:root:Writing attribute: 0.0 -> 'time_zone' at datetime.datetime(2025, 12, 24, 5, 11, 16)
INFO:root:Writing attribute: <DateMode.month_day: 1> -> 'date_format' at datetime.datetime(2025, 12, 24, 5, 11, 16)
INFO:root:user profile message: {'wake_time': datetime.time(5, 40, 51), 'sleep_time': datetime.time(21, 30), 'ts_41': datetime.datetime(2126, 2, 6, 6, 28, 15, tzinfo=datetime.timezone.utc), 'unknown_42': None, 'weight': 75.5, 'user_running_step_length': None, 'user_walking_step_length': 0.734, 'unknown_33': None, 'unknown_37': None, 'unknown_38': None, 'gender': <Gender.male: 1>, 'height': 1.67, 'language': <Language.English: 0>, 'elev_setting': <DisplayMeasure.metric: 0>, 'weight_setting': <DisplayMeasure.metric: 0>, 'resting_heart_rate': 58.0, 'hr_setting': <DisplayHeart.max: 1>, 'speed_setting': <DisplayMeasure.metric: 0>, 'dist_setting': <DisplayMeasure.metric: 0>, 'activity_class': '70', 'position_setting': <DisplayPosition.degree_minute_second: 2>, 'temperature_setting': <DisplayMeasure.metric: 0>, 'year_of_birth': 1977, 'height_setting': <DisplayMeasure.metric: 0>, 'unknown_36': 0.0, 'unknown_43': 0.0, 'unknown_44': 10.0, 'unknown_45': 11.0, 'unknown_52': 0.0, 'unknown_53': 3.0, 'unknown_54': 4.0, 'unknown_57': 0.0}
INFO:root:Writing attribute: <Gender.male: 1> -> 'gender' at datetime.datetime(2025, 12, 24, 5, 11, 16)
INFO:root:Writing attribute: 1.67 -> 'height' at datetime.datetime(2025, 12, 24, 5, 11, 16)
INFO:root:Writing attribute: 75.5 -> 'weight' at datetime.datetime(2025, 12, 24, 5, 11, 16)
INFO:root:Writing attribute: 1977 -> 'year_of_birth' at datetime.datetime(2025, 12, 24, 5, 11, 16)
INFO:root:Writing attribute: <Language.English: 0> -> 'language' at datetime.datetime(2025, 12, 24, 5, 11, 16)
INFO:root:Writing attribute: <DisplayMeasure.metric: 0> -> 'dist_setting' at datetime.datetime(2025, 12, 24, 5, 11, 16)
INFO:root:Writing attribute: <DisplayMeasure.metric: 0> -> 'weight_setting' at datetime.datetime(2025, 12, 24, 5, 11, 16)
INFO:root:Writing attribute: <DisplayPosition.degree_minute_second: 2> -> 'position_setting' at datetime.datetime(2025, 12, 24, 5, 11, 16)
INFO:root:Writing attribute: <DisplayMeasure.metric: 0> -> 'elev_setting' at datetime.datetime(2025, 12, 24, 5, 11, 16)
INFO:root:Writing attribute: datetime.time(21, 30) -> 'sleep_time' at datetime.datetime(2025, 12, 24, 5, 11, 16)
INFO:root:Writing attribute: datetime.time(5, 40, 51) -> 'wake_time' at datetime.datetime(2025, 12, 24, 5, 11, 16)
INFO:root:Writing attribute: <DisplayMeasure.metric: 0> -> 'speed_setting' at datetime.datetime(2025, 12, 24, 5, 11, 16)
INFO:root:Writing attribute: <DisplayMeasure.metric: 0> -> 'measurement_system' at datetime.datetime(2025, 12, 24, 5, 11, 16)
INFO:root:Writing attribute: <DisplayMeasure.metric: 0> -> 'measurement_system' at datetime.datetime(2025, 12, 24, 5, 11, 16)
INFO:root:Writing attribute: <DisplayMeasure.metric: 0> -> 'measurement_system' at datetime.datetime(2025, 12, 24, 5, 11, 16)
INFO:root:Writing attribute: <DisplayMeasure.metric: 0> -> 'measurement_system' at datetime.datetime(2025, 12, 24, 5, 11, 16)
INFO:root:writing hr zone data for C:\Users\jheel\jheelHealthData\FitFiles\Activities/21336765129_ACTIVITY.fit
INFO:root:writing lap hr zone data {'timestamp': datetime.datetime(2025, 12, 24, 3, 14, 17, tzinfo=datetime.timezone.utc), 'hr_zones_time': [datetime.time(0, 2, 58, 130000), datetime.time(0, 0), datetime.time(0, 0), datetime.time(0, 0), datetime.time(0, 0), datetime.time(0, 0), datetime.time(0, 0)], 'unknown_5': [None, None, None, None, None, None, None, None], 'unknown_9': [None, None, None, None, None, None, None, None], 'hr_zones_timer_type': <HeartRateZonesTimerType.lap: 19>, 'record_num': 0, 'unknown_15': None, 'hr_zones': [88, 105, 123, 140, 158, 175], 'hr_zones_method': <HeartRateZonesMethod.max_heart_rate: 1>, 'max_heart_rate': 175.0, 'min_heart_rate': 58.0, 'lactate_threshhold_heart_rate': None, 'unknown_14': None} for C:\Users\jheel\jheelHealthData\FitFiles\Activities/21336765129_ACTIVITY.fit
INFO:root:writing lap hr zone data {'activity_id': '21336765129', 'lap': 0, 'hr_zones_method': <HeartRateZonesMethod.max_heart_rate: 1>, 'hrz_1_time': datetime.time(0, 0), 'hrz_2_time': datetime.time(0, 0), 'hrz_3_time': datetime.time(0, 0), 'hrz_4_time': datetime.time(0, 0), 'hrz_5_time': datetime.time(0, 0), 'hrz_1_hr': 88, 'hrz_2_hr': 105, 'hrz_3_hr': 123, 'hrz_4_hr': 140, 'hrz_5_hr': 158} for C:\Users\jheel\jheelHealthData\FitFiles\Activities/21336765129_ACTIVITY.fit
INFO:root:writing hr zone data for C:\Users\jheel\jheelHealthData\FitFiles\Activities/21336765129_ACTIVITY.fit
INFO:root:writing session hr zone data {'timestamp': datetime.datetime(2025, 12, 24, 3, 14, 17, tzinfo=datetime.timezone.utc), 'hr_zones_time': [datetime.time(0, 2, 58, 130000), datetime.time(0, 0), datetime.time(0, 0), datetime.time(0, 0), datetime.time(0, 0), datetime.time(0, 0), datetime.time(0, 0)], 'unknown_5': [None, None, None, None, None, None, None, None], 'unknown_9': [None, None, None, None, None, None, None, None], 'hr_zones_timer_type': <HeartRateZonesTimerType.session: 18>, 'record_num': 0, 'unknown_15': None, 'hr_zones': [88, 105, 123, 140, 158, 175], 'hr_zones_method': <HeartRateZonesMethod.max_heart_rate: 1>, 'max_heart_rate': 175.0, 'min_heart_rate': 58.0, 'lactate_threshhold_heart_rate': None, 'unknown_14': None} for C:\Users\jheel\jheelHealthData\FitFiles\Activities/21336765129_ACTIVITY.fit
INFO:root:No entry handler _write_firstbeat_entry for known message type <MessageType.firstbeat: 140> (1) from C:\Users\jheel\jheelHealthData\FitFiles\Activities/21336765129_ACTIVITY.fit: DataMessage: <MessageType.firstbeat: 140>: {'timestamp': datetime.datetime(2025, 12, 24, 3, 14, 17, tzinfo=datetime.timezone.utc), 'unknown_2': 0.0, 'unknown_3': 0.0, 'unknown_5': 79438.0, 'unknown_6': 261385.0, 'metamax': 0, 'position_21': None, 'position_24': 0.14547446742653847, 'unknown_26': 0.0, 'unknown_27': 0.0, 'unknown_28': 0.0, 'unknown_29': 0.0, 'unknown_32': 1310720000.0, 'unknown_35': 180382.0, 'unknown_36': 0.0, 'unknown_37': 0.0, 'unknown_38': 0.0, 'unknown_39': 0.0, 'unknown_40': 0.0, 'unknown_48': 1135487657.0, 'recovery_time': datetime.time(0, 0), 'unknown_10': 61432.0, 'lactate_threshold_heart_rate': None, 'lactate_threshold_speed': None, 'unknown_16': None, 'unknown_43': 0.0, 'unknown_44': 0.0, 'unknown_45': 0.0, 'unknown_55': 0.0, 'unknown_0': 58.0, 'max_heart_rate': 0.0, 'aerobic_training_effect': 0.0, 'unknown_8': 0.0, 'unknown_11': 0.0, 'unknown_12': 0.0, 'unknown_13': 0.0, 'unknown_17': 0.0, 'unknown_18': 0.0, 'unknown_19': 0.0, 'anaerobic_training_effect': 0.0, 'unknown_22': 18.0, 'unknown_23': 0.0, 'unknown_25': 44.0, 'unknown_30': 11.0, 'unknown_31': 88.0, 'unknown_33': 0.0, 'unknown_34': 1.0, 'unknown_41': 0.0, 'unknown_42': 0.0, 'unknown_46': 1.0, 'unknown_49': None, 'unknown_50': None, 'unknown_51': 0.0, 'unknown_52': 2.0, 'unknown_56': 12.0}
INFO:fitfile.developer_field_definition:DeveloperFieldDefinition(dev_SD1[SD1]: scale None offset None units ms, 1 of FLOAT32) for <MessageType.session: 18> field None
INFO:fitfile.developer_field_definition:DeveloperFieldDefinition(dev_SD2[SD2]: scale None offset None units ms, 1 of FLOAT32) for <MessageType.session: 18> field None
INFO:fitfile.developer_field_definition:DeveloperFieldDefinition(dev_SD2/SD1[SD2/SD1]: scale None offset None units , 1 of FLOAT32) for <MessageType.session: 18> field None
INFO:fitfile.developer_field_definition:DeveloperFieldDefinition(dev_SDNN[SDNN]: scale None offset None units ms, 1 of FLOAT32) for <MessageType.session: 18> field None
INFO:fitfile.developer_field_definition:DeveloperFieldDefinition(dev_Mean RR[Mean RR]: scale None offset None units ms, 1 of FLOAT32) for <MessageType.session: 18> field None
INFO:fitfile.developer_field_definition:DeveloperFieldDefinition(dev_Mean HR[Mean HR]: scale None offset None units Beats/min, 1 of FLOAT32) for <MessageType.session: 18> field None
INFO:fitfile.developer_field_definition:DeveloperFieldDefinition(dev_RMSSD[RMSSD]: scale None offset None units ms, 1 of FLOAT32) for <MessageType.session: 18> field None
INFO:fitfile.developer_field_definition:DeveloperFieldDefinition(dev_pNN50[pNN50]: scale None offset None units %, 1 of FLOAT32) for <MessageType.session: 18> field None
INFO:fitfile.developer_field_definition:DeveloperFieldDefinition(dev_VLF[VLF]: scale None offset None units ms2, 1 of FLOAT32) for <MessageType.session: 18> field None
INFO:fitfile.developer_field_definition:DeveloperFieldDefinition(dev_LF[LF]: scale None offset None units ms2, 1 of FLOAT32) for <MessageType.session: 18> field None
INFO:fitfile.developer_field_definition:DeveloperFieldDefinition(dev_HF[HF]: scale None offset None units ms2, 1 of FLOAT32) for <MessageType.session: 18> field None
INFO:fitfile.developer_field_definition:DeveloperFieldDefinition(dev_LF/HF[LF/HF]: scale None offset None units , 1 of FLOAT32) for <MessageType.session: 18> field None
INFO:fitfile.developer_field_definition:DeveloperFieldDefinition(dev_LFnu[LFnu]: scale None offset None units n.u., 1 of FLOAT32) for <MessageType.session: 18> field None
INFO:fitfile.developer_field_definition:DeveloperFieldDefinition(dev_HFnu[HFnu]: scale None offset None units n.u., 1 of FLOAT32) for <MessageType.session: 18> field None
INFO:root:Importing C:\Users\jheel\jheelHealthData\FitFiles\Activities/21336778316_ACTIVITY.fit (2025-12-24 06:18:23) [FileType.activity] with message types: [<MessageType.file_id: 0>, <MessageType.file_creator: 49>, <UnknownMessageType.unknown_288: 288>, <UnknownMessageType.unknown_327: 327>, <UnknownMessageType.unknown_326: 326>, <MessageType.event: 21>, <MessageType.device_info: 23>, <MessageType.source: 22>, <MessageType.unknown_141: 141>, <MessageType.device_settings: 2>, <MessageType.user_profile: 3>, <UnknownMessageType.unknown_79: 79>, <MessageType.sport: 12>, <MessageType.unknown_13: 13>, <MessageType.zones_target: 7>, <MessageType.record: 20>, <MessageType.unknown_233: 233>, <MessageType.battery: 104>, <MessageType.dev_data_id: 207>, <MessageType.field_description: 206>, <MessageType.lap: 19>, <MessageType.hr_zones_timer: 216>, <MessageType.firstbeat: 140>, <MessageType.session: 18>, <MessageType.activity: 34>]
INFO:root:Writing attribute: 0.0 -> 'active_time_zone' at datetime.datetime(2025, 12, 24, 6, 18, 23)
INFO:root:Writing attribute: <DateMode.month_day: 1> -> 'date_mode' at datetime.datetime(2025, 12, 24, 6, 18, 23)
INFO:root:Writing attribute: 0.0 -> 'time_zone' at datetime.datetime(2025, 12, 24, 6, 18, 23)
INFO:root:Writing attribute: <DateMode.month_day: 1> -> 'date_format' at datetime.datetime(2025, 12, 24, 6, 18, 23)
INFO:root:user profile message: {'wake_time': datetime.time(5, 40, 51), 'sleep_time': datetime.time(21, 30), 'ts_41': datetime.datetime(2126, 2, 6, 6, 28, 15, tzinfo=datetime.timezone.utc), 'unknown_42': None, 'weight': 75.5, 'user_running_step_length': None, 'user_walking_step_length': 0.734, 'unknown_33': None, 'unknown_37': None, 'unknown_38': None, 'gender': <Gender.male: 1>, 'height': 1.67, 'language': <Language.English: 0>, 'elev_setting': <DisplayMeasure.metric: 0>, 'weight_setting': <DisplayMeasure.metric: 0>, 'resting_heart_rate': 58.0, 'hr_setting': <DisplayHeart.max: 1>, 'speed_setting': <DisplayMeasure.metric: 0>, 'dist_setting': <DisplayMeasure.metric: 0>, 'activity_class': '70', 'position_setting': <DisplayPosition.degree_minute_second: 2>, 'temperature_setting': <DisplayMeasure.metric: 0>, 'year_of_birth': 1977, 'height_setting': <DisplayMeasure.metric: 0>, 'unknown_36': 0.0, 'unknown_43': 0.0, 'unknown_44': 10.0, 'unknown_45': 11.0, 'unknown_52': 0.0, 'unknown_53': 3.0, 'unknown_54': 4.0, 'unknown_57': 0.0}
INFO:root:Writing attribute: <Gender.male: 1> -> 'gender' at datetime.datetime(2025, 12, 24, 6, 18, 23)
INFO:root:Writing attribute: 1.67 -> 'height' at datetime.datetime(2025, 12, 24, 6, 18, 23)
INFO:root:Writing attribute: 75.5 -> 'weight' at datetime.datetime(2025, 12, 24, 6, 18, 23)
INFO:root:Writing attribute: 1977 -> 'year_of_birth' at datetime.datetime(2025, 12, 24, 6, 18, 23)
INFO:root:Writing attribute: <Language.English: 0> -> 'language' at datetime.datetime(2025, 12, 24, 6, 18, 23)
INFO:root:Writing attribute: <DisplayMeasure.metric: 0> -> 'dist_setting' at datetime.datetime(2025, 12, 24, 6, 18, 23)
INFO:root:Writing attribute: <DisplayMeasure.metric: 0> -> 'weight_setting' at datetime.datetime(2025, 12, 24, 6, 18, 23)
INFO:root:Writing attribute: <DisplayPosition.degree_minute_second: 2> -> 'position_setting' at datetime.datetime(2025, 12, 24, 6, 18, 23)
INFO:root:Writing attribute: <DisplayMeasure.metric: 0> -> 'elev_setting' at datetime.datetime(2025, 12, 24, 6, 18, 23)
INFO:root:Writing attribute: datetime.time(21, 30) -> 'sleep_time' at datetime.datetime(2025, 12, 24, 6, 18, 23)
INFO:root:Writing attribute: datetime.time(5, 40, 51) -> 'wake_time' at datetime.datetime(2025, 12, 24, 6, 18, 23)
INFO:root:Writing attribute: <DisplayMeasure.metric: 0> -> 'speed_setting' at datetime.datetime(2025, 12, 24, 6, 18, 23)
INFO:root:Writing attribute: <DisplayMeasure.metric: 0> -> 'measurement_system' at datetime.datetime(2025, 12, 24, 6, 18, 23)
INFO:root:Writing attribute: <DisplayMeasure.metric: 0> -> 'measurement_system' at datetime.datetime(2025, 12, 24, 6, 18, 23)
INFO:root:Writing attribute: <DisplayMeasure.metric: 0> -> 'measurement_system' at datetime.datetime(2025, 12, 24, 6, 18, 23)
INFO:root:Writing attribute: <DisplayMeasure.metric: 0> -> 'measurement_system' at datetime.datetime(2025, 12, 24, 6, 18, 23)
INFO:root:writing hr zone data for C:\Users\jheel\jheelHealthData\FitFiles\Activities/21336778316_ACTIVITY.fit
INFO:root:writing lap hr zone data {'timestamp': datetime.datetime(2025, 12, 24, 4, 24, 56, tzinfo=datetime.timezone.utc), 'hr_zones_time': [datetime.time(0, 4, 58, 982000), datetime.time(0, 0), datetime.time(0, 0), datetime.time(0, 0), datetime.time(0, 0), datetime.time(0, 0), datetime.time(0, 0)], 'unknown_5': [None, None, None, None, None, None, None, None], 'unknown_9': [None, None, None, None, None, None, None, None], 'hr_zones_timer_type': <HeartRateZonesTimerType.lap: 19>, 'record_num': 0, 'unknown_15': None, 'hr_zones': [88, 105, 123, 140, 158, 175], 'hr_zones_method': <HeartRateZonesMethod.max_heart_rate: 1>, 'max_heart_rate': 175.0, 'min_heart_rate': 58.0, 'lactate_threshhold_heart_rate': None, 'unknown_14': None} for C:\Users\jheel\jheelHealthData\FitFiles\Activities/21336778316_ACTIVITY.fit
INFO:root:writing lap hr zone data {'activity_id': '21336778316', 'lap': 0, 'hr_zones_method': <HeartRateZonesMethod.max_heart_rate: 1>, 'hrz_1_time': datetime.time(0, 0), 'hrz_2_time': datetime.time(0, 0), 'hrz_3_time': datetime.time(0, 0), 'hrz_4_time': datetime.time(0, 0), 'hrz_5_time': datetime.time(0, 0), 'hrz_1_hr': 88, 'hrz_2_hr': 105, 'hrz_3_hr': 123, 'hrz_4_hr': 140, 'hrz_5_hr': 158} for C:\Users\jheel\jheelHealthData\FitFiles\Activities/21336778316_ACTIVITY.fit
INFO:root:writing hr zone data for C:\Users\jheel\jheelHealthData\FitFiles\Activities/21336778316_ACTIVITY.fit
INFO:root:writing session hr zone data {'timestamp': datetime.datetime(2025, 12, 24, 4, 24, 56, tzinfo=datetime.timezone.utc), 'hr_zones_time': [datetime.time(0, 4, 58, 982000), datetime.time(0, 0), datetime.time(0, 0), datetime.time(0, 0), datetime.time(0, 0), datetime.time(0, 0), datetime.time(0, 0)], 'unknown_5': [None, None, None, None, None, None, None, None], 'unknown_9': [None, None, None, None, None, None, None, None], 'hr_zones_timer_type': <HeartRateZonesTimerType.session: 18>, 'record_num': 0, 'unknown_15': None, 'hr_zones': [88, 105, 123, 140, 158, 175], 'hr_zones_method': <HeartRateZonesMethod.max_heart_rate: 1>, 'max_heart_rate': 175.0, 'min_heart_rate': 58.0, 'lactate_threshhold_heart_rate': None, 'unknown_14': None} for C:\Users\jheel\jheelHealthData\FitFiles\Activities/21336778316_ACTIVITY.fit
INFO:root:No entry handler _write_firstbeat_entry for known message type <MessageType.firstbeat: 140> (1) from C:\Users\jheel\jheelHealthData\FitFiles\Activities/21336778316_ACTIVITY.fit: DataMessage: <MessageType.firstbeat: 140>: {'timestamp': datetime.datetime(2025, 12, 24, 4, 24, 56, tzinfo=datetime.timezone.utc), 'unknown_2': 10632.0, 'unknown_3': 10632.0, 'unknown_5': 127990.0, 'unknown_6': 738470.0, 'metamax': 0, 'position_21': None, 'position_24': 0.14547446742653847, 'unknown_26': 10632.0, 'unknown_27': 0.0, 'unknown_28': 0.0, 'unknown_29': 0.0, 'unknown_32': 1310720000.0, 'unknown_35': 299025.0, 'unknown_36': 0.0, 'unknown_37': 10632.0, 'unknown_38': 0.0, 'unknown_39': 10632.0, 'unknown_40': 0.0, 'unknown_48': 1135491896.0, 'recovery_time': datetime.time(0, 0), 'unknown_10': 61432.0, 'lactate_threshold_heart_rate': None, 'lactate_threshold_speed': None, 'unknown_16': None, 'unknown_43': 0.0, 'unknown_44': 0.0, 'unknown_45': 0.0, 'unknown_55': 0.0, 'unknown_0': 70.0, 'max_heart_rate': 0.0, 'aerobic_training_effect': 0.0, 'unknown_8': 0.0, 'unknown_11': 0.0, 'unknown_12': 26.0, 'unknown_13': 0.0, 'unknown_17': 0.0, 'unknown_18': 1.0, 'unknown_19': 6.0, 'anaerobic_training_effect': 0.0, 'unknown_22': 18.0, 'unknown_23': 0.0, 'unknown_25': 45.0, 'unknown_30': 11.0, 'unknown_31': 77.0, 'unknown_33': 0.0, 'unknown_34': 0.0, 'unknown_41': 0.0, 'unknown_42': 0.0, 'unknown_46': 1.0, 'unknown_49': None, 'unknown_50': None, 'unknown_51': 0.0, 'unknown_52': None, 'unknown_56': 12.0}
INFO:fitfile.developer_field_definition:DeveloperFieldDefinition(dev_SD1[SD1]: scale None offset None units ms, 1 of FLOAT32) for <MessageType.session: 18> field None
INFO:fitfile.developer_field_definition:DeveloperFieldDefinition(dev_SD2[SD2]: scale None offset None units ms, 1 of FLOAT32) for <MessageType.session: 18> field None
INFO:fitfile.developer_field_definition:DeveloperFieldDefinition(dev_SD2/SD1[SD2/SD1]: scale None offset None units , 1 of FLOAT32) for <MessageType.session: 18> field None
INFO:fitfile.developer_field_definition:DeveloperFieldDefinition(dev_SDNN[SDNN]: scale None offset None units ms, 1 of FLOAT32) for <MessageType.session: 18> field None
INFO:fitfile.developer_field_definition:DeveloperFieldDefinition(dev_Mean RR[Mean RR]: scale None offset None units ms, 1 of FLOAT32) for <MessageType.session: 18> field None
INFO:fitfile.developer_field_definition:DeveloperFieldDefinition(dev_Mean HR[Mean HR]: scale None offset None units Beats/min, 1 of FLOAT32) for <MessageType.session: 18> field None
INFO:fitfile.developer_field_definition:DeveloperFieldDefinition(dev_RMSSD[RMSSD]: scale None offset None units ms, 1 of FLOAT32) for <MessageType.session: 18> field None
INFO:fitfile.developer_field_definition:DeveloperFieldDefinition(dev_pNN50[pNN50]: scale None offset None units %, 1 of FLOAT32) for <MessageType.session: 18> field None
INFO:fitfile.developer_field_definition:DeveloperFieldDefinition(dev_VLF[VLF]: scale None offset None units ms2, 1 of FLOAT32) for <MessageType.session: 18> field None
INFO:fitfile.developer_field_definition:DeveloperFieldDefinition(dev_LF[LF]: scale None offset None units ms2, 1 of FLOAT32) for <MessageType.session: 18> field None
INFO:fitfile.developer_field_definition:DeveloperFieldDefinition(dev_HF[HF]: scale None offset None units ms2, 1 of FLOAT32) for <MessageType.session: 18> field None
INFO:fitfile.developer_field_definition:DeveloperFieldDefinition(dev_LF/HF[LF/HF]: scale None offset None units , 1 of FLOAT32) for <MessageType.session: 18> field None
INFO:fitfile.developer_field_definition:DeveloperFieldDefinition(dev_LFnu[LFnu]: scale None offset None units n.u., 1 of FLOAT32) for <MessageType.session: 18> field None
INFO:fitfile.developer_field_definition:DeveloperFieldDefinition(dev_HFnu[HFnu]: scale None offset None units n.u., 1 of FLOAT32) for <MessageType.session: 18> field None
INFO:root:Importing C:\Users\jheel\jheelHealthData\FitFiles\Activities/21344705874_ACTIVITY.fit (2025-12-25 07:36:34) [FileType.activity] with message types: [<MessageType.file_id: 0>, <MessageType.file_creator: 49>, <UnknownMessageType.unknown_288: 288>, <UnknownMessageType.unknown_327: 327>, <UnknownMessageType.unknown_326: 326>, <MessageType.event: 21>, <MessageType.device_info: 23>, <MessageType.source: 22>, <MessageType.unknown_141: 141>, <MessageType.device_settings: 2>, <MessageType.user_profile: 3>, <UnknownMessageType.unknown_79: 79>, <MessageType.sport: 12>, <MessageType.unknown_13: 13>, <MessageType.zones_target: 7>, <MessageType.record: 20>, <MessageType.unknown_233: 233>, <MessageType.battery: 104>, <MessageType.dev_data_id: 207>, <MessageType.field_description: 206>, <MessageType.lap: 19>, <MessageType.hr_zones_timer: 216>, <MessageType.firstbeat: 140>, <MessageType.session: 18>, <MessageType.activity: 34>]
INFO:root:Writing attribute: 0.0 -> 'active_time_zone' at datetime.datetime(2025, 12, 25, 7, 36, 34)
INFO:root:Writing attribute: <DateMode.month_day: 1> -> 'date_mode' at datetime.datetime(2025, 12, 25, 7, 36, 34)
INFO:root:Writing attribute: 0.0 -> 'time_zone' at datetime.datetime(2025, 12, 25, 7, 36, 34)
INFO:root:Writing attribute: <DateMode.month_day: 1> -> 'date_format' at datetime.datetime(2025, 12, 25, 7, 36, 34)
INFO:root:user profile message: {'wake_time': datetime.time(5, 40, 51), 'sleep_time': datetime.time(21, 30), 'ts_41': datetime.datetime(2126, 2, 6, 6, 28, 15, tzinfo=datetime.timezone.utc), 'unknown_42': None, 'weight': 75.5, 'user_running_step_length': None, 'user_walking_step_length': 0.734, 'unknown_33': None, 'unknown_37': None, 'unknown_38': None, 'gender': <Gender.male: 1>, 'height': 1.67, 'language': <Language.English: 0>, 'elev_setting': <DisplayMeasure.metric: 0>, 'weight_setting': <DisplayMeasure.metric: 0>, 'resting_heart_rate': 58.0, 'hr_setting': <DisplayHeart.max: 1>, 'speed_setting': <DisplayMeasure.metric: 0>, 'dist_setting': <DisplayMeasure.metric: 0>, 'activity_class': '70', 'position_setting': <DisplayPosition.degree_minute_second: 2>, 'temperature_setting': <DisplayMeasure.metric: 0>, 'year_of_birth': 1977, 'height_setting': <DisplayMeasure.metric: 0>, 'unknown_36': 0.0, 'unknown_43': 0.0, 'unknown_44': 10.0, 'unknown_45': 11.0, 'unknown_52': 0.0, 'unknown_53': 3.0, 'unknown_54': 4.0, 'unknown_57': 0.0}
INFO:root:Writing attribute: <Gender.male: 1> -> 'gender' at datetime.datetime(2025, 12, 25, 7, 36, 34)
INFO:root:Writing attribute: 1.67 -> 'height' at datetime.datetime(2025, 12, 25, 7, 36, 34)
INFO:root:Writing attribute: 75.5 -> 'weight' at datetime.datetime(2025, 12, 25, 7, 36, 34)
INFO:root:Writing attribute: 1977 -> 'year_of_birth' at datetime.datetime(2025, 12, 25, 7, 36, 34)
INFO:root:Writing attribute: <Language.English: 0> -> 'language' at datetime.datetime(2025, 12, 25, 7, 36, 34)
INFO:root:Writing attribute: <DisplayMeasure.metric: 0> -> 'dist_setting' at datetime.datetime(2025, 12, 25, 7, 36, 34)
INFO:root:Writing attribute: <DisplayMeasure.metric: 0> -> 'weight_setting' at datetime.datetime(2025, 12, 25, 7, 36, 34)
INFO:root:Writing attribute: <DisplayPosition.degree_minute_second: 2> -> 'position_setting' at datetime.datetime(2025, 12, 25, 7, 36, 34)
INFO:root:Writing attribute: <DisplayMeasure.metric: 0> -> 'elev_setting' at datetime.datetime(2025, 12, 25, 7, 36, 34)
INFO:root:Writing attribute: datetime.time(21, 30) -> 'sleep_time' at datetime.datetime(2025, 12, 25, 7, 36, 34)
INFO:root:Writing attribute: datetime.time(5, 40, 51) -> 'wake_time' at datetime.datetime(2025, 12, 25, 7, 36, 34)
INFO:root:Writing attribute: <DisplayMeasure.metric: 0> -> 'speed_setting' at datetime.datetime(2025, 12, 25, 7, 36, 34)
INFO:root:Writing attribute: <DisplayMeasure.metric: 0> -> 'measurement_system' at datetime.datetime(2025, 12, 25, 7, 36, 34)
INFO:root:Writing attribute: <DisplayMeasure.metric: 0> -> 'measurement_system' at datetime.datetime(2025, 12, 25, 7, 36, 34)
INFO:root:Writing attribute: <DisplayMeasure.metric: 0> -> 'measurement_system' at datetime.datetime(2025, 12, 25, 7, 36, 34)
INFO:root:Writing attribute: <DisplayMeasure.metric: 0> -> 'measurement_system' at datetime.datetime(2025, 12, 25, 7, 36, 34)
INFO:root:writing hr zone data for C:\Users\jheel\jheelHealthData\FitFiles\Activities/21344705874_ACTIVITY.fit
INFO:root:writing lap hr zone data {'timestamp': datetime.datetime(2025, 12, 25, 5, 44, 5, tzinfo=datetime.timezone.utc), 'hr_zones_time': [datetime.time(0, 4, 59, 94000), datetime.time(0, 0), datetime.time(0, 0), datetime.time(0, 0), datetime.time(0, 0), datetime.time(0, 0), datetime.time(0, 0)], 'unknown_5': [None, None, None, None, None, None, None, None], 'unknown_9': [None, None, None, None, None, None, None, None], 'hr_zones_timer_type': <HeartRateZonesTimerType.lap: 19>, 'record_num': 0, 'unknown_15': None, 'hr_zones': [88, 105, 123, 140, 158, 175], 'hr_zones_method': <HeartRateZonesMethod.max_heart_rate: 1>, 'max_heart_rate': 175.0, 'min_heart_rate': 58.0, 'lactate_threshhold_heart_rate': None, 'unknown_14': None} for C:\Users\jheel\jheelHealthData\FitFiles\Activities/21344705874_ACTIVITY.fit
INFO:root:writing lap hr zone data {'activity_id': '21344705874', 'lap': 0, 'hr_zones_method': <HeartRateZonesMethod.max_heart_rate: 1>, 'hrz_1_time': datetime.time(0, 0), 'hrz_2_time': datetime.time(0, 0), 'hrz_3_time': datetime.time(0, 0), 'hrz_4_time': datetime.time(0, 0), 'hrz_5_time': datetime.time(0, 0), 'hrz_1_hr': 88, 'hrz_2_hr': 105, 'hrz_3_hr': 123, 'hrz_4_hr': 140, 'hrz_5_hr': 158} for C:\Users\jheel\jheelHealthData\FitFiles\Activities/21344705874_ACTIVITY.fit
INFO:root:writing hr zone data for C:\Users\jheel\jheelHealthData\FitFiles\Activities/21344705874_ACTIVITY.fit
INFO:root:writing session hr zone data {'timestamp': datetime.datetime(2025, 12, 25, 5, 44, 5, tzinfo=datetime.timezone.utc), 'hr_zones_time': [datetime.time(0, 4, 59, 94000), datetime.time(0, 0), datetime.time(0, 0), datetime.time(0, 0), datetime.time(0, 0), datetime.time(0, 0), datetime.time(0, 0)], 'unknown_5': [None, None, None, None, None, None, None, None], 'unknown_9': [None, None, None, None, None, None, None, None], 'hr_zones_timer_type': <HeartRateZonesTimerType.session: 18>, 'record_num': 0, 'unknown_15': None, 'hr_zones': [88, 105, 123, 140, 158, 175], 'hr_zones_method': <HeartRateZonesMethod.max_heart_rate: 1>, 'max_heart_rate': 175.0, 'min_heart_rate': 58.0, 'lactate_threshhold_heart_rate': None, 'unknown_14': None} for C:\Users\jheel\jheelHealthData\FitFiles\Activities/21344705874_ACTIVITY.fit
INFO:root:No entry handler _write_firstbeat_entry for known message type <MessageType.firstbeat: 140> (1) from C:\Users\jheel\jheelHealthData\FitFiles\Activities/21344705874_ACTIVITY.fit: DataMessage: <MessageType.firstbeat: 140>: {'timestamp': datetime.datetime(2025, 12, 25, 5, 44, 5, tzinfo=datetime.timezone.utc), 'unknown_2': 18859.0, 'unknown_3': 18859.0, 'unknown_5': 119462.0, 'unknown_6': 1022220.0, 'metamax': 0, 'position_21': None, 'position_24': 0.13975465670228004, 'unknown_26': 18859.0, 'unknown_27': 0.0, 'unknown_28': 0.0, 'unknown_29': 0.0, 'unknown_32': 1310720000.0, 'unknown_35': 299136.0, 'unknown_36': 0.0, 'unknown_37': 18859.0, 'unknown_38': 0.0, 'unknown_39': 18859.0, 'unknown_40': 0.0, 'unknown_48': 1135583045.0, 'recovery_time': datetime.time(3, 1), 'unknown_10': 61432.0, 'lactate_threshold_heart_rate': None, 'lactate_threshold_speed': None, 'unknown_16': None, 'unknown_43': 0.0, 'unknown_44': 187.0, 'unknown_45': 0.0, 'unknown_55': 0.0, 'unknown_0': 69.0, 'max_heart_rate': 0.0, 'aerobic_training_effect': 0.0, 'unknown_8': 0.0, 'unknown_11': 0.0, 'unknown_12': 26.0, 'unknown_13': 0.0, 'unknown_17': 0.0, 'unknown_18': 0.0, 'unknown_19': 0.0, 'anaerobic_training_effect': 0.0, 'unknown_22': 18.0, 'unknown_23': 0.0, 'unknown_25': 35.0, 'unknown_30': 8.0, 'unknown_31': 93.0, 'unknown_33': 0.0, 'unknown_34': 0.0, 'unknown_41': 0.0, 'unknown_42': 0.0, 'unknown_46': 5.0, 'unknown_49': None, 'unknown_50': None, 'unknown_51': 0.0, 'unknown_52': None, 'unknown_56': 12.0}
INFO:fitfile.developer_field_definition:DeveloperFieldDefinition(dev_SD1[SD1]: scale None offset None units ms, 1 of FLOAT32) for <MessageType.session: 18> field None
INFO:fitfile.developer_field_definition:DeveloperFieldDefinition(dev_SD2[SD2]: scale None offset None units ms, 1 of FLOAT32) for <MessageType.session: 18> field None
INFO:fitfile.developer_field_definition:DeveloperFieldDefinition(dev_SD2/SD1[SD2/SD1]: scale None offset None units , 1 of FLOAT32) for <MessageType.session: 18> field None
INFO:fitfile.developer_field_definition:DeveloperFieldDefinition(dev_SDNN[SDNN]: scale None offset None units ms, 1 of FLOAT32) for <MessageType.session: 18> field None
INFO:fitfile.developer_field_definition:DeveloperFieldDefinition(dev_Mean RR[Mean RR]: scale None offset None units ms, 1 of FLOAT32) for <MessageType.session: 18> field None
INFO:fitfile.developer_field_definition:DeveloperFieldDefinition(dev_Mean HR[Mean HR]: scale None offset None units Beats/min, 1 of FLOAT32) for <MessageType.session: 18> field None
INFO:fitfile.developer_field_definition:DeveloperFieldDefinition(dev_RMSSD[RMSSD]: scale None offset None units ms, 1 of FLOAT32) for <MessageType.session: 18> field None
INFO:fitfile.developer_field_definition:DeveloperFieldDefinition(dev_pNN50[pNN50]: scale None offset None units %, 1 of FLOAT32) for <MessageType.session: 18> field None
INFO:fitfile.developer_field_definition:DeveloperFieldDefinition(dev_VLF[VLF]: scale None offset None units ms2, 1 of FLOAT32) for <MessageType.session: 18> field None
INFO:fitfile.developer_field_definition:DeveloperFieldDefinition(dev_LF[LF]: scale None offset None units ms2, 1 of FLOAT32) for <MessageType.session: 18> field None
INFO:fitfile.developer_field_definition:DeveloperFieldDefinition(dev_HF[HF]: scale None offset None units ms2, 1 of FLOAT32) for <MessageType.session: 18> field None
INFO:fitfile.developer_field_definition:DeveloperFieldDefinition(dev_LF/HF[LF/HF]: scale None offset None units , 1 of FLOAT32) for <MessageType.session: 18> field None
INFO:fitfile.developer_field_definition:DeveloperFieldDefinition(dev_LFnu[LFnu]: scale None offset None units n.u., 1 of FLOAT32) for <MessageType.session: 18> field None
INFO:fitfile.developer_field_definition:DeveloperFieldDefinition(dev_HFnu[HFnu]: scale None offset None units n.u., 1 of FLOAT32) for <MessageType.session: 18> field None
INFO:root:Importing C:\Users\jheel\jheelHealthData\FitFiles\Activities/21351600688_ACTIVITY.fit (2025-12-26 07:13:18) [FileType.activity] with message types: [<MessageType.file_id: 0>, <MessageType.file_creator: 49>, <UnknownMessageType.unknown_288: 288>, <UnknownMessageType.unknown_327: 327>, <UnknownMessageType.unknown_326: 326>, <MessageType.event: 21>, <MessageType.device_info: 23>, <MessageType.source: 22>, <MessageType.unknown_141: 141>, <MessageType.device_settings: 2>, <MessageType.user_profile: 3>, <UnknownMessageType.unknown_79: 79>, <MessageType.sport: 12>, <MessageType.unknown_13: 13>, <MessageType.zones_target: 7>, <MessageType.record: 20>, <MessageType.unknown_233: 233>, <MessageType.battery: 104>, <MessageType.dev_data_id: 207>, <MessageType.field_description: 206>, <MessageType.lap: 19>, <MessageType.hr_zones_timer: 216>, <MessageType.firstbeat: 140>, <MessageType.session: 18>, <MessageType.activity: 34>]
INFO:root:Writing attribute: 0.0 -> 'active_time_zone' at datetime.datetime(2025, 12, 26, 7, 13, 18)
INFO:root:Writing attribute: <DateMode.month_day: 1> -> 'date_mode' at datetime.datetime(2025, 12, 26, 7, 13, 18)
INFO:root:Writing attribute: 0.0 -> 'time_zone' at datetime.datetime(2025, 12, 26, 7, 13, 18)
INFO:root:Writing attribute: <DateMode.month_day: 1> -> 'date_format' at datetime.datetime(2025, 12, 26, 7, 13, 18)
INFO:root:user profile message: {'wake_time': datetime.time(5, 40, 51), 'sleep_time': datetime.time(21, 30), 'ts_41': datetime.datetime(2126, 2, 6, 6, 28, 15, tzinfo=datetime.timezone.utc), 'unknown_42': None, 'weight': 75.5, 'user_running_step_length': None, 'user_walking_step_length': 0.734, 'unknown_33': None, 'unknown_37': None, 'unknown_38': None, 'gender': <Gender.male: 1>, 'height': 1.67, 'language': <Language.English: 0>, 'elev_setting': <DisplayMeasure.metric: 0>, 'weight_setting': <DisplayMeasure.metric: 0>, 'resting_heart_rate': 58.0, 'hr_setting': <DisplayHeart.max: 1>, 'speed_setting': <DisplayMeasure.metric: 0>, 'dist_setting': <DisplayMeasure.metric: 0>, 'activity_class': '70', 'position_setting': <DisplayPosition.degree_minute_second: 2>, 'temperature_setting': <DisplayMeasure.metric: 0>, 'year_of_birth': 1977, 'height_setting': <DisplayMeasure.metric: 0>, 'unknown_36': 0.0, 'unknown_43': 0.0, 'unknown_44': 10.0, 'unknown_45': 11.0, 'unknown_52': 0.0, 'unknown_53': 3.0, 'unknown_54': 4.0, 'unknown_57': 0.0}
INFO:root:Writing attribute: <Gender.male: 1> -> 'gender' at datetime.datetime(2025, 12, 26, 7, 13, 18)
INFO:root:Writing attribute: 1.67 -> 'height' at datetime.datetime(2025, 12, 26, 7, 13, 18)
INFO:root:Writing attribute: 75.5 -> 'weight' at datetime.datetime(2025, 12, 26, 7, 13, 18)
INFO:root:Writing attribute: 1977 -> 'year_of_birth' at datetime.datetime(2025, 12, 26, 7, 13, 18)
INFO:root:Writing attribute: <Language.English: 0> -> 'language' at datetime.datetime(2025, 12, 26, 7, 13, 18)
INFO:root:Writing attribute: <DisplayMeasure.metric: 0> -> 'dist_setting' at datetime.datetime(2025, 12, 26, 7, 13, 18)
INFO:root:Writing attribute: <DisplayMeasure.metric: 0> -> 'weight_setting' at datetime.datetime(2025, 12, 26, 7, 13, 18)
INFO:root:Writing attribute: <DisplayPosition.degree_minute_second: 2> -> 'position_setting' at datetime.datetime(2025, 12, 26, 7, 13, 18)
INFO:root:Writing attribute: <DisplayMeasure.metric: 0> -> 'elev_setting' at datetime.datetime(2025, 12, 26, 7, 13, 18)
INFO:root:Writing attribute: datetime.time(21, 30) -> 'sleep_time' at datetime.datetime(2025, 12, 26, 7, 13, 18)
INFO:root:Writing attribute: datetime.time(5, 40, 51) -> 'wake_time' at datetime.datetime(2025, 12, 26, 7, 13, 18)
INFO:root:Writing attribute: <DisplayMeasure.metric: 0> -> 'speed_setting' at datetime.datetime(2025, 12, 26, 7, 13, 18)
INFO:root:Writing attribute: <DisplayMeasure.metric: 0> -> 'measurement_system' at datetime.datetime(2025, 12, 26, 7, 13, 18)
INFO:root:Writing attribute: <DisplayMeasure.metric: 0> -> 'measurement_system' at datetime.datetime(2025, 12, 26, 7, 13, 18)
INFO:root:Writing attribute: <DisplayMeasure.metric: 0> -> 'measurement_system' at datetime.datetime(2025, 12, 26, 7, 13, 18)
INFO:root:Writing attribute: <DisplayMeasure.metric: 0> -> 'measurement_system' at datetime.datetime(2025, 12, 26, 7, 13, 18)
INFO:root:writing hr zone data for C:\Users\jheel\jheelHealthData\FitFiles\Activities/21351600688_ACTIVITY.fit
INFO:root:writing lap hr zone data {'timestamp': datetime.datetime(2025, 12, 26, 5, 21, 12, tzinfo=datetime.timezone.utc), 'hr_zones_time': [datetime.time(0, 4, 59, 45000), datetime.time(0, 0), datetime.time(0, 0), datetime.time(0, 0), datetime.time(0, 0), datetime.time(0, 0), datetime.time(0, 0)], 'unknown_5': [None, None, None, None, None, None, None, None], 'unknown_9': [None, None, None, None, None, None, None, None], 'hr_zones_timer_type': <HeartRateZonesTimerType.lap: 19>, 'record_num': 0, 'unknown_15': None, 'hr_zones': [88, 105, 123, 140, 158, 175], 'hr_zones_method': <HeartRateZonesMethod.max_heart_rate: 1>, 'max_heart_rate': 175.0, 'min_heart_rate': 58.0, 'lactate_threshhold_heart_rate': None, 'unknown_14': None} for C:\Users\jheel\jheelHealthData\FitFiles\Activities/21351600688_ACTIVITY.fit
INFO:root:writing lap hr zone data {'activity_id': '21351600688', 'lap': 0, 'hr_zones_method': <HeartRateZonesMethod.max_heart_rate: 1>, 'hrz_1_time': datetime.time(0, 0), 'hrz_2_time': datetime.time(0, 0), 'hrz_3_time': datetime.time(0, 0), 'hrz_4_time': datetime.time(0, 0), 'hrz_5_time': datetime.time(0, 0), 'hrz_1_hr': 88, 'hrz_2_hr': 105, 'hrz_3_hr': 123, 'hrz_4_hr': 140, 'hrz_5_hr': 158} for C:\Users\jheel\jheelHealthData\FitFiles\Activities/21351600688_ACTIVITY.fit
INFO:root:writing hr zone data for C:\Users\jheel\jheelHealthData\FitFiles\Activities/21351600688_ACTIVITY.fit
INFO:root:writing session hr zone data {'timestamp': datetime.datetime(2025, 12, 26, 5, 21, 12, tzinfo=datetime.timezone.utc), 'hr_zones_time': [datetime.time(0, 4, 59, 45000), datetime.time(0, 0), datetime.time(0, 0), datetime.time(0, 0), datetime.time(0, 0), datetime.time(0, 0), datetime.time(0, 0)], 'unknown_5': [None, None, None, None, None, None, None, None], 'unknown_9': [None, None, None, None, None, None, None, None], 'hr_zones_timer_type': <HeartRateZonesTimerType.session: 18>, 'record_num': 0, 'unknown_15': None, 'hr_zones': [88, 105, 123, 140, 158, 175], 'hr_zones_method': <HeartRateZonesMethod.max_heart_rate: 1>, 'max_heart_rate': 175.0, 'min_heart_rate': 58.0, 'lactate_threshhold_heart_rate': None, 'unknown_14': None} for C:\Users\jheel\jheelHealthData\FitFiles\Activities/21351600688_ACTIVITY.fit
INFO:root:No entry handler _write_firstbeat_entry for known message type <MessageType.firstbeat: 140> (1) from C:\Users\jheel\jheelHealthData\FitFiles\Activities/21351600688_ACTIVITY.fit: DataMessage: <MessageType.firstbeat: 140>: {'timestamp': datetime.datetime(2025, 12, 26, 5, 21, 12, tzinfo=datetime.timezone.utc), 'unknown_2': 4801.0, 'unknown_3': 4801.0, 'unknown_5': 83778.0, 'unknown_6': 805505.0, 'metamax': 0, 'position_21': None, 'position_24': 0.12621017172932625, 'unknown_26': 4801.0, 'unknown_27': 0.0, 'unknown_28': 0.0, 'unknown_29': 0.0, 'unknown_32': 1310720000.0, 'unknown_35': 299087.0, 'unknown_36': 0.0, 'unknown_37': 4801.0, 'unknown_38': 0.0, 'unknown_39': 4801.0, 'unknown_40': 0.0, 'unknown_48': 1135668072.0, 'recovery_time': datetime.time(4, 59), 'unknown_10': 61432.0, 'lactate_threshold_heart_rate': None, 'lactate_threshold_speed': None, 'unknown_16': None, 'unknown_43': 0.0, 'unknown_44': 332.0, 'unknown_45': 0.0, 'unknown_55': 0.0, 'unknown_0': 62.0, 'max_heart_rate': 0.0, 'aerobic_training_effect': 0.0, 'unknown_8': 0.0, 'unknown_11': 0.0, 'unknown_12': 26.0, 'unknown_13': 0.0, 'unknown_17': 0.0, 'unknown_18': 1.0, 'unknown_19': 10.0, 'anaerobic_training_effect': 0.0, 'unknown_22': 18.0, 'unknown_23': 0.0, 'unknown_25': 22.0, 'unknown_30': 11.0, 'unknown_31': 85.0, 'unknown_33': 0.0, 'unknown_34': 0.0, 'unknown_41': 0.0, 'unknown_42': 0.0, 'unknown_46': 5.0, 'unknown_49': None, 'unknown_50': None, 'unknown_51': 0.0, 'unknown_52': None, 'unknown_56': 12.0}
INFO:fitfile.developer_field_definition:DeveloperFieldDefinition(dev_Running Economy[Running Economy]: scale None offset None units , 1 of FLOAT32) for <MessageType.record: 20> field None
INFO:fitfile.developer_field_definition:DeveloperFieldDefinition(dev_Cooper Test [m][Cooper Test [m]]: scale None offset None units , 1 of FLOAT32) for <MessageType.record: 20> field None
INFO:fitfile.developer_field_definition:DeveloperFieldDefinition(dev_Performance Index[Performance Index]: scale None offset None units , 1 of FLOAT32) for <MessageType.record: 20> field None
INFO:fitfile.developer_field_definition:DeveloperFieldDefinition(dev_Aerobic Decoupling[Aerobic Decoupling]: scale None offset None units %, 1 of FLOAT32) for <MessageType.record: 20> field None
INFO:fitfile.developer_field_definition:DeveloperFieldDefinition(dev_HR-RS Deviation[HR-RS Deviation]: scale None offset None units , 1 of FLOAT32) for <MessageType.record: 20> field None
INFO:fitfile.developer_field_definition:DeveloperFieldDefinition(dev_HR Load[HR Load]: scale None offset None units , 1 of FLOAT32) for <MessageType.record: 20> field None
INFO:fitfile.developer_field_definition:DeveloperFieldDefinition(dev_VO2[VO2]: scale None offset None units ml/min/kg, 1 of FLOAT32) for <MessageType.record: 20> field None
INFO:fitfile.developer_field_definition:DeveloperFieldDefinition(dev_Running Economy[Running Economy]: scale None offset None units , 1 of FLOAT32) for <MessageType.record: 20> field None
INFO:fitfile.developer_field_definition:DeveloperFieldDefinition(dev_Cooper Test [m][Cooper Test [m]]: scale None offset None units , 1 of FLOAT32) for <MessageType.record: 20> field None
INFO:fitfile.developer_field_definition:DeveloperFieldDefinition(dev_Performance Index[Performance Index]: scale None offset None units , 1 of FLOAT32) for <MessageType.record: 20> field None
INFO:fitfile.developer_field_definition:DeveloperFieldDefinition(dev_Aerobic Decoupling[Aerobic Decoupling]: scale None offset None units %, 1 of FLOAT32) for <MessageType.record: 20> field None
INFO:fitfile.developer_field_definition:DeveloperFieldDefinition(dev_HR-RS Deviation[HR-RS Deviation]: scale None offset None units , 1 of FLOAT32) for <MessageType.record: 20> field None
INFO:fitfile.developer_field_definition:DeveloperFieldDefinition(dev_HR Load[HR Load]: scale None offset None units , 1 of FLOAT32) for <MessageType.record: 20> field None
INFO:fitfile.developer_field_definition:DeveloperFieldDefinition(dev_VO2[VO2]: scale None offset None units ml/min/kg, 1 of FLOAT32) for <MessageType.record: 20> field None
INFO:fitfile.developer_field_definition:DeveloperFieldDefinition(dev_CardiacDrift[CardiacDrift]: scale None offset None units bpm, 2 of FLOAT32) for <MessageType.session: 18> field None
INFO:fitfile.developer_field_definition:DeveloperFieldDefinition(dev_Aerobic Efficiency[Aerobic Efficiency]: scale None offset None units , 1 of FLOAT32) for <MessageType.session: 18> field None
INFO:fitfile.developer_field_definition:DeveloperFieldDefinition(dev_HR-RS Deviation Index[HR-RS Deviation Index]: scale None offset None units , 1 of FLOAT32) for <MessageType.session: 18> field None
INFO:fitfile.developer_field_definition:DeveloperFieldDefinition(dev_Running Economy[Running Economy]: scale None offset None units , 1 of FLOAT32) for <MessageType.session: 18> field None
INFO:fitfile.developer_field_definition:DeveloperFieldDefinition(dev_Performance Index/VO2Max[Performance Index/VO2Max]: scale None offset None units , 10 of CHAR) for <MessageType.session: 18> field None
INFO:fitfile.developer_field_definition:DeveloperFieldDefinition(dev_VO2maxSession[VO2maxSession]: scale None offset None units ml/min/kg, 1 of FLOAT32) for <MessageType.session: 18> field None
INFO:fitfile.developer_field_definition:DeveloperFieldDefinition(dev_VO2maxSmooth[VO2maxSmooth]: scale None offset None units ml/min/kg, 1 of FLOAT32) for <MessageType.session: 18> field None
INFO:fitfile.developer_field_definition:DeveloperFieldDefinition(dev_CardiacDrift[CardiacDrift]: scale None offset None units bpm, 1 of FLOAT32) for <MessageType.session: 18> field None
INFO:fitfile.developer_field_definition:DeveloperFieldDefinition(dev_CooperTest[CooperTest]: scale None offset None units km/miâ\x80¢VO2max, 15 of CHAR) for <MessageType.session: 18> field None
ERROR:C:\Users\jheel\AppData\Roaming\Python\Python313\site-packages\garmindb\fit_data.py:Failed to parse C:\Users\jheel\jheelHealthData\FitFiles\Activities/21351877944_ACTIVITY.fit: unpack requires a buffer of 3 bytes
ERROR:root:Failed to parse C:\Users\jheel\jheelHealthData\FitFiles\Activities/21351877944_ACTIVITY.fit: unpack requires a buffer of 3 bytes - Traceback (most recent call last):
  File "C:\Users\jheel\AppData\Roaming\Python\Python313\site-packages\garmindb\fit_data.py", line 51, in process_files
    fit_file = fitfile.file.File(file_name, self.measurement_system)
  File "C:\Users\jheel\AppData\Roaming\Python\Python313\site-packages\fitfile\file.py", line 46, in __init__
    self.__parse(file)
    ~~~~~~~~~~~~^^^^^^
  File "C:\Users\jheel\AppData\Roaming\Python\Python313\site-packages\fitfile\file.py", line 65, in __parse
    definition_message = DefinitionMessage(record_header, self.__dev_fields, file)
  File "C:\Users\jheel\AppData\Roaming\Python\Python313\site-packages\fitfile\definition_message.py", line 69, in __init__
    field_definition = FieldDefinition(file)
  File "C:\Users\jheel\AppData\Roaming\Python\Python313\site-packages\fitfile\field_definition.py", line 59, in __init__
    super().__init__(file, FieldDefinition.fd_schema)
    ~~~~~~~~~~~~~~~~^^^^^^^^^^^^^^^^^^^^^^^^^^^^^^^^^
  File "C:\Users\jheel\AppData\Roaming\Python\Python313\site-packages\fitfile\data.py", line 102, in __init__
    self.decode_all()
    ~~~~~~~~~~~~~~~^^
  File "C:\Users\jheel\AppData\Roaming\Python\Python313\site-packages\fitfile\data.py", line 114, in decode_all
    self._decode(self.primary_schema)
    ~~~~~~~~~~~~^^^^^^^^^^^^^^^^^^^^^
  File "C:\Users\jheel\AppData\Roaming\Python\Python313\site-packages\fitfile\data.py", line 109, in _decode
    bytes = struct.unpack(unpack_format, self.file.read(file_size))
struct.error: unpack requires a buffer of 3 bytes

INFO:root:Importing C:\Users\jheel\jheelHealthData\FitFiles\Activities/21351975978_ACTIVITY.fit (2025-12-26 09:40:27) [FileType.activity] with message types: [<MessageType.file_id: 0>, <MessageType.file_creator: 49>, <UnknownMessageType.unknown_288: 288>, <UnknownMessageType.unknown_327: 327>, <UnknownMessageType.unknown_326: 326>, <MessageType.event: 21>, <MessageType.device_info: 23>, <MessageType.source: 22>, <MessageType.unknown_141: 141>, <MessageType.device_settings: 2>, <MessageType.user_profile: 3>, <UnknownMessageType.unknown_79: 79>, <MessageType.sport: 12>, <MessageType.unknown_13: 13>, <MessageType.zones_target: 7>, <MessageType.record: 20>, <MessageType.unknown_233: 233>, <MessageType.battery: 104>, <MessageType.lap: 19>, <MessageType.hr_zones_timer: 216>, <MessageType.firstbeat: 140>, <MessageType.session: 18>, <MessageType.activity: 34>]
INFO:root:Writing attribute: 0.0 -> 'active_time_zone' at datetime.datetime(2025, 12, 26, 9, 40, 27)
INFO:root:Writing attribute: <DateMode.month_day: 1> -> 'date_mode' at datetime.datetime(2025, 12, 26, 9, 40, 27)
INFO:root:Writing attribute: 0.0 -> 'time_zone' at datetime.datetime(2025, 12, 26, 9, 40, 27)
INFO:root:Writing attribute: <DateMode.month_day: 1> -> 'date_format' at datetime.datetime(2025, 12, 26, 9, 40, 27)
INFO:root:user profile message: {'wake_time': datetime.time(5, 40, 51), 'sleep_time': datetime.time(21, 30), 'ts_41': datetime.datetime(2126, 2, 6, 6, 28, 15, tzinfo=datetime.timezone.utc), 'unknown_42': None, 'weight': 75.5, 'user_running_step_length': None, 'user_walking_step_length': 0.734, 'unknown_33': None, 'unknown_37': None, 'unknown_38': None, 'gender': <Gender.male: 1>, 'height': 1.67, 'language': <Language.English: 0>, 'elev_setting': <DisplayMeasure.metric: 0>, 'weight_setting': <DisplayMeasure.metric: 0>, 'resting_heart_rate': 58.0, 'hr_setting': <DisplayHeart.max: 1>, 'speed_setting': <DisplayMeasure.metric: 0>, 'dist_setting': <DisplayMeasure.metric: 0>, 'activity_class': '70', 'position_setting': <DisplayPosition.degree_minute_second: 2>, 'temperature_setting': <DisplayMeasure.metric: 0>, 'year_of_birth': 1977, 'height_setting': <DisplayMeasure.metric: 0>, 'unknown_36': 0.0, 'unknown_43': 0.0, 'unknown_44': 10.0, 'unknown_45': 11.0, 'unknown_52': 0.0, 'unknown_53': 3.0, 'unknown_54': 4.0, 'unknown_57': 0.0}
INFO:root:Writing attribute: <Gender.male: 1> -> 'gender' at datetime.datetime(2025, 12, 26, 9, 40, 27)
INFO:root:Writing attribute: 1.67 -> 'height' at datetime.datetime(2025, 12, 26, 9, 40, 27)
INFO:root:Writing attribute: 75.5 -> 'weight' at datetime.datetime(2025, 12, 26, 9, 40, 27)
INFO:root:Writing attribute: 1977 -> 'year_of_birth' at datetime.datetime(2025, 12, 26, 9, 40, 27)
INFO:root:Writing attribute: <Language.English: 0> -> 'language' at datetime.datetime(2025, 12, 26, 9, 40, 27)
INFO:root:Writing attribute: <DisplayMeasure.metric: 0> -> 'dist_setting' at datetime.datetime(2025, 12, 26, 9, 40, 27)
INFO:root:Writing attribute: <DisplayMeasure.metric: 0> -> 'weight_setting' at datetime.datetime(2025, 12, 26, 9, 40, 27)
INFO:root:Writing attribute: <DisplayPosition.degree_minute_second: 2> -> 'position_setting' at datetime.datetime(2025, 12, 26, 9, 40, 27)
INFO:root:Writing attribute: <DisplayMeasure.metric: 0> -> 'elev_setting' at datetime.datetime(2025, 12, 26, 9, 40, 27)
INFO:root:Writing attribute: datetime.time(21, 30) -> 'sleep_time' at datetime.datetime(2025, 12, 26, 9, 40, 27)
INFO:root:Writing attribute: datetime.time(5, 40, 51) -> 'wake_time' at datetime.datetime(2025, 12, 26, 9, 40, 27)
INFO:root:Writing attribute: <DisplayMeasure.metric: 0> -> 'speed_setting' at datetime.datetime(2025, 12, 26, 9, 40, 27)
INFO:root:Writing attribute: <DisplayMeasure.metric: 0> -> 'measurement_system' at datetime.datetime(2025, 12, 26, 9, 40, 27)
INFO:root:Writing attribute: <DisplayMeasure.metric: 0> -> 'measurement_system' at datetime.datetime(2025, 12, 26, 9, 40, 27)
INFO:root:Writing attribute: <DisplayMeasure.metric: 0> -> 'measurement_system' at datetime.datetime(2025, 12, 26, 9, 40, 27)
INFO:root:Writing attribute: <DisplayMeasure.metric: 0> -> 'measurement_system' at datetime.datetime(2025, 12, 26, 9, 40, 27)
INFO:root:writing hr zone data for C:\Users\jheel\jheelHealthData\FitFiles\Activities/21351975978_ACTIVITY.fit
INFO:root:writing lap hr zone data {'timestamp': datetime.datetime(2025, 12, 26, 7, 44, 21, tzinfo=datetime.timezone.utc), 'hr_zones_time': [datetime.time(0, 0, 27, 387000), datetime.time(0, 0, 57, 1000), datetime.time(0, 2, 15, 629000), datetime.time(0, 0, 9, 1000), datetime.time(0, 0), datetime.time(0, 0), datetime.time(0, 0)], 'unknown_5': [None, None, None, None, None, None, None, None], 'unknown_9': [None, None, None, None, None, None, None, None], 'hr_zones_timer_type': <HeartRateZonesTimerType.lap: 19>, 'record_num': 0, 'unknown_15': None, 'hr_zones': [88, 105, 123, 140, 158, 175], 'hr_zones_method': <HeartRateZonesMethod.max_heart_rate: 1>, 'max_heart_rate': 175.0, 'min_heart_rate': 58.0, 'lactate_threshhold_heart_rate': None, 'unknown_14': None} for C:\Users\jheel\jheelHealthData\FitFiles\Activities/21351975978_ACTIVITY.fit
INFO:root:writing lap hr zone data {'activity_id': '21351975978', 'lap': 0, 'hr_zones_method': <HeartRateZonesMethod.max_heart_rate: 1>, 'hrz_1_time': datetime.time(0, 0, 57, 1000), 'hrz_2_time': datetime.time(0, 2, 15, 629000), 'hrz_3_time': datetime.time(0, 0, 9, 1000), 'hrz_4_time': datetime.time(0, 0), 'hrz_5_time': datetime.time(0, 0), 'hrz_1_hr': 88, 'hrz_2_hr': 105, 'hrz_3_hr': 123, 'hrz_4_hr': 140, 'hrz_5_hr': 158} for C:\Users\jheel\jheelHealthData\FitFiles\Activities/21351975978_ACTIVITY.fit
INFO:root:writing hr zone data for C:\Users\jheel\jheelHealthData\FitFiles\Activities/21351975978_ACTIVITY.fit
INFO:root:writing session hr zone data {'timestamp': datetime.datetime(2025, 12, 26, 7, 44, 21, tzinfo=datetime.timezone.utc), 'hr_zones_time': [datetime.time(0, 0, 27, 387000), datetime.time(0, 0, 57, 1000), datetime.time(0, 2, 15, 629000), datetime.time(0, 0, 9, 1000), datetime.time(0, 0), datetime.time(0, 0), datetime.time(0, 0)], 'unknown_5': [None, None, None, None, None, None, None, None], 'unknown_9': [None, None, None, None, None, None, None, None], 'hr_zones_timer_type': <HeartRateZonesTimerType.session: 18>, 'record_num': 0, 'unknown_15': None, 'hr_zones': [88, 105, 123, 140, 158, 175], 'hr_zones_method': <HeartRateZonesMethod.max_heart_rate: 1>, 'max_heart_rate': 175.0, 'min_heart_rate': 58.0, 'lactate_threshhold_heart_rate': None, 'unknown_14': None} for C:\Users\jheel\jheelHealthData\FitFiles\Activities/21351975978_ACTIVITY.fit
INFO:root:No entry handler _write_firstbeat_entry for known message type <MessageType.firstbeat: 140> (1) from C:\Users\jheel\jheelHealthData\FitFiles\Activities/21351975978_ACTIVITY.fit: DataMessage: <MessageType.firstbeat: 140>: {'timestamp': datetime.datetime(2025, 12, 26, 7, 44, 21, tzinfo=datetime.timezone.utc), 'unknown_2': 259920.0, 'unknown_3': 259920.0, 'unknown_5': 435190.0, 'unknown_6': 1526075.0, 'metamax': 0, 'position_21': None, 'position_24': 0.1264619641005993, 'unknown_26': 259920.0, 'unknown_27': 0.0, 'unknown_28': 0.0, 'unknown_29': 0.0, 'unknown_32': 1310720000.0, 'unknown_35': 229058.0, 'unknown_36': 0.0, 'unknown_37': 259920.0, 'unknown_38': 0.0, 'unknown_39': 259920.0, 'unknown_40': 0.0, 'unknown_48': 1135676661.0, 'recovery_time': datetime.time(15, 5), 'unknown_10': 61432.0, 'lactate_threshold_heart_rate': None, 'lactate_threshold_speed': None, 'unknown_16': None, 'unknown_43': 0.0, 'unknown_44': 0.0, 'unknown_45': 0.0, 'unknown_55': 0.0, 'unknown_0': 111.0, 'max_heart_rate': 0.0, 'aerobic_training_effect': 0.5, 'unknown_8': 0.0, 'unknown_11': 10.0, 'unknown_12': 26.0, 'unknown_13': 0.0, 'unknown_17': 0.0, 'unknown_18': 1.0, 'unknown_19': 10.0, 'anaerobic_training_effect': 0.0, 'unknown_22': 18.0, 'unknown_23': 0.0, 'unknown_25': 20.0, 'unknown_30': -100.0, 'unknown_31': -1.0, 'unknown_33': 0.0, 'unknown_34': 0.0, 'unknown_41': 0.0, 'unknown_42': None, 'unknown_46': 2.0, 'unknown_49': None, 'unknown_50': None, 'unknown_51': 0.0, 'unknown_52': None, 'unknown_56': 13.0}
INFO:fitfile.developer_field_definition:DeveloperFieldDefinition(dev_Fat Burned[Fat Burned]: scale None offset None units g, 1 of FLOAT32) for <MessageType.record: 20> field None
INFO:fitfile.developer_field_definition:DeveloperFieldDefinition(dev_Carbs Burned[Carbs Burned]: scale None offset None units g, 1 of FLOAT32) for <MessageType.record: 20> field None
INFO:fitfile.developer_field_definition:DeveloperFieldDefinition(dev_stepsPerKm[stepsPerKm]: scale None offset None units steps, 1 of FLOAT32) for <MessageType.record: 20> field None
INFO:fitfile.developer_field_definition:DeveloperFieldDefinition(dev_stepsPerHour[stepsPerHour]: scale None offset None units steps, 1 of FLOAT32) for <MessageType.record: 20> field None
INFO:fitfile.developer_field_definition:DeveloperFieldDefinition(dev_Fat Burned[Fat Burned]: scale None offset None units g, 1 of FLOAT32) for <MessageType.record: 20> field None
INFO:fitfile.developer_field_definition:DeveloperFieldDefinition(dev_Carbs Burned[Carbs Burned]: scale None offset None units g, 1 of FLOAT32) for <MessageType.record: 20> field None
INFO:fitfile.developer_field_definition:DeveloperFieldDefinition(dev_stepsPerKm[stepsPerKm]: scale None offset None units steps, 1 of FLOAT32) for <MessageType.record: 20> field None
INFO:fitfile.developer_field_definition:DeveloperFieldDefinition(dev_stepsPerHour[stepsPerHour]: scale None offset None units steps, 1 of FLOAT32) for <MessageType.record: 20> field None
INFO:fitfile.developer_field_definition:DeveloperFieldDefinition(dev_steps[steps]: scale None offset None units steps, 1 of UINT32) for <MessageType.lap: 19> field None
INFO:fitfile.developer_field_definition:DeveloperFieldDefinition(dev_Total Fat[Total Fat]: scale None offset None units g, 1 of FLOAT32) for <MessageType.session: 18> field None
INFO:fitfile.developer_field_definition:DeveloperFieldDefinition(dev_Total Carbs[Total Carbs]: scale None offset None units g, 1 of FLOAT32) for <MessageType.session: 18> field None
INFO:fitfile.developer_field_definition:DeveloperFieldDefinition(dev_avgStepsPerKm[avgStepsPerKm]: scale None offset None units steps, 1 of FLOAT32) for <MessageType.session: 18> field None
INFO:fitfile.developer_field_definition:DeveloperFieldDefinition(dev_avgStepsPerHour[avgStepsPerHour]: scale None offset None units steps, 1 of FLOAT32) for <MessageType.session: 18> field None
INFO:fitfile.developer_field_definition:DeveloperFieldDefinition(dev_steps[steps]: scale None offset None units steps, 1 of UINT32) for <MessageType.session: 18> field None
INFO:root:Importing C:\Users\jheel\jheelHealthData\FitFiles\Activities/21352019097_ACTIVITY.fit (2025-12-26 09:44:41) [FileType.activity] with message types: [<MessageType.file_id: 0>, <MessageType.file_creator: 49>, <UnknownMessageType.unknown_288: 288>, <UnknownMessageType.unknown_327: 327>, <UnknownMessageType.unknown_326: 326>, <MessageType.event: 21>, <MessageType.device_info: 23>, <MessageType.source: 22>, <MessageType.unknown_141: 141>, <MessageType.device_settings: 2>, <MessageType.user_profile: 3>, <UnknownMessageType.unknown_79: 79>, <MessageType.sport: 12>, <MessageType.unknown_13: 13>, <MessageType.zones_target: 7>, <MessageType.dev_data_id: 207>, <MessageType.field_description: 206>, <MessageType.record: 20>, <MessageType.unknown_233: 233>, <MessageType.gps_metadata: 160>, <UnknownMessageType.unknown_325: 325>, <MessageType.battery: 104>, <MessageType.lap: 19>, <MessageType.hr_zones_timer: 216>, <MessageType.firstbeat: 140>, <MessageType.session: 18>, <MessageType.activity: 34>]
INFO:root:Writing attribute: 0.0 -> 'active_time_zone' at datetime.datetime(2025, 12, 26, 9, 44, 41)
INFO:root:Writing attribute: <DateMode.month_day: 1> -> 'date_mode' at datetime.datetime(2025, 12, 26, 9, 44, 41)
INFO:root:Writing attribute: 0.0 -> 'time_zone' at datetime.datetime(2025, 12, 26, 9, 44, 41)
INFO:root:Writing attribute: <DateMode.month_day: 1> -> 'date_format' at datetime.datetime(2025, 12, 26, 9, 44, 41)
INFO:root:user profile message: {'wake_time': datetime.time(5, 40, 51), 'sleep_time': datetime.time(21, 30), 'ts_41': datetime.datetime(2126, 2, 6, 6, 28, 15, tzinfo=datetime.timezone.utc), 'unknown_42': None, 'weight': 75.5, 'user_running_step_length': None, 'user_walking_step_length': 0.734, 'unknown_33': None, 'unknown_37': None, 'unknown_38': None, 'gender': <Gender.male: 1>, 'height': 1.67, 'language': <Language.English: 0>, 'elev_setting': <DisplayMeasure.metric: 0>, 'weight_setting': <DisplayMeasure.metric: 0>, 'resting_heart_rate': 58.0, 'hr_setting': <DisplayHeart.max: 1>, 'speed_setting': <DisplayMeasure.metric: 0>, 'dist_setting': <DisplayMeasure.metric: 0>, 'activity_class': '70', 'position_setting': <DisplayPosition.degree_minute_second: 2>, 'temperature_setting': <DisplayMeasure.metric: 0>, 'year_of_birth': 1977, 'height_setting': <DisplayMeasure.metric: 0>, 'unknown_36': 0.0, 'unknown_43': 0.0, 'unknown_44': 10.0, 'unknown_45': 11.0, 'unknown_52': 0.0, 'unknown_53': 3.0, 'unknown_54': 4.0, 'unknown_57': 0.0}
INFO:root:Writing attribute: <Gender.male: 1> -> 'gender' at datetime.datetime(2025, 12, 26, 9, 44, 41)
INFO:root:Writing attribute: 1.67 -> 'height' at datetime.datetime(2025, 12, 26, 9, 44, 41)
INFO:root:Writing attribute: 75.5 -> 'weight' at datetime.datetime(2025, 12, 26, 9, 44, 41)
INFO:root:Writing attribute: 1977 -> 'year_of_birth' at datetime.datetime(2025, 12, 26, 9, 44, 41)
INFO:root:Writing attribute: <Language.English: 0> -> 'language' at datetime.datetime(2025, 12, 26, 9, 44, 41)
INFO:root:Writing attribute: <DisplayMeasure.metric: 0> -> 'dist_setting' at datetime.datetime(2025, 12, 26, 9, 44, 41)
INFO:root:Writing attribute: <DisplayMeasure.metric: 0> -> 'weight_setting' at datetime.datetime(2025, 12, 26, 9, 44, 41)
INFO:root:Writing attribute: <DisplayPosition.degree_minute_second: 2> -> 'position_setting' at datetime.datetime(2025, 12, 26, 9, 44, 41)
INFO:root:Writing attribute: <DisplayMeasure.metric: 0> -> 'elev_setting' at datetime.datetime(2025, 12, 26, 9, 44, 41)
INFO:root:Writing attribute: datetime.time(21, 30) -> 'sleep_time' at datetime.datetime(2025, 12, 26, 9, 44, 41)
INFO:root:Writing attribute: datetime.time(5, 40, 51) -> 'wake_time' at datetime.datetime(2025, 12, 26, 9, 44, 41)
INFO:root:Writing attribute: <DisplayMeasure.metric: 0> -> 'speed_setting' at datetime.datetime(2025, 12, 26, 9, 44, 41)
INFO:root:Writing attribute: <DisplayMeasure.metric: 0> -> 'measurement_system' at datetime.datetime(2025, 12, 26, 9, 44, 41)
INFO:root:Writing attribute: <DisplayMeasure.metric: 0> -> 'measurement_system' at datetime.datetime(2025, 12, 26, 9, 44, 41)
INFO:root:Writing attribute: <DisplayMeasure.metric: 0> -> 'measurement_system' at datetime.datetime(2025, 12, 26, 9, 44, 41)
INFO:root:Writing attribute: <DisplayMeasure.metric: 0> -> 'measurement_system' at datetime.datetime(2025, 12, 26, 9, 44, 41)
INFO:root:No entry handler _write_gps_metadata_entry for known message type <MessageType.gps_metadata: 160> (601) from C:\Users\jheel\jheelHealthData\FitFiles\Activities/21352019097_ACTIVITY.fit: DataMessage: <MessageType.gps_metadata: 160>: {'unknown_3': 2689.0, 'unknown_4': 0.0}
INFO:root:writing hr zone data for C:\Users\jheel\jheelHealthData\FitFiles\Activities/21352019097_ACTIVITY.fit
INFO:root:writing lap hr zone data {'timestamp': datetime.datetime(2025, 12, 26, 7, 54, 45, tzinfo=datetime.timezone.utc), 'hr_zones_time': [datetime.time(0, 0, 58, 2000), datetime.time(0, 8, 37, 683000), datetime.time(0, 0, 16, 87000), datetime.time(0, 0), datetime.time(0, 0), datetime.time(0, 0), datetime.time(0, 0)], 'unknown_5': [None, None, None, None, None, None, None, None], 'unknown_9': [None, None, None, None, None, None, None, None], 'hr_zones_timer_type': <HeartRateZonesTimerType.lap: 19>, 'record_num': 0, 'unknown_15': None, 'hr_zones': [88, 105, 123, 140, 158, 175], 'hr_zones_method': <HeartRateZonesMethod.max_heart_rate: 1>, 'max_heart_rate': 175.0, 'min_heart_rate': 58.0, 'lactate_threshhold_heart_rate': None, 'unknown_14': None} for C:\Users\jheel\jheelHealthData\FitFiles\Activities/21352019097_ACTIVITY.fit
INFO:root:writing lap hr zone data {'activity_id': '21352019097', 'lap': 0, 'hr_zones_method': <HeartRateZonesMethod.max_heart_rate: 1>, 'hrz_1_time': datetime.time(0, 8, 37, 683000), 'hrz_2_time': datetime.time(0, 0, 16, 87000), 'hrz_3_time': datetime.time(0, 0), 'hrz_4_time': datetime.time(0, 0), 'hrz_5_time': datetime.time(0, 0), 'hrz_1_hr': 88, 'hrz_2_hr': 105, 'hrz_3_hr': 123, 'hrz_4_hr': 140, 'hrz_5_hr': 158} for C:\Users\jheel\jheelHealthData\FitFiles\Activities/21352019097_ACTIVITY.fit
INFO:root:writing hr zone data for C:\Users\jheel\jheelHealthData\FitFiles\Activities/21352019097_ACTIVITY.fit
INFO:root:writing session hr zone data {'timestamp': datetime.datetime(2025, 12, 26, 7, 54, 45, tzinfo=datetime.timezone.utc), 'hr_zones_time': [datetime.time(0, 0, 58, 2000), datetime.time(0, 8, 37, 683000), datetime.time(0, 0, 16, 87000), datetime.time(0, 0), datetime.time(0, 0), datetime.time(0, 0), datetime.time(0, 0)], 'unknown_5': [None, None, None, None, None, None, None, None], 'unknown_9': [None, None, None, None, None, None, None, None], 'hr_zones_timer_type': <HeartRateZonesTimerType.session: 18>, 'record_num': 0, 'unknown_15': None, 'hr_zones': [88, 105, 123, 140, 158, 175], 'hr_zones_method': <HeartRateZonesMethod.max_heart_rate: 1>, 'max_heart_rate': 175.0, 'min_heart_rate': 58.0, 'lactate_threshhold_heart_rate': None, 'unknown_14': None} for C:\Users\jheel\jheelHealthData\FitFiles\Activities/21352019097_ACTIVITY.fit
INFO:root:No entry handler _write_firstbeat_entry for known message type <MessageType.firstbeat: 140> (1) from C:\Users\jheel\jheelHealthData\FitFiles\Activities/21352019097_ACTIVITY.fit: DataMessage: <MessageType.firstbeat: 140>: {'timestamp': datetime.datetime(2025, 12, 26, 7, 54, 45, tzinfo=datetime.timezone.utc), 'unknown_2': 482581.0, 'unknown_3': 494684.0, 'unknown_5': 361341.0, 'unknown_6': 3499190.0, 'metamax': 681547, 'position_21': None, 'position_24': 0.12646975927054882, 'unknown_26': 494684.0, 'unknown_27': 0.0, 'unknown_28': 0.0, 'unknown_29': 0.0, 'unknown_32': 2241970.0, 'unknown_35': 597813.0, 'unknown_36': 74500.0, 'unknown_37': 494684.0, 'unknown_38': 0.0, 'unknown_39': 494684.0, 'unknown_40': 0.0, 'unknown_48': 1135677285.0, 'recovery_time': datetime.time(14, 55), 'unknown_10': 61432.0, 'lactate_threshold_heart_rate': None, 'lactate_threshold_speed': None, 'unknown_16': None, 'unknown_43': 0.0, 'unknown_44': 0.0, 'unknown_45': 0.0, 'unknown_55': 239.0, 'unknown_0': 90.0, 'max_heart_rate': 0.0, 'aerobic_training_effect': 0.8, 'unknown_8': 0.0, 'unknown_11': 11.0, 'unknown_12': 0.0, 'unknown_13': 0.0, 'unknown_17': 0.0, 'unknown_18': 1.0, 'unknown_19': 10.0, 'anaerobic_training_effect': 0.0, 'unknown_22': 18.0, 'unknown_23': 0.0, 'unknown_25': 19.0, 'unknown_30': 12.0, 'unknown_31': 72.0, 'unknown_33': 0.0, 'unknown_34': 1.0, 'unknown_41': 0.0, 'unknown_42': 0.0, 'unknown_46': 2.0, 'unknown_49': None, 'unknown_50': None, 'unknown_51': 0.0, 'unknown_52': 0.0, 'unknown_56': 7.0}
INFO:C:\Python313\Scripts\garmindb_cli.py:___Analyzing Data___
INFO:idbutils.db_object:Found time_col_name timestamp for table summary
INFO:idbutils.db_object:Found time_col_name timestamp for table summary
