timestamp,heart_rate,rr_intervals,sleep_stage,spo2,activity_level,time_in_bed_min,total_sleep_min
2024-01-01 00:00:00,54.6,"[1031.2805705374496, 975.9369300636871, 1022.6670885776307, 995.8710785538218, 925.4998337695826]",deep,96.1,0.4,480,450
2024-01-01 00:30:00,73.2,"[961.8290467451344, 1107.887427597585, 1123.3671986890606, 989.7314046045677, 1030.2001998692458]",deep,95.6,2.5,480,450
2024-01-01 01:00:00,63.8,"[1009.6945038624389, 977.8591158719506, 972.6109705046242, 956.6147336680048, 1108.9416996528576]",deep,96.4,7.1,480,450
2024-01-01 01:30:00,63.7,"[993.8345457141529, 894.4541938484753, 973.0719691041724, 896.375242066364, 976.8668139385567]",deep,96.5,3.7,480,450
2024-01-01 02:00:00,61.8,"[1044.2006350967772, 940.9814078679569, 1008.0365323774513, 984.9074462490048, 1010.7660931211844]",rem,96.0,5.1,480,450
2024-01-01 02:30:00,60.5,"[993.6752418905905, 922.0148849032485, 950.7530860330077, 1003.0438968323193, 1023.0646204102347]",rem,96.8,3.3,480,450
2024-01-01 03:00:00,61.0,"[1005.6310633194744, 974.1932127907136, 887.3274494611699, 1068.546266264317, 1029.4391808211608]",rem,96.1,7.2,480,450
2024-01-01 03:30:00,58.7,"[983.6009405782487, 963.8537980122062, 935.363198959774, 1095.4780276621514, 997.8356919122483]",rem,95.7,4.9,480,450
2024-01-01 04:00:00,57.5,"[982.6722546584094, 1002.9022319612988, 994.8881550076889, 997.8815812023578, 994.4131598336413]",light,96.3,4.4,480,450
2024-01-01 04:30:00,70.4,"[1016.6761045449925, 994.8190037679859, 1006.0723183450109, 1023.996436845302, 1057.1431198959335]",light,95.5,2.5,480,450
2024-01-01 05:00:00,64.0,"[979.1536075010824, 1032.3815286979316, 998.7698842582856, 990.2906816822726, 1007.0060764495634]",light,96.1,7.1,480,450
2024-01-01 05:30:00,75.2,"[989.4330577343829, 1034.6367261788882, 959.6083816380376, 977.7889982234561, 969.1829213901625]",light,96.4,4.0,480,450
2024-01-01 06:00:00,63.8,"[787.2062097304594, 825.5093814675897, 849.5195106244402, 762.483277415854, 754.3757751175071]",awake,97.7,4.3,0,0
2024-01-01 06:30:00,73.3,"[799.4368866347382, 757.131400015609, 732.8987994334716, 848.7411431396216, 771.3780285903508]",awake,98.3,13.5,0,0
2024-01-01 07:00:00,135.9,"[393.1267598164984, 416.9683280188293, 428.955589105384, 386.830739331996, 443.41773694732393]",awake,98.3,80.6,0,0
2024-01-01 07:30:00,132.4,"[479.3141335554225, 440.79486817159415, 467.23134836839256, 433.9565100677195, 432.3843019799548]",awake,97.9,93.8,0,0
2024-01-01 08:00:00,133.0,"[437.50531712339426, 391.9440772027457, 399.6091699648095, 441.5744093194184, 460.8920732748099]",awake,97.4,72.6,0,0
2024-01-01 08:30:00,115.3,"[372.3633165056808, 428.2374350321564, 443.5794427275795, 419.9589989378115, 448.9818702825963]",awake,98.1,86.8,0,0
2024-01-01 09:00:00,71.2,"[830.1439237274664, 827.4020350731181, 773.9619297407405, 810.5495715606125, 809.6810033374378]",awake,99.0,19.9,0,0
2024-01-01 09:30:00,79.6,"[860.720508814625, 731.3164655881986, 814.3842371788687, 859.4727404564746, 840.0727154214502]",awake,97.7,22.9,0,0
2024-01-01 10:00:00,76.2,"[839.0957105769996, 823.2981245625192, 824.7666729473107, 809.1967021492583, 796.6805766302083]",awake,98.3,26.6,0,0
2024-01-01 10:30:00,76.2,"[777.7153071105456, 813.7293407919909, 802.340531802769, 766.8479413678855, 814.2760472447001]",awake,97.7,6.2,0,0
2024-01-01 11:00:00,63.1,"[745.2486700185316, 726.8470206448677, 788.8492357684898, 799.6346558977777, 865.7091700023295]",awake,97.5,24.4,0,0
2024-01-01 11:30:00,71.1,"[767.5703426618201, 770.5573155611467, 746.8173713896439, 780.8073684907224, 781.1853610491564]",awake,98.3,0.3,0,0
2024-01-01 12:00:00,74.4,"[799.7773087505522, 856.9631150631748, 775.1486698380261, 827.8464776475923, 808.9888172263188]",awake,97.8,36.7,0,0
2024-01-01 12:30:00,76.2,"[751.2273334157101, 745.8066791193145, 800.7499941996277, 841.3011889376157, 820.147210301467]",awake,97.4,17.2,0,0
2024-01-01 13:00:00,74.1,"[828.393245972372, 831.6164473461845, 733.6684690949612, 769.8633779273939, 777.6251968805227]",awake,97.5,18.7,0,0
2024-01-01 13:30:00,67.9,"[722.9102149820245, 825.6197486970233, 819.216088717753, 896.0093785944948, 726.8685333507087]",awake,97.8,26.2,0,0
2024-01-01 14:00:00,79.8,"[821.9353676630219, 776.257983360762, 798.9450183925899, 759.1275307949253, 797.0165590013546]",awake,97.7,16.4,0,0
2024-01-01 14:30:00,71.6,"[755.8289330337267, 816.9123473866571, 739.9074645383097, 794.6117672471084, 833.6468731554553]",awake,98.4,13.8,0,0
2024-01-01 15:00:00,68.9,"[867.8117936695533, 804.7726621773115, 797.2422338506095, 920.8286584032405, 745.5249090406696]",awake,97.5,19.6,0,0
2024-01-01 15:30:00,89.5,"[811.992188841025, 813.3824625099198, 831.9034021690301, 816.8996047329878, 792.0804379959441]",awake,99.0,25.6,0,0
2024-01-01 16:00:00,74.7,"[772.6420623475385, 738.3682130022347, 784.9580167563764, 817.4824361709224, 781.4501315362794]",awake,97.8,26.6,0,0
2024-01-01 16:30:00,80.3,"[841.0958670548574, 814.2641968993855, 759.3457481532872, 808.838080708252, 799.9084438853089]",awake,98.8,24.0,0,0
2024-01-01 17:00:00,75.3,"[730.2897518387169, 805.9940973947581, 733.7115244417074, 761.2670961406559, 778.8415155575537]",awake,98.2,31.2,0,0
2024-01-01 17:30:00,90.2,"[796.2357038826254, 806.882925655175, 853.6934417777571, 794.7459790841159, 865.1438704260347]",awake,97.7,32.2,0,0
2024-01-01 18:00:00,73.4,"[837.4987772421623, 790.3765980469668, 772.6254581127022, 800.4640025323338, 824.8044543128159]",awake,97.5,34.6,0,0
2024-01-01 18:30:00,81.3,"[784.2258351264096, 811.2269474488264, 769.936782996774, 823.7475770545727, 836.2430252845205]",awake,98.7,21.8,0,0
2024-01-01 19:00:00,76.7,"[800.868540511991, 780.7951284653701, 817.9704400598662, 768.938084959091, 840.616373852454]",awake,97.8,36.1,0,0
2024-01-01 19:30:00,62.3,"[743.7035831241484, 796.8195505050697, 820.7213623391028, 780.477096786033, 808.7383383210106]",awake,97.9,22.5,0,0
2024-01-01 20:00:00,68.4,"[808.0729589435427, 802.6223800166541, 759.2850107403088, 795.1052183472691, 725.9110642829537]",awake,98.3,14.3,0,0
2024-01-01 20:30:00,76.8,"[833.550818512618, 845.7008654941334, 781.005123433023, 814.9854139751777, 829.1346260859888]",awake,97.7,18.0,0,0
2024-01-01 21:00:00,69.9,"[779.0407935677895, 852.6420396461367, 793.1673302453131, 812.7726843329103, 725.1518824589966]",awake,98.3,21.7,0,0
2024-01-01 21:30:00,55.4,"[814.2931038791085, 749.5173340149552, 802.610722833073, 799.8516924875006, 825.9131304486082]",awake,98.3,24.9,0,0
2024-01-01 22:00:00,65.3,"[1011.374868374514, 1024.3766120192988, 963.44709850934, 1036.6334523046648, 974.4538501045585]",light,96.5,6.5,480,450
2024-01-01 22:30:00,58.7,"[1047.1360477227104, 961.494077447845, 1016.3675206188576, 969.7314140088093, 1056.940182385635]",light,95.9,4.7,480,450
2024-01-01 23:00:00,59.8,"[932.5677193435594, 1022.4355385974278, 939.8184120155153, 958.1355068995564, 1002.9624663941104]",light,95.4,5.7,480,450
2024-01-01 23:30:00,64.3,"[1034.1520780507135, 953.6534105782509, 1022.5125560881405, 1053.751986594006, 1026.0486494197116]",light,96.4,7.7,480,450
2024-01-02 00:00:00,68.2,"[1041.5413965246803, 961.5869221600587, 995.2826630146259, 899.3395218555138, 1001.1589045289821]",deep,96.1,6.1,480,450
2024-01-02 00:30:00,62.2,"[903.7149975022284, 1000.4573063809419, 1042.7762531602175, 1005.2559657086884, 1004.0029349963221]",deep,95.7,5.4,480,450
2024-01-02 01:00:00,61.9,"[1116.0479470160542, 1012.9008644789958, 878.4192747769578, 987.4402079973024, 946.5407025442049]",deep,97.3,2.7,480,450
2024-01-02 01:30:00,60.7,"[1054.8606961304051, 1027.49006870441, 1045.8686097436766, 1007.9936701999059, 928.511457209512]",deep,95.9,3.1,480,450
2024-01-02 02:00:00,60.3,"[1009.7592016394365, 1020.5390215578037, 977.8657040432645, 1004.6857947246511, 1056.6476065353058]",rem,95.9,6.1,480,450
2024-01-02 02:30:00,65.1,"[943.914177137386, 956.3927295781793, 942.1228630107685, 957.7688544635698, 1047.9696459654742]",rem,95.7,4.1,480,450
2024-01-02 03:00:00,52.1,"[927.2808639090142, 970.9995947983493, 917.2692800436552, 1014.7320739104389, 1018.7176771084012]",rem,96.8,7.2,480,450
2024-01-02 03:30:00,59.3,"[918.2073628932993, 1001.4995855509865, 985.2475142182249, 1042.8358568782678, 1061.0239713676876]",rem,96.9,0.5,480,450
2024-01-02 04:00:00,58.4,"[1043.9531806692876, 1065.4738544023726, 940.8048517663751, 968.3548338677962, 949.9327869470211]",light,96.5,1.4,480,450
2024-01-02 04:30:00,55.4,"[1007.7369575932277, 995.9027931863574, 1070.4128351570107, 1062.014717405603, 995.3327100755027]",light,96.6,1.7,480,450
2024-01-02 05:00:00,55.3,"[896.5913913217938, 1079.9001780585004, 985.3981391848149, 942.2378894392034, 988.5092237892235]",light,96.2,5.8,480,450
2024-01-02 05:30:00,54.6,"[984.8816834251006, 970.293551352731, 961.9882694441312, 1019.401248759602, 1013.8293488182723]",light,95.8,4.3,480,450
2024-01-02 06:00:00,86.1,"[815.6532029203431, 817.8255735912221, 708.5760805298967, 780.7105501576217, 766.2886840606574]",awake,98.0,13.9,0,0
2024-01-02 06:30:00,66.9,"[832.2580439295277, 827.0170098400056, 792.6181093846574, 817.6882574191436, 769.7783688356159]",awake,97.4,32.3,0,0
2024-01-02 07:00:00,132.1,"[459.7008182617816, 435.9085619229334, 418.305985328131, 436.2331903256501, 453.28145816229414]",awake,97.3,74.4,0,0
2024-01-02 07:30:00,152.4,"[411.5030335379543, 441.33430764996524, 438.9824363940007, 409.99025680898177, 416.07401472236074]",awake,98.1,84.5,0,0
2024-01-02 08:00:00,147.1,"[484.62966868026444, 408.6555754557912, 412.9160789714351, 413.39934773696393, 438.4105889159646]",awake,98.3,84.2,0,0
2024-01-02 08:30:00,152.6,"[460.0201079301588, 484.5701053387028, 439.22419482652646, 417.92902821576035, 425.38367085688736]",awake,97.5,87.7,0,0
2024-01-02 09:00:00,88.2,"[801.9802872599614, 851.3805206714646, 783.086817727123, 830.2069077341698, 859.6248757468798]",awake,97.7,7.2,0,0
2024-01-02 09:30:00,75.5,"[798.2474145253834, 782.5265845120124, 859.5193520774183, 755.6926923457404, 811.5281860920705]",awake,98.7,33.4,0,0
2024-01-02 10:00:00,71.0,"[830.3286701597755, 773.7935260865239, 800.6357881964212, 852.1160666248492, 785.842832334441]",awake,98.8,16.6,0,0
2024-01-02 10:30:00,83.5,"[845.4079636086593, 810.693395215531, 843.1911032534276, 838.4428020805088, 868.9244463554116]",awake,97.6,3.9,0,0
2024-01-02 11:00:00,77.3,"[850.3163884528026, 806.2477494283265, 743.4776911793452, 876.330074626147, 832.8833565160301]",awake,97.4,16.4,0,0
2024-01-02 11:30:00,78.9,"[846.4449685252798, 776.5875033413735, 810.1864679569965, 817.7136759885643, 760.5864544486865]",awake,97.4,27.3,0,0
2024-01-02 12:00:00,72.8,"[829.2022424307393, 774.9138025410349, 820.9768578893411, 858.4831970554421, 798.2880863151361]",awake,97.6,37.4,0,0
2024-01-02 12:30:00,89.0,"[753.4552541391729, 825.7135722005212, 780.6205813293617, 777.1184378665148, 865.4719387179739]",awake,97.0,7.3,0,0
2024-01-02 13:00:00,82.9,"[824.4686389571297, 809.3632865810727, 833.7633217845139, 760.0540096281193, 762.074416189602]",awake,98.2,18.4,0,0
2024-01-02 13:30:00,81.0,"[816.8412770483475, 829.0205564554768, 813.1423468889174, 778.0271196377882, 802.9187885488266]",awake,97.2,14.1,0,0
2024-01-02 14:00:00,84.6,"[851.2928333509936, 738.814463910888, 792.3937208727109, 778.0832014228965, 729.0393663518698]",awake,97.8,28.4,0,0
2024-01-02 14:30:00,72.2,"[770.2726230073274, 760.3667330856957, 859.7808180796037, 830.6377374689085, 767.9058696074071]",awake,97.8,19.6,0,0
2024-01-02 15:00:00,80.2,"[804.9359923242731, 797.3062902350907, 775.5893229097247, 847.2522646269887, 796.681207969239]",awake,97.8,4.4,0,0
2024-01-02 15:30:00,70.2,"[849.3120135799213, 720.8706029924516, 818.5628663315448, 767.7989430667867, 794.1163448317086]",awake,97.8,35.3,0,0
2024-01-02 16:00:00,84.3,"[867.9122677405983, 792.6644881806674, 762.3568481598649, 806.6772521248052, 842.801722554728]",awake,97.5,31.6,0,0
2024-01-02 16:30:00,73.3,"[751.7823284857527, 786.4978623115514, 745.9868836684378, 817.4991623860471, 854.3176350118023]",awake,98.4,15.4,0,0
2024-01-02 17:00:00,86.3,"[827.3927268332263, 813.0260788797336, 815.3536312406568, 836.5512595897508, 757.5932839958019]",awake,98.0,32.7,0,0
2024-01-02 17:30:00,71.7,"[837.9190809184452, 800.4737251099733, 800.3094791848739, 793.0692962813151, 799.4720066554112]",awake,98.6,14.0,0,0
2024-01-02 18:00:00,82.5,"[884.7719470648899, 817.0598292448162, 778.2897410307104, 833.6549760728897, 829.1677015702503]",awake,98.4,15.9,0,0
2024-01-02 18:30:00,77.5,"[800.2429829156604, 792.8632394410982, 830.7103697773268, 817.944988606152, 822.6647429609425]",awake,97.0,26.9,0,0
2024-01-02 19:00:00,60.0,"[764.3839349197741, 879.430745419528, 735.8553736966273, 745.2571766499792, 759.0649189746986]",awake,97.7,40.5,0,0
2024-01-02 19:30:00,80.5,"[788.4346839626701, 828.0998636156297, 701.2356876781181, 791.0341123805273, 855.099362478374]",awake,97.4,25.7,0,0
2024-01-02 20:00:00,83.2,"[749.5808975496857, 754.2359005386323, 786.9906690454109, 768.4698011585882, 844.8968026573831]",awake,98.1,18.1,0,0
2024-01-02 20:30:00,84.9,"[899.0383360984054, 813.5027417379501, 854.3861361891252, 775.3332179289245, 828.203365418196]",awake,98.1,9.3,0,0
2024-01-02 21:00:00,76.3,"[782.3774245273772, 737.0147825881494, 758.1657697871303, 703.0508600876608, 877.18714508956]",awake,98.2,7.0,0,0
2024-01-02 21:30:00,57.8,"[919.757062632132, 792.3870245267182, 751.98271607021, 720.0027343206413, 831.6029403501843]",awake,98.2,18.1,0,0
2024-01-02 22:00:00,53.5,"[870.5265676194631, 1060.768883976485, 1042.1514359322239, 930.8575386938793, 984.0281954325974]",light,96.7,4.4,480,450
2024-01-02 22:30:00,64.8,"[1017.9287117344531, 1031.62883816935, 1060.7635452711775, 939.7457401193669, 1064.7969187312935]",light,96.2,4.3,480,450
2024-01-02 23:00:00,63.0,"[1005.0875230225626, 978.3138097463122, 1013.3515460959258, 1017.6486034572309, 1056.3833977785237]",light,96.0,4.0,480,450
2024-01-02 23:30:00,49.3,"[1034.6393557144743, 985.3176727599695, 1070.6238168561713, 1041.7444007630968, 1046.8284806512324]",light,96.3,8.4,480,450
2024-01-03 00:00:00,60.6,"[922.014611776722, 987.3224899393574, 1034.6734808918125, 984.718890429175, 954.0809912064426]",deep,95.5,3.3,480,450
2024-01-03 00:30:00,60.1,"[967.6187149636031, 991.7643971979771, 955.6874225628744, 873.9323998161265, 1010.2497996645999]",deep,95.1,6.8,480,450
2024-01-03 01:00:00,59.7,"[908.3453403024486, 988.0918202696886, 1072.4961318959265, 1038.7097672141579, 951.769380782781]",deep,95.5,5.0,480,450
2024-01-03 01:30:00,53.2,"[966.1566673932791, 1018.2723019325368, 1066.8536276963737, 956.8414835412755, 1022.9424824615987]",deep,96.0,3.9,480,450
2024-01-03 02:00:00,56.0,"[1044.0983845818914, 1009.6029156535709, 1074.622234400098, 961.9784655570162, 993.1530040521372]",rem,96.5,3.2,480,450
2024-01-03 02:30:00,61.3,"[1025.726877921488, 1017.6738572699462, 999.0488519905107, 926.6442113620087, 933.0244330689733]",rem,96.0,4.0,480,450
2024-01-03 03:00:00,62.2,"[996.0609725458589, 938.3492596211082, 1058.4307845070364, 988.3437057613729, 921.6436831419605]",rem,96.4,5.8,480,450
2024-01-03 03:30:00,55.9,"[959.2166717692222, 953.3591920770309, 992.0880812979043, 1009.728412770959, 975.3023112563383]",rem,96.5,2.8,480,450
2024-01-03 04:00:00,58.0,"[1069.4985997896763, 1063.5625446044983, 957.4293175211669, 963.0061562082088, 1057.2503773612286]",light,96.3,7.8,480,450
2024-01-03 04:30:00,55.5,"[951.7800185779078, 1017.1997683754453, 1012.8639456500193, 1025.1606451750422, 943.7969295712768]",light,96.7,3.2,480,450
2024-01-03 05:00:00,69.0,"[960.0092630600599, 1008.3274843332812, 961.3586794627948, 931.5319020005959, 1009.0232782764967]",light,95.9,3.4,480,450
2024-01-03 05:30:00,57.3,"[1014.0354165727304, 1044.3550755524504, 1020.7918858899104, 1006.7443799193354, 901.9651302662259]",light,96.5,5.8,480,450
2024-01-03 06:00:00,77.9,"[834.9571170897234, 838.06983439757, 766.2551780147228, 809.7521987207339, 727.523511064184]",awake,98.4,30.9,0,0
2024-01-03 06:30:00,69.3,"[833.9374018762413, 841.3437276216001, 851.4195975878565, 812.4582457441951, 751.0372834430322]",awake,98.0,3.4,0,0
2024-01-03 07:00:00,145.6,"[446.2199318777716, 458.6507369829771, 382.42049845405603, 437.1677166333031, 443.8108567531972]",awake,97.5,84.1,0,0
2024-01-03 07:30:00,151.2,"[394.5833939199134, 447.68212212717947, 393.36467125613063, 465.0613360518606, 424.91185697541846]",awake,98.1,79.9,0,0
2024-01-03 08:00:00,146.6,"[422.05620832671383, 403.3904220731678, 378.465005416764, 472.41891517187594, 401.9465565919156]",awake,98.0,83.0,0,0
2024-01-03 08:30:00,129.7,"[497.4052793154996, 442.89771950777794, 402.9874505082141, 371.5376970757857, 450.0525123608077]",awake,97.8,84.1,0,0
2024-01-03 09:00:00,67.9,"[797.7489322774614, 819.7913082283837, 808.8040533611636, 796.5919139406742, 693.5700578520925]",awake,98.2,13.7,0,0
2024-01-03 09:30:00,75.4,"[896.1644152925807, 739.8502611787718, 819.7694969883108, 757.4295910133047, 847.5428207696717]",awake,97.7,19.0,0,0
2024-01-03 10:00:00,82.3,"[792.4569301889746, 770.1599066143417, 747.6644188245334, 762.3735915084271, 799.3120784035632]",awake,98.0,12.3,0,0
2024-01-03 10:30:00,67.8,"[821.6446153062454, 840.3555907048033, 752.6307515039208, 815.0512176360763, 736.6323977804882]",awake,98.0,15.1,0,0
2024-01-03 11:00:00,74.8,"[820.3206849539121, 762.4841616619383, 777.7124460193306, 805.846331591019, 877.6754630314467]",awake,98.9,24.6,0,0
2024-01-03 11:30:00,81.7,"[777.8797697895537, 854.7516579018142, 742.2467315940656, 780.8139327769543, 757.2566824223094]",awake,98.0,37.0,0,0
2024-01-03 12:00:00,62.9,"[818.1638802974782, 781.7217899185541, 776.8074945029849, 830.6802045368562, 844.733719736329]",awake,98.0,26.0,0,0
2024-01-03 12:30:00,65.5,"[823.6657338887309, 809.7043585717532, 801.999320422207, 807.3444943648753, 739.4699014605046]",awake,98.0,34.7,0,0
2024-01-03 13:00:00,78.4,"[784.7959970929772, 807.9289863832967, 840.8428042622747, 887.9249113036894, 824.955860126938]",awake,98.2,18.8,0,0
2024-01-03 13:30:00,71.9,"[740.1281937707056, 752.2261858085661, 807.6484073822082, 754.8198171990871, 781.1604402843419]",awake,97.7,6.6,0,0
2024-01-03 14:00:00,78.6,"[763.0570722657054, 868.4900728566299, 774.8287410734334, 780.3677774123821, 833.4179988381574]",awake,98.2,19.3,0,0
2024-01-03 14:30:00,81.9,"[792.4611945284963, 731.7382325577073, 858.2329128481076, 841.0467469165279, 742.739982368568]",awake,99.0,32.2,0,0
2024-01-03 15:00:00,67.9,"[862.0771715823048, 769.8853031232658, 804.7254114624998, 752.3991216909628, 718.003271108965]",awake,97.8,30.5,0,0
2024-01-03 15:30:00,64.7,"[821.3940299131518, 766.2983129498285, 803.908234757798, 791.6257092929169, 849.6807624570953]",awake,98.4,18.9,0,0
2024-01-03 16:00:00,90.0,"[842.6667202711681, 799.0468838369167, 816.4628400754411, 752.5365913072127, 721.4339431133875]",awake,97.8,18.3,0,0
2024-01-03 16:30:00,74.4,"[796.7763383784896, 830.7335351062409, 782.0196394154834, 857.7188704781748, 787.3666561765506]",awake,98.2,33.5,0,0
2024-01-03 17:00:00,89.7,"[766.4278085381244, 779.5984177751801, 762.5349971051661, 780.0521970550714, 772.0116138480525]",awake,97.2,37.3,0,0
2024-01-03 17:30:00,76.1,"[863.2026994622959, 831.3354168559662, 817.0323266180702, 820.0575739589187, 799.7852537849519]",awake,97.6,29.1,0,0
2024-01-03 18:00:00,76.4,"[779.7631259977348, 789.4214073927307, 779.4498149134226, 832.002788166563, 793.0238252442105]",awake,97.3,31.8,0,0
2024-01-03 18:30:00,76.8,"[713.9208274777643, 738.5878509193108, 673.6325112183611, 869.1978683629619, 801.7656102823837]",awake,97.7,19.4,0,0
2024-01-03 19:00:00,76.3,"[861.9075820914182, 784.7073954578303, 806.1964029547784, 858.859072920935, 760.5448451341156]",awake,98.5,12.0,0,0
2024-01-03 19:30:00,49.4,"[759.9880166989408, 808.5227912747002, 801.7021413337903, 796.3947456785032, 803.2381124492583]",awake,98.0,30.7,0,0
2024-01-03 20:00:00,73.1,"[761.5013079431064, 823.3935655405086, 840.5977555021792, 809.2888921024495, 814.8068087954033]",awake,98.1,24.2,0,0
2024-01-03 20:30:00,83.3,"[838.2404993859936, 763.2826477521568, 783.867544291295, 772.6921875597736, 792.7572027548761]",awake,97.8,25.5,0,0
2024-01-03 21:00:00,83.0,"[881.9051105384348, 885.4480096014444, 827.8175828318556, 739.4107595267815, 839.1000933987968]",awake,98.0,28.6,0,0
2024-01-03 21:30:00,86.2,"[814.7966649404561, 805.312708513689, 780.2883746149843, 790.7652159231402, 856.889387347431]",awake,98.2,31.5,0,0
2024-01-03 22:00:00,59.9,"[1064.59754492095, 922.1126722981935, 1010.7272711652536, 967.0437493189454, 969.071721990678]",light,95.0,3.7,480,450
2024-01-03 22:30:00,64.6,"[953.9669640057346, 1004.3329404680676, 1010.5383598214685, 1083.9005291305539, 1018.2352637520893]",light,95.9,5.4,480,450
2024-01-03 23:00:00,64.7,"[1058.491290097974, 1008.3492836943831, 908.4352922408818, 972.050154163811, 1029.4973415849631]",light,95.5,3.8,480,450
2024-01-03 23:30:00,58.6,"[971.9653111519054, 1047.4058503043925, 1066.1323377014885, 972.1766526975662, 991.6487575519033]",light,95.6,6.8,480,450
2024-01-04 00:00:00,67.0,"[984.2768950211977, 990.9859692483849, 971.344660513781, 1004.7107876261259, 1025.6633044488783]",deep,95.5,3.9,480,450
2024-01-04 00:30:00,55.3,"[1070.3758863282912, 1010.8396399863869, 946.5605126598241, 951.5740832882963, 1000.7840406534284]",deep,95.4,4.5,480,450
2024-01-04 01:00:00,63.5,"[1089.704564492126, 1068.2279027569095, 1007.2801495168508, 928.5544914077486, 1059.038438020441]",deep,96.3,0.3,480,450
2024-01-04 01:30:00,58.9,"[1033.7585942644712, 885.7282585313249, 987.454742717912, 914.6881060470696, 1039.197345053686]",deep,96.7,4.4,480,450
2024-01-04 02:00:00,63.8,"[1025.3405305907538, 1012.0138775214385, 1094.946947724377, 944.9009262893509, 1100.741503130589]",rem,96.9,3.1,480,450
2024-01-04 02:30:00,54.0,"[1040.479300114003, 1011.3763626900939, 947.9032226234735, 1000.3445138675552, 956.6629642154961]",rem,95.6,3.7,480,450
2024-01-04 03:00:00,55.1,"[1081.150017430884, 996.2079053912593, 989.2442734097074, 1093.5215243868422, 964.2438973298952]",rem,95.4,9.7,480,450
2024-01-04 03:30:00,59.5,"[1024.731877428463, 1017.6845958068676, 1075.2771798652955, 1064.56119647066, 1001.7812757382476]",rem,96.0,4.5,480,450
2024-01-04 04:00:00,54.6,"[912.9240982486369, 955.955470834059, 987.8985665016326, 962.3591511491878, 981.4613021676312]",light,95.4,2.5,480,450
2024-01-04 04:30:00,63.1,"[1006.242860328205, 962.821263437676, 984.5976653986924, 1031.652475840436, 1007.3221995670722]",light,96.3,3.9,480,450
2024-01-04 05:00:00,58.9,"[986.5973533900869, 1006.2711925951301, 927.4072264248209, 1032.8882619568326, 879.2393441309766]",light,96.5,3.8,480,450
2024-01-04 05:30:00,64.0,"[1035.6158894522075, 990.0656950466355, 975.9675937327955, 978.1113769799805, 966.3531037466174]",light,95.2,2.2,480,450
2024-01-04 06:00:00,95.0,"[808.7695070746846, 784.598333049054, 778.0664214531216, 831.9483950403701, 845.6513295165304]",awake,97.0,16.9,0,0
2024-01-04 06:30:00,77.4,"[802.55880296071, 828.2392952823659, 786.5907649347098, 798.3154636431962, 853.4632826834949]",awake,97.6,9.7,0,0
2024-01-04 07:00:00,164.9,"[402.0459935486183, 423.5059607632916, 399.424804915293, 473.98315730671874, 401.8311408030516]",awake,98.0,84.4,0,0
2024-01-04 07:30:00,148.6,"[425.1886374857912, 432.58480192944415, 400.43473339165337, 492.3052509233005, 421.9647519625933]",awake,97.1,87.6,0,0
2024-01-04 08:00:00,128.8,"[445.392560341294, 454.0556374609338, 454.0553050560038, 431.4116934697902, 440.7780188798805]",awake,98.3,87.5,0,0
2024-01-04 08:30:00,138.4,"[461.2630309606959, 431.7214391400135, 426.19312673296906, 455.1764925884435, 458.94399168170753]",awake,98.7,92.3,0,0
2024-01-04 09:00:00,98.2,"[842.3536418972479, 830.6557453431271, 796.6302722276491, 717.5859100116744, 771.5715810900342]",awake,96.8,19.8,0,0
2024-01-04 09:30:00,69.8,"[805.2953211026263, 840.6808337700377, 889.3798544571241, 784.8346273321089, 844.5341619159758]",awake,97.9,27.3,0,0
2024-01-04 10:00:00,57.4,"[745.1988498544345, 815.1724055250663, 773.8185555119171, 768.9593075714879, 722.7323522918016]",awake,97.6,40.0,0,0
2024-01-04 10:30:00,76.6,"[843.490620939262, 778.9798702879181, 775.7277672725999, 832.8669464014557, 822.7001423974848]",awake,97.8,33.4,0,0
2024-01-04 11:00:00,76.4,"[843.8093184037066, 848.3839716152216, 759.9932061097132, 785.7729545091231, 706.3649305893285]",awake,97.0,19.3,0,0
2024-01-04 11:30:00,71.5,"[803.5468102837913, 746.3383278894065, 873.5018864952311, 808.8645508909756, 777.0092488074198]",awake,98.0,24.2,0,0
2024-01-04 12:00:00,73.9,"[837.0050476691962, 817.824098025046, 822.9311994559989, 816.5715290485655, 703.4658287353468]",awake,98.2,16.9,0,0
2024-01-04 12:30:00,75.0,"[844.0805612902101, 867.0207623285551, 769.1512641876329, 765.0514928832015, 777.5482668285597]",awake,99.0,31.1,0,0
2024-01-04 13:00:00,62.0,"[798.2053674225525, 884.2610333357173, 780.3963186711649, 800.4437706387267, 800.2522461111562]",awake,97.6,4.3,0,0
2024-01-04 13:30:00,70.2,"[825.9411831743082, 828.968498408404, 806.1969401634015, 841.8548515561196, 758.8039162863662]",awake,97.9,7.8,0,0
2024-01-04 14:00:00,59.4,"[819.5472651591775, 819.5328011973157, 762.7894620073941, 888.4256927586138, 776.3002374205131]",awake,97.9,19.7,0,0
2024-01-04 14:30:00,69.1,"[814.5284315613671, 790.8922529225632, 786.1328116964818, 785.8152026956824, 712.5920645764409]",awake,96.9,19.4,0,0
2024-01-04 15:00:00,80.7,"[801.047203363391, 809.327592117701, 784.9087950231225, 820.9667563888415, 819.2495252626778]",awake,96.9,43.0,0,0
2024-01-04 15:30:00,86.8,"[804.9393152035551, 819.0796422348186, 785.7467488222148, 923.03931034286, 754.9814195641511]",awake,98.1,43.3,0,0
2024-01-04 16:00:00,84.9,"[785.1973424061832, 763.377604504049, 750.723577457879, 841.5896262430975, 898.6541742846391]",awake,98.0,40.1,0,0
2024-01-04 16:30:00,79.3,"[787.0746849113185, 827.3625246266602, 852.6055401873687, 789.8326940775087, 766.4560613364325]",awake,98.4,28.0,0,0
2024-01-04 17:00:00,77.7,"[782.2257035732551, 821.828208024457, 760.4302512236384, 791.7345070222717, 755.9377811856115]",awake,97.9,6.6,0,0
2024-01-04 17:30:00,74.6,"[842.3118705083274, 753.6658581968359, 801.0221815493131, 818.1419305666443, 852.656177879749]",awake,98.7,17.4,0,0
2024-01-04 18:00:00,75.4,"[811.5973675697514, 733.9273283129503, 812.3976236474963, 755.0087411545594, 822.8813942151688]",awake,97.7,20.3,0,0
2024-01-04 18:30:00,57.8,"[841.5094200507488, 773.0260036520655, 818.9199689857322, 789.0557782777104, 836.3100903602574]",awake,98.6,12.0,0,0
2024-01-04 19:00:00,75.8,"[802.3168508266658, 816.6945483313071, 788.8248130781769, 749.7680623566552, 814.6153853829283]",awake,98.3,30.5,0,0
2024-01-04 19:30:00,86.8,"[785.6673470201966, 821.5140193062924, 786.3564881096647, 832.342599185504, 802.3986822396004]",awake,97.4,17.6,0,0
2024-01-04 20:00:00,88.4,"[829.528639674069, 769.7462544153758, 846.6199657314122, 735.3314650458553, 844.0062961458091]",awake,97.3,16.8,0,0
2024-01-04 20:30:00,71.7,"[785.3122730484301, 752.5339785985354, 754.0735363156732, 838.2614759498308, 790.2585660663708]",awake,98.1,17.0,0,0
2024-01-04 21:00:00,70.5,"[861.8636866898167, 815.0557910114817, 807.1379698805747, 799.2030228697824, 813.2995743686648]",awake,98.0,23.8,0,0
2024-01-04 21:30:00,74.4,"[747.9225878891266, 728.414755223949, 855.4622820560741, 808.3734527191315, 763.9395551922266]",awake,97.7,16.1,0,0
2024-01-04 22:00:00,55.5,"[1006.7503093524949, 935.7125037875581, 1077.2272082777752, 1040.9350840642921, 1044.8880977113936]",light,96.3,1.3,480,450
2024-01-04 22:30:00,69.6,"[956.8671142030098, 1019.9573377823901, 934.0329093009151, 961.7742456744826, 872.350275737601]",light,96.3,4.4,480,450
2024-01-04 23:00:00,64.3,"[1001.5364497361417, 1040.4165428465867, 1063.9851045158205, 995.9194117350839, 1008.4132679799848]",light,96.1,7.4,480,450
2024-01-04 23:30:00,63.6,"[947.9458969462186, 1070.2744883940545, 923.5625686395307, 992.2021553513406, 1013.5310438642138]",light,96.5,3.3,480,450
2024-01-05 00:00:00,59.0,"[959.001305306734, 1060.367648183617, 900.084951325388, 1005.2118128482559, 1052.0597090480646]",deep,95.8,2.5,480,450
2024-01-05 00:30:00,68.0,"[1015.9702608298068, 995.9021356000073, 1122.86023391789, 1011.5075148599896, 1045.5387455665655]",deep,95.8,4.5,480,450
2024-01-05 01:00:00,59.2,"[967.3420002832206, 938.6907337007378, 1060.9122792155435, 963.118474685651, 991.1800877195552]",deep,96.6,6.8,480,450
2024-01-05 01:30:00,64.6,"[1045.3733010412818, 974.6368995822767, 909.6434139447855, 1026.2351597290904, 953.1524511802608]",deep,95.6,3.9,480,450
2024-01-05 02:00:00,68.2,"[941.9991266980905, 958.6036248922281, 1018.5186260779345, 1043.245226972033, 939.8273828402378]",rem,97.0,7.6,480,450
2024-01-05 02:30:00,62.3,"[1000.8503241362065, 916.3275192916715, 1027.5618678542226, 972.7624539717021, 1067.5982994951469]",rem,96.5,5.2,480,450
2024-01-05 03:00:00,62.5,"[988.686841147472, 939.9651757739261, 1019.6008649422172, 986.9758573581107, 1070.8558897074547]",rem,96.5,5.1,480,450
2024-01-05 03:30:00,60.8,"[1030.0422198865251, 991.5512907700552, 949.898924201628, 1025.4080837533133, 995.3548844241087]",rem,96.5,2.6,480,450
2024-01-05 04:00:00,63.4,"[1086.351576917461, 923.3607585033365, 950.616250592654, 1004.0896748037954, 981.9760029785739]",light,96.9,4.5,480,450
2024-01-05 04:30:00,58.4,"[979.9253536221063, 997.9513242901076, 931.2834891210608, 1081.012540363949, 1034.7272364561788]",light,95.1,5.9,480,450
2024-01-05 05:00:00,65.2,"[977.2076312053226, 1029.5086894792685, 1019.9701138326599, 1009.4188564658339, 940.3271787057589]",light,95.3,7.5,480,450
2024-01-05 05:30:00,63.5,"[1005.203633320566, 1025.6117048725416, 966.9242501285797, 993.7230654282766, 964.6611910601898]",light,96.3,5.8,480,450
2024-01-05 06:00:00,74.3,"[757.897487904389, 836.4136305361039, 789.8959113199371, 753.9086910971798, 842.0489412123671]",awake,98.3,29.4,0,0
2024-01-05 06:30:00,77.3,"[776.19303197635, 821.4865990332104, 803.8865260149929, 849.8255737143531, 863.7724997281006]",awake,98.4,32.8,0,0
2024-01-05 07:00:00,128.2,"[382.2156096926989, 403.87320318237863, 451.71225751774705, 431.93159207518454, 407.57760194897435]",awake,98.8,76.5,0,0
2024-01-05 07:30:00,148.9,"[402.8391712502762, 420.36053480670967, 431.6651707779703, 414.78460664380265, 401.60035531033014]",awake,97.7,85.5,0,0
2024-01-05 08:00:00,128.9,"[427.9565761477372, 437.5554323445208, 422.47858956700225, 421.8025790691341, 432.1671967413781]",awake,97.8,86.3,0,0
2024-01-05 08:30:00,139.8,"[423.76314108640514, 456.89694629180093, 389.3999457285838, 395.92750707945254, 483.99531835992155]",awake,98.5,81.7,0,0
2024-01-05 09:00:00,94.5,"[828.4975553831241, 815.492544181192, 763.5450875125828, 782.8532084059774, 778.5445036869946]",awake,97.4,15.8,0,0
2024-01-05 09:30:00,86.3,"[781.0149955213758, 764.7844796689621, 841.6618087635097, 796.3719779791568, 804.9268814366737]",awake,97.7,32.7,0,0
2024-01-05 10:00:00,88.3,"[761.7655915523188, 765.8082143628528, 774.5035485825489, 797.9523721930262, 816.0293248096395]",awake,98.2,35.4,0,0
2024-01-05 10:30:00,78.0,"[790.4659716633806, 757.4353220415135, 775.9308846942816, 784.0611340826714, 783.5649257041425]",awake,98.8,6.4,0,0
2024-01-05 11:00:00,66.0,"[780.1109116984262, 751.7551109167927, 844.9861121770751, 850.4413593048038, 810.1532436799918]",awake,98.1,27.2,0,0
2024-01-05 11:30:00,76.4,"[826.2416877118987, 831.1952580669823, 796.7976882152658, 789.1771553533214, 818.7699110788591]",awake,98.4,21.7,0,0
2024-01-05 12:00:00,72.7,"[834.1766693215657, 796.6467375567628, 816.7131565920143, 799.925407975929, 776.7007185335319]",awake,98.5,19.9,0,0
2024-01-05 12:30:00,75.3,"[858.0515980765379, 788.8276527782756, 777.6163056050893, 756.403953778253, 816.3510158352375]",awake,98.8,30.6,0,0
2024-01-05 13:00:00,58.4,"[844.4628863808143, 794.1693767734214, 837.7825711985979, 861.4884911751851, 804.4033395853405]",awake,97.8,22.3,0,0
2024-01-05 13:30:00,89.5,"[739.3817793401181, 818.0741250259595, 866.8072289060262, 782.8507059192392, 815.6902545760319]",awake,98.4,10.2,0,0
2024-01-05 14:00:00,72.7,"[890.7448149627487, 833.0062726667896, 683.8223294535736, 834.0270391985271, 729.583532467854]",awake,97.8,6.5,0,0
2024-01-05 14:30:00,83.3,"[742.425535019004, 863.5675691234093, 781.719080129151, 821.7212151121508, 762.5818483395294]",awake,97.9,25.2,0,0
2024-01-05 15:00:00,85.5,"[767.8278404885846, 762.2848861615673, 767.1774998960011, 787.5054748537694, 829.1014816281161]",awake,99.0,20.7,0,0
2024-01-05 15:30:00,68.7,"[802.7692284342987, 769.4512356976339, 723.9875568519521, 783.4784559920728, 808.876623879091]",awake,99.0,25.2,0,0
2024-01-05 16:00:00,64.8,"[837.3285002320633, 791.254752563842, 806.4997234889322, 774.5607201587054, 781.8959444677076]",awake,97.5,32.1,0,0
2024-01-05 16:30:00,86.8,"[875.908824577694, 784.3125067943752, 789.843765994896, 765.684931923593, 850.2219334242171]",awake,97.8,25.9,0,0
2024-01-05 17:00:00,83.6,"[838.7562578156663, 757.621729347451, 755.9587155551828, 796.0381017449972, 763.1509281175552]",awake,98.6,28.7,0,0
2024-01-05 17:30:00,98.6,"[775.5480681751174, 776.6420862870468, 743.911848720169, 752.4936875392056, 795.1193021683183]",awake,97.4,20.7,0,0
2024-01-05 18:00:00,89.4,"[802.2243799172525, 805.5681665741347, 799.4053090326913, 860.3205140245491, 775.1047786987677]",awake,98.4,17.9,0,0
2024-01-05 18:30:00,58.0,"[831.900217654286, 829.8557340066587, 831.2916907624707, 811.3245783342819, 845.1790818649042]",awake,98.9,32.0,0,0
2024-01-05 19:00:00,79.4,"[839.1431660328581, 839.7207427672, 779.0658715899342, 838.2759093231763, 801.5419080840528]",awake,98.6,14.4,0,0
2024-01-05 19:30:00,76.4,"[825.6350455068007, 804.8863967770496, 820.3135658428366, 798.3133834612863, 791.2263965102615]",awake,98.4,17.5,0,0
2024-01-05 20:00:00,73.2,"[754.5919858787347, 798.6717633455444, 762.5690550684225, 784.1163024972418, 746.5275746768251]",awake,97.8,25.0,0,0
2024-01-05 20:30:00,72.8,"[795.6876606557595, 765.5376363161483, 731.4119756018282, 840.575494846988, 784.1598433762923]",awake,98.1,35.3,0,0
2024-01-05 21:00:00,74.4,"[853.3201537267933, 869.1999577125589, 835.7402202224393, 792.1306453225525, 860.757973692416]",awake,98.6,10.0,0,0
2024-01-05 21:30:00,81.9,"[800.7132119329463, 785.9046863037837, 879.2363839700039, 768.8619758835888, 810.1375547356527]",awake,98.3,33.0,0,0
2024-01-05 22:00:00,58.1,"[1051.55793444342, 1053.875617595784, 988.5222097990609, 1018.3551770173439, 1043.8571988659742]",light,95.5,5.0,480,450
2024-01-05 22:30:00,53.9,"[944.4014872050234, 1010.3897375977992, 971.097122224282, 1002.1898918607338, 997.7450357873045]",light,96.0,9.0,480,450
2024-01-05 23:00:00,62.6,"[1102.3353290358107, 977.9114744956395, 1055.8180122065642, 1023.2485874731333, 997.3761276514779]",light,95.9,3.5,480,450
2024-01-05 23:30:00,53.9,"[1000.3911412644405, 1053.6612334670067, 929.0569710797748, 1038.6103880345966, 947.4899154784506]",light,95.2,7.7,480,450
2024-01-06 00:00:00,67.1,"[1086.3110368874145, 919.3882062231728, 1015.0506663147252, 1014.7600871811335, 1049.2974631054853]",deep,95.2,6.0,480,450
2024-01-06 00:30:00,48.7,"[918.0053467945756, 969.2000700689662, 1081.691502098698, 1071.8596237046818, 934.6134631147229]",deep,96.1,2.8,480,450
2024-01-06 01:00:00,59.8,"[1050.0550852564734, 1017.3439549886414, 1029.2732168147502, 969.209664587082, 940.2551508258465]",deep,96.1,8.8,480,450
2024-01-06 01:30:00,54.2,"[938.4018889589205, 1028.523366638266, 1041.0289446891163, 981.2272938494942, 995.0777747225032]",deep,96.0,5.2,480,450
2024-01-06 02:00:00,59.0,"[1020.9676757586501, 985.5836407060966, 1030.890928663242, 979.340115436768, 916.9246990050597]",rem,96.1,4.8,480,450
2024-01-06 02:30:00,63.7,"[989.5627871448671, 946.5609424060283, 1038.7802455079498, 1092.5084784370242, 1003.1272561797739]",rem,95.8,3.1,480,450
2024-01-06 03:00:00,51.7,"[1056.6571556216234, 972.8203385586093, 964.9511601877846, 999.9103965157309, 981.6716052225298]",rem,95.9,5.1,480,450
2024-01-06 03:30:00,64.6,"[981.2935570374109, 985.0590239807889, 1037.064313673331, 964.9267691180988, 1016.1322776721122]",rem,96.4,4.2,480,450
2024-01-06 04:00:00,64.5,"[1072.0433195177063, 971.5368960557328, 937.4461867237403, 1072.5656117062592, 1006.5657170799952]",light,96.6,4.1,480,450
2024-01-06 04:30:00,64.8,"[962.9255268202912, 1052.3339993523234, 1054.0951173122173, 1037.5729611011184, 1005.9960216264539]",light,95.6,6.3,480,450
2024-01-06 05:00:00,50.9,"[996.1081464838006, 1005.003795739216, 957.8828269797846, 969.8319349390762, 995.4238934826666]",light,96.2,3.4,480,450
2024-01-06 05:30:00,62.7,"[1040.7925345367728, 971.5975256860385, 1012.1933964168118, 983.9888676770199, 1028.2731930757393]",light,96.6,0.6,480,450
2024-01-06 06:00:00,68.8,"[796.7256027364526, 773.5356932947275, 781.3232812545614, 757.8043985193235, 810.8093159784145]",awake,98.3,17.2,0,0
2024-01-06 06:30:00,81.7,"[734.0937489204032, 815.8190884796339, 711.2851225937369, 698.2452902366642, 796.5738918353426]",awake,98.8,4.6,0,0
2024-01-06 07:00:00,72.5,"[816.447427870141, 846.2899043248058, 753.2714381427165, 789.4682478986501, 825.8883307624269]",awake,98.4,17.6,0,0
2024-01-06 07:30:00,82.3,"[734.0172673290181, 854.3422074988019, 779.0927998078528, 819.2249882762837, 858.9806807092232]",awake,98.5,16.8,0,0
2024-01-06 08:00:00,77.4,"[797.2169455671583, 860.9099370019904, 680.8342449649533, 767.3837900845582, 771.5651971052248]",awake,97.2,24.2,0,0
2024-01-06 08:30:00,73.1,"[773.0660382830227, 819.1009490453336, 876.5797197621582, 757.0546985473933, 860.3538625444934]",awake,97.8,6.8,0,0
2024-01-06 09:00:00,77.1,"[800.9291170786578, 857.6682388680417, 775.4869235613728, 770.0434222021515, 799.4372134691022]",awake,98.1,23.0,0,0
2024-01-06 09:30:00,75.1,"[748.1776835633428, 754.8307731747349, 767.6735016621423, 818.1720915261994, 763.559839446297]",awake,97.1,6.2,0,0
2024-01-06 10:00:00,77.7,"[766.0009045477221, 749.5131456205611, 796.1546069927889, 819.1933413728616, 788.9331817863301]",awake,98.3,22.4,0,0
2024-01-06 10:30:00,73.2,"[780.3882571115366, 851.0094491456902, 760.5126839892938, 775.5758022637667, 873.3228121427137]",awake,97.6,0.0,0,0
2024-01-06 11:00:00,76.4,"[801.0761511997069, 759.8692128628882, 874.3062103676909, 790.8532599966279, 836.9126398177149]",awake,97.9,6.1,0,0
2024-01-06 11:30:00,78.9,"[782.6720878581621, 801.5629997720849, 803.1414671613625, 793.2447990354542, 803.7221126931028]",awake,97.6,15.8,0,0
2024-01-06 12:00:00,67.0,"[850.9901853062185, 767.7485217645881, 790.6417470144047, 798.5256088431637, 819.0128410685959]",awake,98.3,30.8,0,0
2024-01-06 12:30:00,77.7,"[817.953313920051, 831.1150066630396, 814.4138942436127, 858.4380648892387, 813.9835524391632]",awake,98.2,45.2,0,0
2024-01-06 13:00:00,65.1,"[777.4622303144039, 837.0118794257805, 821.2684428190172, 821.7245746504977, 805.6487496025028]",awake,97.4,10.1,0,0
2024-01-06 13:30:00,69.2,"[822.4469165287624, 790.747076477095, 717.9927847706576, 840.5262539990678, 861.4038079934783]",awake,98.9,31.3,0,0
2024-01-06 14:00:00,75.8,"[847.9298873600616, 792.2251794358397, 758.6876081122203, 723.4784934170427, 724.3633178691857]",awake,98.8,16.4,0,0
2024-01-06 14:30:00,76.9,"[825.8766094562504, 791.0908358357248, 758.1270849332105, 849.0619097586999, 774.2419000095465]",awake,97.5,23.7,0,0
2024-01-06 15:00:00,72.0,"[820.6127017973384, 845.6763820452521, 797.960908787102, 851.147650585906, 815.0866683572862]",awake,97.1,4.6,0,0
2024-01-06 15:30:00,73.1,"[775.7945223640809, 770.6332382238577, 755.9280847013009, 755.5088988156447, 820.3155433408441]",awake,97.4,21.5,0,0
2024-01-06 16:00:00,85.8,"[783.0766136978593, 745.3502702153125, 746.2633478175562, 788.7497271654066, 815.3983501337339]",awake,98.6,16.2,0,0
2024-01-06 16:30:00,78.5,"[780.51609497658, 809.6096539480485, 739.2821957369861, 812.8094085038393, 839.7245577233797]",awake,99.0,9.5,0,0
2024-01-06 17:00:00,87.9,"[874.6810326835879, 768.0899869171257, 802.5280628727157, 786.8532532750709, 785.7196001418582]",awake,98.8,16.4,0,0
2024-01-06 17:30:00,83.8,"[858.9008373250488, 756.8763468589276, 799.4156352421413, 776.1382605450342, 848.9491372502858]",awake,98.3,17.7,0,0
2024-01-06 18:00:00,64.4,"[778.0579200694721, 790.8444127753231, 805.1576736990502, 842.2371948816054, 817.3371922779811]",awake,97.5,29.8,0,0
2024-01-06 18:30:00,81.3,"[741.7135129831355, 769.6484174928607, 830.5052292297028, 786.297637366552, 815.7502440398092]",awake,97.4,22.9,0,0
2024-01-06 19:00:00,83.2,"[788.7418789357015, 822.258630296952, 757.1217666351798, 778.4895890828433, 800.2105926591489]",awake,98.1,24.5,0,0
2024-01-06 19:30:00,86.9,"[770.3699741406256, 773.7122434522784, 776.8569487249247, 865.0924683686336, 761.5025030850687]",awake,97.6,14.1,0,0
2024-01-06 20:00:00,79.4,"[744.9834681603722, 795.1250510165713, 799.639093695738, 738.154315402478, 770.0076977866319]",awake,97.8,9.5,0,0
2024-01-06 20:30:00,77.3,"[824.2887657672835, 838.665351824315, 802.1171380315795, 804.9728928894613, 820.1661370058648]",awake,97.3,21.7,0,0
2024-01-06 21:00:00,78.7,"[796.4486299022034, 742.286439459939, 747.7120167399584, 808.0022502767082, 813.7812051929195]",awake,98.5,17.2,0,0
2024-01-06 21:30:00,77.1,"[770.8533270348366, 870.4578997231691, 821.7548827719322, 834.6378689087978, 796.719628871651]",awake,97.5,12.6,0,0
2024-01-06 22:00:00,60.5,"[1049.232023981205, 940.4364001676875, 996.1205020350302, 975.1512870675147, 952.3394180926202]",light,95.6,4.0,480,450
2024-01-06 22:30:00,58.9,"[944.5781570104657, 1008.1126069991507, 970.4102315479738, 981.6845207797932, 972.091626007373]",light,96.2,5.7,480,450
2024-01-06 23:00:00,63.0,"[956.1957170888038, 950.1956337834637, 932.3568961896095, 1064.0814026211015, 1052.9108036348396]",light,95.8,7.3,480,450
2024-01-06 23:30:00,57.4,"[1009.4094901069467, 942.2478110076609, 953.8581051994076, 1050.088115539719, 942.4407842499556]",light,96.0,3.4,480,450
2024-01-07 00:00:00,68.3,"[905.2514373729862, 1053.4715668127615, 1018.9040721899997, 939.5358445115758, 950.9360492840436]",deep,95.9,3.3,480,450
2024-01-07 00:30:00,61.7,"[1010.4048275849891, 1030.682722450682, 989.9960039334742, 945.2176641565017, 971.1041137212418]",deep,95.7,6.6,480,450
2024-01-07 01:00:00,65.3,"[1054.631802834504, 978.6176853878239, 1030.3930022863697, 1050.2839399098457, 961.7518867300973]",deep,96.5,4.4,480,450
2024-01-07 01:30:00,50.1,"[1027.6740014050358, 1070.4886561938342, 1080.7559196702432, 1011.9232597478936, 1001.230700674823]",deep,96.0,4.5,480,450
2024-01-07 02:00:00,57.7,"[986.1824028343315, 1008.3878572490789, 1024.9580564499938, 1042.5188871650355, 1022.1454865257369]",rem,96.5,4.7,480,450
2024-01-07 02:30:00,64.5,"[1070.7605426471796, 958.1782939397842, 979.7880567179984, 1066.6181894483902, 898.8642770856052]",rem,96.3,3.6,480,450
2024-01-07 03:00:00,63.0,"[984.0146444996622, 908.6403830584088, 1046.2234877210972, 976.2955195440577, 985.8713550588817]",rem,96.1,5.1,480,450
2024-01-07 03:30:00,57.5,"[1034.883706162119, 1009.6214563433753, 1001.1624495558974, 960.4767152852279, 959.4447153605971]",rem,95.7,8.2,480,450
2024-01-07 04:00:00,52.0,"[914.7885825961577, 1053.351416848856, 1012.3888715798681, 1047.2599135354264, 981.9103618562133]",light,95.8,6.9,480,450
2024-01-07 04:30:00,64.0,"[968.0075969769788, 955.7047407271518, 964.7153547431759, 990.1400632528399, 1012.0099720343027]",light,96.3,1.7,480,450
2024-01-07 05:00:00,65.5,"[1062.932295013682, 911.3895789242861, 954.3164192420084, 1039.5450046426283, 965.8729667324667]",light,96.4,4.3,480,450
2024-01-07 05:30:00,64.8,"[1017.5185171242956, 1009.5006941725893, 1034.9845660554076, 1032.860594621101, 1011.8615693767003]",light,96.2,4.4,480,450
2024-01-07 06:00:00,74.2,"[731.1281843736149, 778.2624428934454, 747.1819852046527, 800.6790057365264, 838.5050490599958]",awake,97.7,22.5,0,0
2024-01-07 06:30:00,77.6,"[793.1405924583099, 803.1098502684206, 805.3457019676343, 792.311470925153, 901.8658788968108]",awake,98.7,33.3,0,0
2024-01-07 07:00:00,74.8,"[867.1145973503549, 802.3218894989005, 847.384226177099, 817.8873574583232, 732.5818353582555]",awake,97.8,15.7,0,0
2024-01-07 07:30:00,69.4,"[744.9416575806006, 869.9915023035011, 841.0016204025295, 805.1498425415817, 798.8494930481945]",awake,98.3,30.1,0,0
2024-01-07 08:00:00,81.3,"[745.1856865999779, 815.9209538109513, 800.9047126400459, 755.9920606507025, 775.4816479356057]",awake,98.9,16.0,0,0
2024-01-07 08:30:00,69.5,"[780.8070675359933, 798.7823545779557, 834.5254634727555, 827.4395048531054, 762.1677931627152]",awake,98.3,18.4,0,0
2024-01-07 09:00:00,76.9,"[781.5362918053434, 816.9890223447892, 800.8445623694571, 757.4771457901709, 811.8403556762883]",awake,97.0,5.0,0,0
2024-01-07 09:30:00,68.6,"[858.8230577381946, 798.9964484482676, 794.0788727149104, 882.344145939581, 851.2730957810634]",awake,97.9,11.1,0,0
2024-01-07 10:00:00,69.8,"[846.5282654712408, 776.5308838274584, 773.857849946148, 833.7169623636793, 847.7194804534096]",awake,98.2,19.8,0,0
2024-01-07 10:30:00,84.8,"[865.5559759093343, 806.7299933078777, 839.1257879963802, 779.1276644648774, 750.0793281877467]",awake,97.4,37.5,0,0
2024-01-07 11:00:00,66.8,"[810.8181739825397, 770.0460860270255, 780.7350780511184, 782.9815416863088, 851.1427060283842]",awake,98.0,17.5,0,0
2024-01-07 11:30:00,79.5,"[841.2394637503628, 716.0362131471442, 778.4391422423286, 798.7343763250262, 786.2892074750379]",awake,98.0,26.3,0,0
2024-01-07 12:00:00,71.2,"[809.5474548894097, 761.6930745115517, 764.6180294997282, 739.3995158461856, 833.5194833952064]",awake,97.8,35.5,0,0
2024-01-07 12:30:00,75.3,"[814.5627637274989, 780.1561220334671, 807.6063920487093, 752.9142745428676, 888.2379087044743]",awake,98.3,21.6,0,0
2024-01-07 13:00:00,68.6,"[789.5725872526544, 764.5632033327386, 816.3436516405654, 767.4592108367216, 866.338982949752]",awake,98.5,40.7,0,0
2024-01-07 13:30:00,73.8,"[886.0721645735624, 788.4238680053047, 757.1577965984375, 870.3988304374668, 794.1511955944143]",awake,97.2,0.0,0,0
2024-01-07 14:00:00,74.4,"[790.541718845715, 835.5755874527325, 767.9611158377296, 848.5271523509232, 912.1636356327906]",awake,97.9,19.9,0,0
2024-01-07 14:30:00,70.0,"[849.0394803128972, 757.151318899583, 882.0656620139044, 798.8050673556039, 843.1273615919939]",awake,98.6,8.3,0,0
2024-01-07 15:00:00,66.9,"[850.2638220114557, 826.2237983255573, 839.3926318658753, 837.4165810348721, 801.5687401482073]",awake,98.2,22.1,0,0
2024-01-07 15:30:00,86.2,"[830.791517183451, 799.7333020054635, 795.755595755795, 816.9648024514432, 805.2276050713346]",awake,98.2,0.4,0,0
2024-01-07 16:00:00,65.0,"[804.2167754284218, 824.6503565284285, 779.5257835102066, 774.0014611882526, 806.3480223459987]",awake,98.7,21.9,0,0
2024-01-07 16:30:00,61.1,"[741.4968447692088, 850.163603490481, 788.043228727669, 783.0316220618923, 802.7797781759172]",awake,98.1,15.7,0,0
2024-01-07 17:00:00,80.2,"[783.8741939110412, 806.4288752749809, 839.5726925215185, 791.8329715052961, 808.7545481945898]",awake,98.2,9.6,0,0
2024-01-07 17:30:00,76.6,"[784.4932004116588, 837.712774047824, 760.9361447195906, 812.2774469489121, 762.7124501431272]",awake,98.8,25.3,0,0
2024-01-07 18:00:00,86.8,"[838.3267496022079, 801.864273179655, 812.3570245374921, 833.2221649286403, 769.1348125430135]",awake,98.5,27.4,0,0
2024-01-07 18:30:00,76.1,"[792.008057513452, 792.5282265580244, 816.1990463139548, 855.1023957892817, 770.3496499043605]",awake,98.6,24.4,0,0
2024-01-07 19:00:00,77.0,"[780.9550423525377, 818.2513768910558, 810.7156212039243, 798.2780816843285, 773.2864139746564]",awake,98.1,38.8,0,0
2024-01-07 19:30:00,69.2,"[803.289808669789, 817.7500449269334, 830.8624944047144, 789.9795095802106, 792.381995857141]",awake,96.6,10.5,0,0
2024-01-07 20:00:00,89.9,"[814.8647417979228, 848.4085628735062, 885.5153054136127, 772.4664126519891, 742.4088948519433]",awake,98.7,15.0,0,0
2024-01-07 20:30:00,68.8,"[795.2253800650838, 767.2890275887669, 704.8263361145684, 836.6643297131394, 853.2689946450869]",awake,99.0,21.4,0,0
2024-01-07 21:00:00,77.2,"[783.6858910440211, 798.475819181225, 765.0753239640318, 809.3926094455236, 790.281234611571]",awake,98.0,17.2,0,0
2024-01-07 21:30:00,60.2,"[774.0372471674846, 821.245278796924, 800.3428858756428, 775.8698871761949, 753.3559287388282]",awake,98.9,9.5,0,0
2024-01-07 22:00:00,60.9,"[1048.8383301677068, 983.4958420326268, 992.3854652677028, 910.5885216242255, 953.1527223941617]",light,96.0,4.9,480,450
2024-01-07 22:30:00,63.8,"[1004.5751667329278, 1000.0751482455173, 1049.0203658896353, 917.6317511749218, 952.5198004919977]",light,95.9,3.4,480,450
2024-01-07 23:00:00,60.2,"[1072.831261147724, 926.7132681238511, 972.6300355567435, 959.1517378404119, 1018.2016012108722]",light,96.1,4.3,480,450
2024-01-07 23:30:00,62.3,"[1021.3548734845031, 979.0607756057317, 1051.4578064098746, 990.7376910052528, 1041.3009093703013]",light,96.1,2.7,480,450
2024-01-08 00:00:00,62.0,"[1000.7281343719183, 1041.4919621249064, 970.0469207968038, 964.2329757256102, 986.2762352775378]",deep,95.7,7.4,480,450
2024-01-08 00:30:00,64.2,"[1035.9678929990928, 1022.1766328676147, 1026.476398083656, 973.8703403953673, 975.3815881870293]",deep,96.3,5.8,480,450
2024-01-08 01:00:00,54.0,"[943.2758033481236, 1059.137615014983, 970.6526847041926, 1056.9988943957292, 961.6341683665631]",deep,95.9,3.6,480,450
2024-01-08 01:30:00,62.3,"[1004.0416384421907, 937.0074971370786, 975.2380991431934, 984.4581460883596, 992.4880378424989]",deep,95.8,2.7,480,450
2024-01-08 02:00:00,61.7,"[1029.2076427268373, 969.8165714063568, 1034.7198655621992, 902.2020975578567, 937.0750463900016]",rem,95.5,1.5,480,450
2024-01-08 02:30:00,64.6,"[942.6844769880611, 973.8273486831769, 962.0124250436766, 983.7854168990323, 1022.954491161009]",rem,96.3,4.0,480,450
2024-01-08 03:00:00,54.6,"[956.5803266084691, 947.4108251958316, 1042.4984385702558, 1009.169185567179, 970.7806656033795]",rem,95.9,5.4,480,450
2024-01-08 03:30:00,60.2,"[1012.632975216769, 969.0831134760023, 1010.797218894503, 960.194629540894, 1015.8422370827216]",rem,95.1,7.3,480,450
2024-01-08 04:00:00,50.7,"[985.3026001402148, 988.7935180781815, 957.0319410220559, 945.090363915811, 997.9814860500217]",light,95.6,4.0,480,450
2024-01-08 04:30:00,64.9,"[1073.8270612925933, 1058.2236840038931, 1065.8181273582022, 943.1739112088425, 944.1573484151288]",light,95.9,6.0,480,450
2024-01-08 05:00:00,65.3,"[1083.6426260734636, 1063.1361896331157, 971.3378781811543, 1030.037772471883, 989.7766762222345]",light,95.5,6.5,480,450
2024-01-08 05:30:00,58.9,"[978.9493694965487, 954.2610629745187, 1022.3064248978025, 1097.5285423995538, 1033.343479281619]",light,95.6,2.7,480,450
2024-01-08 06:00:00,82.0,"[816.3535221023136, 752.7242254609214, 807.4856843159275, 815.221319312176, 771.6627972098338]",awake,97.5,22.3,0,0
2024-01-08 06:30:00,73.1,"[855.0064145217924, 749.4758684160911, 775.7242290160278, 827.6645162335232, 854.1408263812293]",awake,98.4,12.5,0,0
2024-01-08 07:00:00,137.7,"[372.4262877158408, 420.99306540950107, 354.3186897911425, 410.57903343812313, 439.6805115140142]",awake,98.6,91.7,0,0
2024-01-08 07:30:00,135.0,"[443.10677563016145, 472.6227745753389, 480.8253207924749, 422.9313961621164, 420.2113662453158]",awake,98.2,91.2,0,0
2024-01-08 08:00:00,145.3,"[437.8717190960395, 424.4971661697823, 425.651047764763, 457.4141677270288, 443.08944946881013]",awake,98.3,84.8,0,0
2024-01-08 08:30:00,147.1,"[496.7186838909302, 438.00011818846434, 465.735331741673, 463.7880904164945, 422.6177906789274]",awake,97.4,81.7,0,0
2024-01-08 09:00:00,71.9,"[772.7791466506936, 850.8715918930374, 806.8512386528586, 790.8683266617813, 791.1433066244357]",awake,98.0,20.5,0,0
2024-01-08 09:30:00,58.4,"[846.6625526713367, 832.4261286733297, 699.1873702621826, 810.9932992812495, 772.7996244831733]",awake,97.9,27.7,0,0
2024-01-08 10:00:00,70.5,"[727.7323395255335, 788.6616045029066, 825.3979196039331, 752.8997839963481, 775.9399330078687]",awake,98.9,23.9,0,0
2024-01-08 10:30:00,88.6,"[770.878130511764, 777.4515019528169, 768.5508211715991, 790.0915544312411, 813.7142588680279]",awake,98.4,8.4,0,0
2024-01-08 11:00:00,68.6,"[795.0990914213402, 705.5770009941346, 870.747531836288, 775.6989325221244, 808.6104015229522]",awake,98.4,24.7,0,0
2024-01-08 11:30:00,64.9,"[736.4049842790895, 800.881992673815, 796.5211872343419, 775.920835977809, 771.9137287557983]",awake,98.0,19.6,0,0
2024-01-08 12:00:00,80.9,"[763.3502529543687, 748.8254318235552, 760.2687560350776, 846.6430692999936, 787.8176914469325]",awake,97.3,22.8,0,0
2024-01-08 12:30:00,81.0,"[833.0109112184379, 785.9850884164213, 696.7290769925771, 810.3486868232475, 853.9749925352797]",awake,98.6,33.7,0,0
2024-01-08 13:00:00,80.6,"[813.1274875932003, 846.4665666934983, 776.9793802634025, 846.6912728124623, 813.890172761803]",awake,97.5,21.3,0,0
2024-01-08 13:30:00,78.0,"[802.564483856063, 763.1337119136576, 760.9142642707009, 761.9648598552526, 725.3925593349959]",awake,98.0,22.2,0,0
2024-01-08 14:00:00,75.4,"[760.7155035381433, 835.143852892644, 785.6427431435633, 753.1524512614152, 829.3110487555336]",awake,98.6,24.2,0,0
2024-01-08 14:30:00,60.6,"[832.5025145188475, 766.702655867176, 847.5980577912, 825.5162312833211, 772.8864705208141]",awake,97.6,31.1,0,0
2024-01-08 15:00:00,79.3,"[767.4764209205803, 758.282522047943, 833.3043265464461, 798.6582969237998, 764.279455971131]",awake,97.7,24.9,0,0
2024-01-08 15:30:00,64.7,"[864.2192030106398, 845.6130874311497, 728.8625095421529, 800.6574700618816, 780.6537128169068]",awake,97.9,18.3,0,0
2024-01-08 16:00:00,80.9,"[838.4083741687103, 848.5692125371645, 743.7032226019575, 826.3258072222646, 751.6035304810677]",awake,97.4,8.5,0,0
2024-01-08 16:30:00,71.3,"[803.0775121261855, 777.5195580516418, 832.4256878686051, 720.5476354225812, 820.3866499921728]",awake,97.8,14.3,0,0
2024-01-08 17:00:00,78.2,"[757.9795192366233, 810.8525891234533, 851.820422730972, 797.4558656794578, 860.9445780510962]",awake,97.6,26.9,0,0
2024-01-08 17:30:00,75.2,"[788.2985383961527, 814.2522125044882, 837.4822782443819, 822.4340766328652, 824.4813443415454]",awake,97.8,8.1,0,0
2024-01-08 18:00:00,83.7,"[773.4180543584982, 847.1232031604648, 733.3534455823731, 844.7625388229285, 805.2237347581251]",awake,98.3,11.9,0,0
2024-01-08 18:30:00,66.9,"[751.8281363354322, 800.7030349580793, 771.7605796667534, 825.4132831526016, 858.1076024928618]",awake,97.8,18.4,0,0
2024-01-08 19:00:00,86.8,"[708.8487092920075, 857.6986002715366, 785.5209166447065, 769.8436072423365, 810.139249521275]",awake,97.8,13.4,0,0
2024-01-08 19:30:00,76.3,"[776.9163859682373, 784.22969769305, 808.48207897682, 843.6219146690074, 762.2063095045564]",awake,97.6,19.8,0,0
2024-01-08 20:00:00,82.6,"[743.5209338680618, 743.5881671008635, 847.6099778813855, 848.4569573213553, 824.3321789702529]",awake,98.6,8.1,0,0
2024-01-08 20:30:00,74.9,"[872.2389246899706, 855.1200689837135, 836.1430016815153, 837.651030496651, 794.5751371689558]",awake,98.5,23.8,0,0
2024-01-08 21:00:00,77.1,"[787.7465475419517, 818.3041602295782, 835.1080024677169, 799.7092005832781, 824.874521298463]",awake,97.9,2.1,0,0
2024-01-08 21:30:00,70.1,"[693.4465949364593, 821.9878277540306, 822.9977393436275, 791.7696421261511, 790.3495675002856]",awake,98.9,30.4,0,0
2024-01-08 22:00:00,65.2,"[1045.197487485026, 1025.8120607036149, 862.9580826041257, 1023.1658260775472, 984.517711670499]",light,95.4,4.1,480,450
2024-01-08 22:30:00,54.8,"[1038.8374287381964, 1012.9732395754897, 1041.5476576749588, 1024.6741433866048, 962.7960167103168]",light,95.3,6.1,480,450
2024-01-08 23:00:00,47.5,"[995.3164222308343, 968.9182068237252, 1000.988867519761, 1029.3763103603571, 971.1928846516378]",light,94.9,2.9,480,450
2024-01-08 23:30:00,59.4,"[1065.9066878214253, 1014.3369447110465, 962.1017310537395, 957.375591151248, 1001.1920665746792]",light,96.3,2.1,480,450
2024-01-09 00:00:00,63.1,"[1023.1522086927309, 1076.3590665257448, 1073.4037534713862, 945.3252946056925, 946.7014954356802]",deep,96.1,7.2,480,450
2024-01-09 00:30:00,59.7,"[1091.8987762441286, 1049.77959983332, 975.5509336487064, 943.6461259980725, 963.0112883430685]",deep,96.5,5.5,480,450
2024-01-09 01:00:00,62.4,"[996.6116362028982, 977.2404346567264, 1086.9391185925901, 984.4837276426085, 1012.8838341391084]",deep,96.4,3.0,480,450
2024-01-09 01:30:00,60.3,"[994.7447930891047, 1021.7054491989204, 942.2196861653476, 986.5182799515188, 1020.1599061921067]",deep,96.3,3.6,480,450
2024-01-09 02:00:00,59.5,"[952.6117863337302, 998.6008677779834, 1084.7735756655952, 952.3440681234082, 1063.4522847145263]",rem,95.9,0.8,480,450
2024-01-09 02:30:00,61.8,"[991.1306921141774, 884.7369467748788, 1094.9833997009466, 1034.1025415483828, 978.3201522923966]",rem,96.5,7.3,480,450
2024-01-09 03:00:00,52.4,"[989.9869198827215, 1003.8481930010889, 981.163933495198, 976.6663980409089, 935.8747355678684]",rem,96.3,6.1,480,450
2024-01-09 03:30:00,56.9,"[1086.0302998283437, 1010.508322717307, 950.7982667193876, 1068.652333679362, 1075.6992594720098]",rem,95.8,7.9,480,450
2024-01-09 04:00:00,58.2,"[1033.2697333727458, 962.2343715059812, 969.4695579005227, 959.732429912471, 997.3050730928799]",light,96.2,7.3,480,450
2024-01-09 04:30:00,63.1,"[989.4395310264177, 1022.9433341308262, 981.8702710468417, 954.793707521653, 1042.2191488230865]",light,95.3,4.9,480,450
2024-01-09 05:00:00,55.4,"[1026.721450570892, 961.4695211872554, 1028.1520845841687, 1053.9558980603006, 1007.7657028254592]",light,95.8,7.4,480,450
2024-01-09 05:30:00,72.8,"[967.906838967598, 978.3427418057471, 1069.083494248746, 890.2226430874177, 1006.6314547969808]",light,96.8,1.9,480,450
2024-01-09 06:00:00,76.1,"[707.0272540337841, 823.7460973463326, 819.6271865713521, 803.7816132211559, 838.0846236379205]",awake,97.5,7.4,0,0
2024-01-09 06:30:00,81.4,"[844.8301420582031, 786.1393458037254, 775.1218974138961, 779.469778123897, 856.1203787036779]",awake,98.1,36.3,0,0
2024-01-09 07:00:00,154.1,"[429.02668674190613, 415.23460677483996, 453.0954436852496, 410.02554156298646, 442.93944840086004]",awake,97.5,88.9,0,0
2024-01-09 07:30:00,139.6,"[400.7917674868878, 439.6576198716227, 446.45293449286737, 445.50718166207594, 487.00839997079066]",awake,98.1,78.2,0,0
2024-01-09 08:00:00,155.1,"[511.6141502326433, 369.3798162486451, 450.8389481773479, 430.3132593248641, 444.30624630665403]",awake,98.2,83.0,0,0
2024-01-09 08:30:00,147.6,"[414.6115616848931, 461.7913443681333, 467.3649147559689, 351.29170385954717, 413.4346647632426]",awake,98.2,91.0,0,0
2024-01-09 09:00:00,78.3,"[841.6182177467356, 750.2398096245852, 793.3982669974863, 798.5145562818384, 807.8572134903545]",awake,98.0,18.1,0,0
2024-01-09 09:30:00,83.8,"[837.8147398136335, 779.7143933486263, 797.9120358249105, 834.2061817235763, 688.8082819191022]",awake,98.0,30.6,0,0
2024-01-09 10:00:00,64.6,"[823.9594161404057, 795.5195051773964, 823.4549482948045, 843.4908202872552, 808.2151407092388]",awake,98.6,29.8,0,0
2024-01-09 10:30:00,74.2,"[766.4170818787755, 765.7331027900129, 802.1813397929537, 825.2596079706457, 893.7229643596149]",awake,97.9,13.6,0,0
2024-01-09 11:00:00,81.3,"[807.9590283393208, 791.1715647727685, 847.3088348632377, 806.0134229736276, 776.2252782283961]",awake,98.5,29.9,0,0
2024-01-09 11:30:00,82.5,"[886.042918453176, 752.0373434217825, 810.5639918684035, 738.8262640843842, 804.8289484564473]",awake,97.5,12.4,0,0
2024-01-09 12:00:00,70.7,"[877.4235580988196, 813.6044538271382, 778.0175962463137, 793.8555593222161, 752.57946106575]",awake,97.4,34.3,0,0
2024-01-09 12:30:00,68.2,"[798.0251844944962, 795.7899493163907, 840.0931328710468, 794.5212302551965, 761.611733711808]",awake,98.6,31.2,0,0
2024-01-09 13:00:00,75.9,"[770.0116510167543, 787.2718620009571, 816.3353176880374, 814.1181329645764, 783.3674710298641]",awake,97.9,34.6,0,0
2024-01-09 13:30:00,60.0,"[856.4181536634053, 812.7667348354418, 807.6157649617232, 815.1531799152947, 758.725880012069]",awake,97.3,5.5,0,0
2024-01-09 14:00:00,90.7,"[764.5740209009192, 806.0614276607292, 860.1950871469091, 675.3560950841585, 890.6422450399052]",awake,97.6,26.4,0,0
2024-01-09 14:30:00,83.0,"[764.8778172649277, 835.0970343506945, 746.8206166203964, 803.3682606976298, 835.4261951814897]",awake,97.4,25.5,0,0
2024-01-09 15:00:00,69.7,"[789.3125169089556, 814.5704602229061, 797.5274168426114, 791.9244392095718, 749.6662668017647]",awake,98.1,11.5,0,0
2024-01-09 15:30:00,77.0,"[787.2268172311805, 732.4933712508847, 783.033913331846, 704.1089162954968, 800.3339096990709]",awake,98.7,13.3,0,0
2024-01-09 16:00:00,80.5,"[766.9389352325998, 759.0003167589159, 785.0364088186221, 818.7037458450698, 753.4797761478624]",awake,97.6,16.5,0,0
2024-01-09 16:30:00,73.9,"[809.8859332803098, 847.4893744879838, 857.5676992703411, 843.3621863694855, 752.3013453161417]",awake,97.6,21.7,0,0
2024-01-09 17:00:00,65.4,"[806.2595805073812, 844.5653246483116, 838.3770520734433, 768.3914133462821, 857.615615906145]",awake,97.9,18.1,0,0
2024-01-09 17:30:00,74.8,"[823.8922632899711, 811.9143134740169, 827.2406063099648, 763.1756058063701, 734.495635649326]",awake,98.2,6.3,0,0
2024-01-09 18:00:00,67.0,"[761.6209000834435, 788.7265783017572, 778.6123784842262, 760.1386191176515, 805.6000699360211]",awake,97.4,23.9,0,0
2024-01-09 18:30:00,92.0,"[806.0323862016813, 846.8429616220593, 744.8447037278712, 863.0209812072395, 827.858147855194]",awake,97.9,18.0,0,0
2024-01-09 19:00:00,73.2,"[800.1080226155426, 752.1999988486209, 787.8959198817631, 794.8651141472999, 815.077914978098]",awake,97.7,13.1,0,0
2024-01-09 19:30:00,74.1,"[835.8298305639188, 816.2429885364947, 754.8384450066649, 881.3148063587873, 790.7055601311239]",awake,97.9,14.9,0,0
2024-01-09 20:00:00,75.8,"[778.9968429202428, 812.3257086918126, 781.5052868260675, 770.2112906194959, 759.0488096532055]",awake,97.6,3.1,0,0
2024-01-09 20:30:00,79.3,"[834.2815063186058, 774.5339242786856, 715.8695469547033, 792.0153172035224, 796.8492437166433]",awake,98.2,23.1,0,0
2024-01-09 21:00:00,81.3,"[761.1555164895067, 841.1108132617283, 799.7183817112824, 849.9214312311204, 794.1437671337746]",awake,97.9,27.2,0,0
2024-01-09 21:30:00,76.6,"[762.5298036722795, 870.1400485348054, 833.4337098170417, 824.5266161235849, 827.537018266691]",awake,97.7,22.0,0,0
2024-01-09 22:00:00,59.7,"[991.301872333544, 1052.6836540524982, 1072.6484642795717, 1063.8175052989723, 980.8926762702445]",light,96.1,2.8,480,450
2024-01-09 22:30:00,63.4,"[1012.3632401142744, 914.1409995535743, 1072.0153690385694, 968.1537017327689, 976.8498663959888]",light,96.2,7.9,480,450
2024-01-09 23:00:00,53.4,"[946.4018431564706, 926.7855037050273, 1050.3661514663902, 1016.8923760201483, 959.1837523684477]",light,95.6,4.3,480,450
2024-01-09 23:30:00,66.3,"[1023.9593147409872, 1041.8351786595633, 976.351287205088, 996.0663750597627, 1041.7089727898078]",light,95.5,4.0,480,450
2024-01-10 00:00:00,60.4,"[992.1349250736656, 1024.6284935881306, 988.9820502728888, 1016.1145627499516, 1002.9905636778766]",deep,95.1,5.2,480,450
2024-01-10 00:30:00,61.2,"[1093.1026379032953, 1027.7265305389049, 985.9552928875194, 989.7152498157377, 1045.5825582542036]",deep,95.8,1.3,480,450
2024-01-10 01:00:00,62.2,"[1016.2984039663944, 1042.6908496963094, 949.7624627187761, 990.5671413461081, 1004.4658189082382]",deep,95.3,6.7,480,450
2024-01-10 01:30:00,62.9,"[1078.9373358045652, 1001.7715938958471, 973.7005375720344, 985.5824450542101, 973.3049030745494]",deep,95.8,5.9,480,450
2024-01-10 02:00:00,67.6,"[1018.9480263621375, 955.9375122957131, 1029.1216503945382, 978.8032993415007, 939.2955715442561]",rem,95.4,5.0,480,450
2024-01-10 02:30:00,54.3,"[944.2896849057591, 984.1932414042255, 1095.8290593516754, 1056.5303814379592, 1098.6507258000652]",rem,96.1,6.9,480,450
2024-01-10 03:00:00,56.6,"[949.3702345313056, 984.9008115861615, 1089.9996784097527, 990.550565478728, 947.4070919496513]",rem,96.3,5.8,480,450
2024-01-10 03:30:00,55.7,"[1060.7245117268596, 963.0648535196019, 1034.3441304702492, 984.2105927452225, 934.7810168056517]",rem,96.1,4.7,480,450
2024-01-10 04:00:00,58.8,"[962.9150990209786, 1067.2362257917673, 994.6028049497677, 939.8303195151572, 976.1856128486122]",light,96.0,3.8,480,450
2024-01-10 04:30:00,58.2,"[1033.684960585628, 1034.076688907764, 1106.4845349220918, 958.0817413168924, 954.2930010128148]",light,97.4,1.9,480,450
2024-01-10 05:00:00,57.8,"[1012.8104508981445, 1026.8651416687069, 1088.5141532066534, 991.9090383686499, 1034.9675274460833]",light,96.0,6.7,480,450
2024-01-10 05:30:00,53.8,"[994.6693521517283, 1022.5335776892781, 1060.2692220571073, 1065.8995203923105, 1048.5053203754705]",light,95.9,5.7,480,450
2024-01-10 06:00:00,73.1,"[830.2719503912117, 810.5767737665997, 842.7673414456581, 804.2112784966721, 715.4552740859697]",awake,98.4,2.8,0,0
2024-01-10 06:30:00,67.8,"[812.8929256762008, 839.4200403850996, 874.3613826448021, 734.6573054816458, 796.4540540113378]",awake,98.4,22.3,0,0
2024-01-10 07:00:00,142.5,"[472.58230784323337, 387.8632893792244, 431.66634284771294, 376.1316117156221, 428.7399793850705]",awake,97.7,91.3,0,0
2024-01-10 07:30:00,142.6,"[442.73828968439113, 412.30895098945695, 398.47951715860376, 401.8200156312661, 348.7050451637217]",awake,97.6,81.0,0,0
2024-01-10 08:00:00,116.1,"[382.5299351964854, 421.0645137567449, 474.6081161536233, 469.4362664249728, 447.3371188967831]",awake,97.9,91.2,0,0
2024-01-10 08:30:00,141.2,"[415.15510100673924, 418.71741965028156, 486.20428589171945, 479.0521425775381, 431.74652181465177]",awake,98.2,90.6,0,0
2024-01-10 09:00:00,69.7,"[824.309198295881, 747.9624522980525, 780.9605220777155, 783.2906542153447, 797.2717384881712]",awake,98.3,20.9,0,0
2024-01-10 09:30:00,80.8,"[821.8850018724257, 757.6695427951645, 799.6313077848264, 775.3306161660223, 818.566847232628]",awake,96.8,15.5,0,0
2024-01-10 10:00:00,86.0,"[740.1785945002044, 807.7402934661437, 797.8529408364014, 750.028583640381, 768.9782802533363]",awake,97.6,18.5,0,0
2024-01-10 10:30:00,87.7,"[793.9659468567977, 788.1300898668183, 795.6146839326474, 797.6472235079563, 787.6489263663028]",awake,97.8,5.8,0,0
2024-01-10 11:00:00,70.7,"[849.2402002448085, 771.9707275222625, 805.3624249493868, 778.3170822196288, 805.7163694651134]",awake,98.3,13.2,0,0
2024-01-10 11:30:00,84.1,"[771.9673974555515, 811.9989661988575, 808.8107823522337, 730.7324692241516, 786.4940901510629]",awake,98.1,13.3,0,0
2024-01-10 12:00:00,83.7,"[842.6457876214508, 875.53404469253, 790.6020157704232, 786.0314020037548, 831.9427005954697]",awake,97.2,24.5,0,0
2024-01-10 12:30:00,79.7,"[832.0640740252605, 793.7353250246485, 836.6607622570737, 879.0751883463075, 826.7315135916647]",awake,98.0,25.2,0,0
2024-01-10 13:00:00,83.6,"[791.7644879363614, 824.1047751650503, 828.2486402208765, 736.151846670004, 733.4832319955503]",awake,98.5,22.7,0,0
2024-01-10 13:30:00,77.4,"[723.9677862925879, 805.2191969105863, 787.6022738271072, 772.3067789532348, 729.2126275519313]",awake,98.5,16.9,0,0
2024-01-10 14:00:00,80.0,"[808.730866764502, 799.3337654203415, 790.4738757903206, 799.9131656201187, 748.4963396682451]",awake,98.2,20.9,0,0
2024-01-10 14:30:00,74.0,"[826.622319104702, 769.8174188340022, 799.2710302400236, 800.594668771095, 800.2111871254965]",awake,98.0,12.8,0,0
2024-01-10 15:00:00,63.8,"[812.5470658162097, 847.7909411308938, 836.1876303062791, 817.1451074352117, 788.9185310664235]",awake,97.6,0.0,0,0
2024-01-10 15:30:00,81.2,"[693.8376657923741, 777.3162026001316, 790.1375749251766, 809.6495132268625, 768.8583783632887]",awake,96.9,7.0,0,0
2024-01-10 16:00:00,84.9,"[782.295846496024, 798.4692252634256, 723.067021470617, 779.2509194225099, 788.5628457040899]",awake,97.6,0.6,0,0
2024-01-10 16:30:00,75.1,"[785.6939103392677, 880.7410986772551, 851.5329590599063, 776.0755614553414, 818.162341055971]",awake,98.3,28.8,0,0
2024-01-10 17:00:00,74.2,"[764.0860363444114, 826.721674634166, 825.9788751454529, 748.8475686758497, 816.2071025851715]",awake,97.5,0.1,0,0
2024-01-10 17:30:00,88.5,"[774.074789987088, 787.5466766739747, 758.0317701879861, 791.4880519781746, 797.88970921117]",awake,97.8,5.4,0,0
2024-01-10 18:00:00,86.7,"[790.9774133313697, 835.2241746522271, 798.3693638336191, 822.4047911551381, 815.2399278792659]",awake,97.5,21.0,0,0
2024-01-10 18:30:00,90.8,"[843.2564272379464, 794.2899134073723, 833.1504028156702, 798.8855877845178, 759.6963790830621]",awake,97.8,14.6,0,0
2024-01-10 19:00:00,74.3,"[770.9005248544112, 871.6458131829545, 835.864764994416, 835.3959880338458, 838.39048717227]",awake,98.1,35.2,0,0
2024-01-10 19:30:00,64.4,"[807.6374998809714, 785.0376781094601, 858.5212508843574, 751.8628852717271, 803.9691334876823]",awake,97.9,37.9,0,0
2024-01-10 20:00:00,69.7,"[723.7734941163544, 754.8736742604054, 840.5091404343983, 791.0810269642164, 763.4787046129483]",awake,97.9,5.9,0,0
2024-01-10 20:30:00,79.8,"[840.1975863391194, 776.7221494174349, 780.0865912777953, 866.8835693670105, 857.872890996975]",awake,97.4,40.0,0,0
2024-01-10 21:00:00,73.7,"[777.6112617864202, 782.4706115753411, 765.7028847180678, 745.9127328011172, 760.8405182769948]",awake,98.6,18.7,0,0
2024-01-10 21:30:00,68.3,"[813.1067777474223, 838.1117140836682, 771.2378543772008, 736.6199014243014, 757.2785294120976]",awake,97.9,23.0,0,0
2024-01-10 22:00:00,56.2,"[980.9584140965807, 1002.2447318706494, 978.2818432337608, 1023.2723842147393, 979.8299068172463]",light,95.3,7.3,480,450
2024-01-10 22:30:00,60.1,"[971.2844841269854, 1020.9877025241236, 1075.3926453323672, 993.7722250553509, 1036.7464616047378]",light,96.9,3.7,480,450
2024-01-10 23:00:00,64.8,"[966.1065931964723, 1039.3275331336863, 1085.3080688941411, 927.8106117375764, 1072.0002164259358]",light,95.3,3.6,480,450
2024-01-10 23:30:00,62.1,"[967.838931226669, 1012.7795356478672, 950.6958068443965, 1071.85718367329, 963.0945624060308]",light,96.3,2.0,480,450
2024-01-11 00:00:00,54.9,"[1031.3396448082137, 988.6831326656464, 957.4837955583347, 1005.5598335888519, 998.3332514317883]",deep,95.7,3.4,480,450
2024-01-11 00:30:00,59.9,"[969.9783667571256, 952.8473805652857, 1051.9361312136598, 986.682996838847, 1033.5093303737165]",deep,96.7,4.0,480,450
2024-01-11 01:00:00,59.2,"[976.1391129632372, 982.8078121006005, 1029.6656393281366, 971.5589550963055, 1085.5410785087013]",deep,95.4,1.6,480,450
2024-01-11 01:30:00,60.5,"[1111.7013450667062, 987.1716366481445, 977.0195414351496, 1041.9976966713145, 1012.1292457760469]",deep,95.3,2.7,480,450
2024-01-11 02:00:00,57.5,"[922.9860193647431, 949.8813155803772, 976.4839598552708, 983.8822856952498, 974.7501913486531]",rem,95.6,10.1,480,450
2024-01-11 02:30:00,70.6,"[942.2825083472898, 1094.1260546054034, 920.7608000903199, 1084.8569673114264, 988.3917666438988]",rem,96.8,6.7,480,450
2024-01-11 03:00:00,59.5,"[999.2331808093872, 1002.0711801606459, 988.9014274888783, 912.9703731943167, 1141.0512431149123]",rem,95.0,6.0,480,450
2024-01-11 03:30:00,48.5,"[995.0177718481265, 1019.0054727093192, 1053.4849134240048, 1031.3139779104574, 937.4884714136543]",rem,96.2,2.9,480,450
2024-01-11 04:00:00,59.5,"[996.5235749290738, 1070.8331051105367, 1029.253638784718, 1019.6619696314336, 997.2213864370851]",light,96.2,3.4,480,450
2024-01-11 04:30:00,64.1,"[991.3298776203242, 986.1577493370304, 978.9090431501006, 1078.157797746663, 1018.4643401746166]",light,96.0,3.4,480,450
2024-01-11 05:00:00,61.8,"[966.6318146538151, 1027.043589109721, 915.1437947128944, 983.4858019972215, 1046.6314071150707]",light,96.2,8.7,480,450
2024-01-11 05:30:00,53.6,"[967.0328219671322, 1002.1674324088921, 1030.4086479697053, 1029.4037671578546, 984.493966654873]",light,96.0,5.8,480,450
2024-01-11 06:00:00,60.5,"[870.837065620098, 726.8585378633304, 836.4091067403562, 890.585593834944, 785.793069711462]",awake,97.8,29.7,0,0
2024-01-11 06:30:00,71.2,"[859.9385341803818, 799.3812516582326, 897.7074883787357, 754.7524457654144, 844.3008130797164]",awake,98.5,16.3,0,0
2024-01-11 07:00:00,136.6,"[471.66298891390113, 460.3055009665899, 464.18561104673006, 421.7235666015308, 399.6395204157139]",awake,98.0,87.9,0,0
2024-01-11 07:30:00,125.9,"[423.1341997893896, 396.02590007482166, 439.57885565028084, 424.5670814040285, 412.79980156501364]",awake,98.7,88.5,0,0
2024-01-11 08:00:00,138.8,"[390.69119979465756, 441.02551610727556, 393.2563663315166, 454.8930985629937, 450.57881806024415]",awake,98.3,89.5,0,0
2024-01-11 08:30:00,155.4,"[463.9067004433908, 455.09363465937844, 435.2457490264749, 414.3277920579589, 410.62157719676793]",awake,98.4,88.7,0,0
2024-01-11 09:00:00,77.3,"[760.4726203171994, 809.3542849008419, 800.2417518827988, 825.7286680845847, 843.0138669990265]",awake,98.2,7.3,0,0
2024-01-11 09:30:00,79.9,"[770.122370790108, 814.5925605655694, 823.5115063343244, 795.4910919484482, 759.472626636411]",awake,98.4,19.9,0,0
2024-01-11 10:00:00,69.3,"[837.2384950203059, 795.0671486974536, 734.6119392070091, 808.8752757687786, 800.4759995579432]",awake,97.5,21.1,0,0
2024-01-11 10:30:00,67.5,"[812.4371401803542, 903.8208147195953, 804.7423807933881, 811.0791150454176, 773.2646176110105]",awake,97.7,14.0,0,0
2024-01-11 11:00:00,84.4,"[846.5815762760047, 783.7719240323094, 813.4215621414132, 770.3711520736764, 716.1828285149418]",awake,96.9,7.7,0,0
2024-01-11 11:30:00,62.7,"[782.2391850376808, 714.7860080377714, 810.411121790357, 835.3986282967647, 800.2968164928392]",awake,97.8,32.1,0,0
2024-01-11 12:00:00,76.3,"[777.2405516660998, 775.2356094835937, 758.4951276426244, 825.5178335394545, 885.5127563636307]",awake,98.2,40.3,0,0
2024-01-11 12:30:00,70.8,"[807.1275997998358, 844.0173012917818, 760.0055891359723, 773.3564744212952, 816.6382671925751]",awake,97.7,11.9,0,0
2024-01-11 13:00:00,79.2,"[812.4634388906258, 788.628580779405, 798.2574860158969, 742.0537752519863, 710.940667233362]",awake,98.2,13.5,0,0
2024-01-11 13:30:00,71.1,"[781.070196843621, 779.0846791050645, 823.8473806644847, 790.1246859561967, 779.4519616989569]",awake,98.2,34.9,0,0
2024-01-11 14:00:00,68.8,"[833.868333729411, 816.3360333545373, 769.0769109301151, 880.248785778363, 783.9136970957156]",awake,98.1,20.2,0,0
2024-01-11 14:30:00,87.6,"[748.8853932211869, 766.2348943615541, 801.0975763900893, 785.0959255802669, 846.4441463980103]",awake,98.7,21.2,0,0
2024-01-11 15:00:00,72.0,"[833.336992854611, 768.4245836136431, 756.248944159015, 848.402400148692, 794.2536423027075]",awake,97.3,31.2,0,0
2024-01-11 15:30:00,74.3,"[758.209594582861, 768.1254202596077, 838.2651978102017, 728.1676161392268, 775.7781082884073]",awake,98.5,30.2,0,0
2024-01-11 16:00:00,89.8,"[811.1195963657613, 891.507368259759, 757.6032979803992, 883.362629229763, 835.8239688914305]",awake,97.4,14.9,0,0
2024-01-11 16:30:00,87.5,"[774.3042229085057, 772.0401229992077, 804.4770645329858, 820.1974279785505, 775.5643536002456]",awake,98.2,20.5,0,0
2024-01-11 17:00:00,78.8,"[794.972138677479, 759.0767936081834, 807.7758286276772, 757.9117280161927, 772.6899603417922]",awake,98.2,24.1,0,0
2024-01-11 17:30:00,60.4,"[798.958084690351, 738.34084914968, 799.7614236700286, 807.4517748612824, 809.0174770774482]",awake,98.3,14.9,0,0
2024-01-11 18:00:00,73.7,"[820.711752936666, 865.6665290760784, 784.8509687799659, 813.3355886893119, 799.645131700698]",awake,98.0,26.3,0,0
2024-01-11 18:30:00,86.2,"[765.7860658903236, 815.9037670376068, 864.5100244050894, 780.0582570966136, 763.012049666746]",awake,98.1,27.5,0,0
2024-01-11 19:00:00,69.0,"[766.8117886118256, 833.7168104373267, 715.7246826502326, 766.2321082710463, 807.2259235816665]",awake,99.0,12.9,0,0
2024-01-11 19:30:00,77.1,"[811.9959563140363, 711.1041548000994, 748.9335310980271, 793.6701692790868, 827.6434947363633]",awake,97.6,37.2,0,0
2024-01-11 20:00:00,86.9,"[808.486522475497, 773.9283682386749, 873.9664376215816, 764.7922140400074, 845.6776886413483]",awake,98.0,18.2,0,0
2024-01-11 20:30:00,68.7,"[894.5607742716079, 873.6332587412032, 786.7875952052956, 777.8867337126811, 829.7646225716703]",awake,98.3,5.7,0,0
2024-01-11 21:00:00,70.2,"[823.3459888984348, 814.1662084570581, 842.7683640744289, 764.4859257042085, 788.7371980530534]",awake,96.9,29.3,0,0
2024-01-11 21:30:00,70.5,"[799.4576749125473, 774.0664848806047, 744.0007081467448, 808.9037105530418, 795.8152861219705]",awake,98.4,2.6,0,0
2024-01-11 22:00:00,57.2,"[1011.2035457296711, 973.375800420891, 954.0998132929328, 1075.3740902677303, 981.1496906330501]",light,95.9,1.9,480,450
2024-01-11 22:30:00,60.9,"[958.7127384929879, 954.5455848575616, 905.3766442509411, 976.2517735855661, 1066.101144712115]",light,95.1,5.1,480,450
2024-01-11 23:00:00,55.2,"[964.3825500657616, 1113.109958841129, 921.8801110675481, 1067.9795735105963, 957.9792617057742]",light,96.0,6.2,480,450
2024-01-11 23:30:00,59.6,"[1061.727576824974, 955.5866290799316, 986.3817978241836, 1007.1538653868851, 1043.6903790130464]",light,96.7,7.3,480,450
2024-01-12 00:00:00,60.1,"[993.0397459662112, 1044.6666865675463, 973.6279343907197, 962.6631394117169, 954.3114787102453]",deep,95.8,7.4,480,450
2024-01-12 00:30:00,55.3,"[988.028407333972, 1019.9098602114501, 1069.5799102460621, 995.9456803273856, 1003.7547205920162]",deep,96.4,6.3,480,450
2024-01-12 01:00:00,58.6,"[1080.1256044797324, 1004.4726982415967, 912.3138236702732, 1052.3616575673768, 991.3014963152538]",deep,95.3,3.8,480,450
2024-01-12 01:30:00,54.2,"[971.7636625220321, 950.7263851429117, 1007.0589271560123, 1029.548942467574, 1024.7428676135335]",deep,96.9,0.9,480,450
2024-01-12 02:00:00,55.3,"[986.6572715389349, 956.3216018607604, 1006.2472817001011, 1033.8066385566012, 920.5970096311216]",rem,95.8,4.4,480,450
2024-01-12 02:30:00,54.4,"[1015.6117251080412, 1041.6860657878585, 1073.9235359444365, 909.9556922862723, 1062.5621454953903]",rem,96.1,8.3,480,450
2024-01-12 03:00:00,54.8,"[963.8977753825558, 1022.0473243581081, 1046.2510259594683, 1016.8065329403009, 985.5821573779428]",rem,95.8,4.9,480,450
2024-01-12 03:30:00,55.9,"[938.1162862608188, 906.4537937818394, 1070.0350490058736, 997.99669434198, 1020.6126054443845]",rem,95.2,3.8,480,450
2024-01-12 04:00:00,65.0,"[1058.0626146887782, 1041.6304567999384, 1028.7248082264193, 920.2423373858335, 1064.8651185923177]",light,96.5,5.4,480,450
2024-01-12 04:30:00,61.2,"[1091.5109017577777, 873.7042029248934, 1027.391041712368, 1084.628718316049, 958.900845372357]",light,95.9,6.2,480,450
2024-01-12 05:00:00,61.3,"[1057.1461365350324, 1041.3095405116203, 1006.9157557600041, 986.842693692826, 1080.4933102299196]",light,96.5,3.7,480,450
2024-01-12 05:30:00,62.2,"[1086.6332885533309, 1073.9671877159933, 991.3264225654253, 989.3719398997372, 974.3951651094834]",light,95.9,7.0,480,450
2024-01-12 06:00:00,86.5,"[762.2863131471802, 781.3607839565242, 755.2653061479991, 813.5936623590063, 785.5751499690041]",awake,97.9,20.6,0,0
2024-01-12 06:30:00,76.9,"[805.3506944838745, 842.5523605514328, 838.4086364769265, 784.4255790858772, 861.9690314412275]",awake,98.1,16.5,0,0
2024-01-12 07:00:00,136.0,"[513.5849282465757, 440.87519360940865, 351.22711131640506, 376.34202489885877, 432.92863635233084]",awake,98.4,89.1,0,0
2024-01-12 07:30:00,157.0,"[465.74205704014116, 402.56409931073813, 372.5925013780351, 436.9842461330908, 439.7538458978579]",awake,97.8,91.5,0,0
2024-01-12 08:00:00,140.0,"[419.8035978151315, 431.78542324933915, 422.1075150591462, 402.99882489853974, 499.46421759042]",awake,98.2,80.9,0,0
2024-01-12 08:30:00,128.5,"[461.44144966002085, 441.5024508195157, 430.27988004273965, 450.6140487462287, 372.80946818095606]",awake,98.3,87.0,0,0
2024-01-12 09:00:00,73.4,"[782.3367548838245, 852.311099548451, 811.0689385095322, 784.7102048468523, 803.5558722211856]",awake,97.9,9.0,0,0
2024-01-12 09:30:00,88.4,"[815.78618803667, 811.4152689550123, 803.9902496006634, 755.5797890537258, 832.3433786493033]",awake,98.3,0.0,0,0
2024-01-12 10:00:00,69.9,"[795.618835924833, 757.5338886622097, 840.7361306644555, 795.6229528010881, 874.2019581325317]",awake,97.8,27.9,0,0
2024-01-12 10:30:00,72.5,"[771.2385801957178, 785.252069952607, 809.4109559766499, 806.9617528718702, 783.0410006925847]",awake,98.2,13.9,0,0
2024-01-12 11:00:00,70.2,"[732.9673932747354, 827.7337243204707, 832.655203231851, 798.9007541116267, 823.1709824495059]",awake,97.8,18.7,0,0
2024-01-12 11:30:00,75.6,"[775.4719017543521, 801.1217265861675, 832.6987265705941, 824.8905863422011, 763.9589810865577]",awake,98.6,17.8,0,0
2024-01-12 12:00:00,70.6,"[724.2259071193905, 790.6113611902983, 773.002432847175, 824.0631657655873, 736.5689409415965]",awake,98.0,24.7,0,0
2024-01-12 12:30:00,81.1,"[771.7314464406039, 827.081619997669, 832.5004288503628, 771.1161251172873, 800.3513613702587]",awake,98.8,5.8,0,0
2024-01-12 13:00:00,82.2,"[811.488932334747, 785.3394443066783, 744.5263478458347, 750.504067571862, 824.300090185699]",awake,98.5,28.3,0,0
2024-01-12 13:30:00,87.2,"[733.8850300494013, 796.7785321079565, 797.7669397219626, 821.5376521787266, 761.0373200685086]",awake,97.8,26.9,0,0
2024-01-12 14:00:00,79.9,"[753.7848689800965, 763.4725542148338, 735.1256985146023, 813.056480889166, 845.5746088764591]",awake,98.2,10.2,0,0
2024-01-12 14:30:00,71.8,"[792.6222246723203, 751.9412799008786, 759.0501553442282, 797.3117872064297, 769.1250682516077]",awake,97.6,26.3,0,0
2024-01-12 15:00:00,78.7,"[818.0808128767943, 812.0649341557627, 824.6647212127745, 825.2880399861007, 808.8808229993303]",awake,97.8,0.0,0,0
2024-01-12 15:30:00,77.9,"[805.7484571929269, 807.53273142918, 782.2036966981354, 854.7909680737881, 800.6252910649267]",awake,98.1,15.0,0,0
2024-01-12 16:00:00,68.6,"[877.4819481239726, 789.3140484416658, 854.663028463175, 830.006830965797, 797.4835853623466]",awake,97.9,22.1,0,0
2024-01-12 16:30:00,83.5,"[716.6324298348661, 760.3746706849225, 835.2094164467982, 805.7897776495053, 858.4653499357615]",awake,97.5,24.8,0,0
2024-01-12 17:00:00,74.5,"[826.5103561676756, 813.848673185603, 757.2886472859832, 758.2681134267872, 772.6813989675362]",awake,97.5,31.2,0,0
2024-01-12 17:30:00,93.3,"[791.2402549991034, 812.5937027312935, 757.1282002941022, 773.909481038599, 819.9982020310272]",awake,97.9,33.7,0,0
2024-01-12 18:00:00,79.4,"[802.4396863342565, 792.0555940170885, 858.4772171056989, 844.7263721743274, 854.2484873793487]",awake,97.6,10.1,0,0
2024-01-12 18:30:00,66.3,"[883.0097047558679, 828.2905561109955, 774.5581828192987, 796.497427220959, 803.5597192018398]",awake,97.7,32.8,0,0
2024-01-12 19:00:00,82.6,"[876.0318839366371, 789.7892726372331, 744.8815460257388, 822.009571201196, 864.0628425565367]",awake,98.2,34.2,0,0
2024-01-12 19:30:00,81.6,"[753.5829893086545, 783.0696421772294, 787.118537600144, 841.5545497259884, 778.7652766862338]",awake,97.8,25.4,0,0
2024-01-12 20:00:00,71.1,"[822.4885506362341, 865.9460646386846, 762.9452980147742, 798.9309914269551, 826.1444838607347]",awake,98.1,22.5,0,0
2024-01-12 20:30:00,68.1,"[818.971911971289, 789.8431516240585, 769.5409111320361, 818.9434624710598, 757.0214246636225]",awake,98.4,3.9,0,0
2024-01-12 21:00:00,54.9,"[866.341642841468, 762.3632310006922, 749.7714857932101, 851.9799662432605, 844.4144069808623]",awake,97.1,34.7,0,0
2024-01-12 21:30:00,62.0,"[879.0542583739635, 765.1781504466634, 824.8340931799672, 874.2907300252756, 746.6236884511488]",awake,97.3,29.6,0,0
2024-01-12 22:00:00,56.5,"[941.771771980195, 991.6966536041645, 1004.2324244089872, 977.7887434213284, 961.2108854395015]",light,95.5,6.2,480,450
2024-01-12 22:30:00,42.2,"[952.5094140732454, 943.4019861217241, 1047.584804955173, 1094.6791421875514, 1007.8077437369238]",light,96.1,5.7,480,450
2024-01-12 23:00:00,55.1,"[1002.4911800141562, 988.6915980808567, 929.5259502238573, 943.7115360901269, 1042.9554581166547]",light,95.2,5.6,480,450
2024-01-12 23:30:00,50.7,"[1000.4047155285219, 1041.3095371672148, 1006.8417954199017, 995.4486634243951, 971.0363157969224]",light,96.0,5.2,480,450
2024-01-13 00:00:00,55.6,"[946.0053100797949, 985.2119651457978, 928.5362452850715, 962.5188040810591, 1026.190702574685]",deep,96.2,4.8,480,450
2024-01-13 00:30:00,57.2,"[1021.8311340417092, 1102.295220431762, 919.6738174901816, 1037.0599814621107, 1023.8550712409142]",deep,96.1,5.0,480,450
2024-01-13 01:00:00,63.0,"[959.3427602422437, 1000.675666839789, 888.8378749058318, 999.53411346661, 1004.2181261772716]",deep,96.8,4.7,480,450
2024-01-13 01:30:00,57.4,"[1042.538117766216, 878.7815254120844, 950.5618202634867, 1019.9265209716168, 945.5748711680792]",deep,96.0,6.3,480,450
2024-01-13 02:00:00,59.2,"[1041.0574904957723, 921.1960512165829, 981.7947762552589, 973.2437789189484, 1024.3441652286083]",rem,96.2,6.2,480,450
2024-01-13 02:30:00,64.0,"[1135.0490294748713, 1028.8046299781072, 977.3288541956231, 935.2932420128056, 940.1153036291114]",rem,96.5,5.1,480,450
2024-01-13 03:00:00,63.4,"[1018.6203101153781, 977.9347424971605, 1002.3349641611254, 996.6532045287437, 990.9065054979376]",rem,96.4,5.5,480,450
2024-01-13 03:30:00,60.6,"[971.6966838336253, 914.3517706644488, 990.3186268106504, 981.4924988591549, 1059.0351929984927]",rem,95.8,8.8,480,450
2024-01-13 04:00:00,59.2,"[911.3208236941558, 1028.9522196103871, 1055.0118411172102, 965.0880469524348, 951.0166561503997]",light,95.5,8.2,480,450
2024-01-13 04:30:00,60.7,"[1036.971547619112, 1015.8058487274093, 1049.8433229363923, 954.525273951345, 984.2423500051398]",light,96.5,1.3,480,450
2024-01-13 05:00:00,62.8,"[1066.4989865164305, 1021.254152569699, 968.863047479977, 1024.5529867656555, 1028.6583495806947]",light,96.1,6.3,480,450
2024-01-13 05:30:00,69.3,"[934.6483123522717, 901.7711833299891, 1097.11384985786, 976.5890442782543, 1020.000723813572]",light,95.8,6.2,480,450
2024-01-13 06:00:00,75.7,"[878.822830246984, 863.0851342116135, 795.817946990181, 779.6208087250197, 822.4526429583285]",awake,98.7,29.0,0,0
2024-01-13 06:30:00,70.6,"[743.0766737706111, 872.5246115525631, 789.8514567800943, 823.008877105439, 838.9862092665182]",awake,98.1,18.2,0,0
2024-01-13 07:00:00,87.6,"[767.9517528262875, 775.8795749441334, 796.1525941746777, 796.3336416773293, 767.7412883950021]",awake,98.3,18.2,0,0
2024-01-13 07:30:00,61.9,"[836.5589519986687, 843.1933307754507, 858.8129681449957, 799.0586244007737, 814.8473267378315]",awake,97.5,36.0,0,0
2024-01-13 08:00:00,75.2,"[797.7501917840038, 757.9426299040106, 807.4293296100818, 781.5206686908748, 782.1925470211843]",awake,97.6,14.0,0,0
2024-01-13 08:30:00,81.0,"[798.9704593053515, 794.9332837262332, 786.7478624038653, 818.1957585260504, 699.2351634456342]",awake,98.7,26.3,0,0
2024-01-13 09:00:00,80.7,"[846.497701258158, 808.3501339174204, 832.8252437789188, 848.3292267258529, 776.2818524976452]",awake,96.3,37.6,0,0
2024-01-13 09:30:00,75.0,"[833.5023656587127, 836.7825197588788, 846.4330078396993, 790.1891932861765, 765.1873619888914]",awake,97.5,13.3,0,0
2024-01-13 10:00:00,62.5,"[860.2803790545391, 854.6797866829733, 832.5711506798539, 788.3743341817559, 728.3157388076887]",awake,98.1,22.1,0,0
2024-01-13 10:30:00,75.5,"[875.3790830042143, 842.1058628860749, 716.521520051683, 809.6810660475885, 854.9783066634075]",awake,98.6,5.7,0,0
2024-01-13 11:00:00,71.3,"[798.9556231485703, 815.0794241914359, 794.3319640059065, 798.382357783813, 786.4937918154086]",awake,98.3,18.8,0,0
2024-01-13 11:30:00,86.8,"[739.3253973024085, 778.1701623365778, 806.8823292526399, 854.8018961124501, 864.627476496664]",awake,98.5,25.8,0,0
2024-01-13 12:00:00,89.1,"[819.8366809403093, 749.1702664536638, 754.6172999221382, 764.4084795963312, 871.9800307543769]",awake,98.5,13.7,0,0
2024-01-13 12:30:00,83.2,"[827.0249581980162, 846.4630130049186, 759.1804601554225, 785.2338998708591, 806.8865512550869]",awake,97.5,4.1,0,0
2024-01-13 13:00:00,66.4,"[762.8221184379801, 790.5053571515309, 837.8960180431932, 809.7067043602686, 810.5067263767621]",awake,96.8,31.7,0,0
2024-01-13 13:30:00,93.7,"[805.5244878492518, 736.6944551039371, 783.0470847585023, 776.939815198102, 843.0238436689608]",awake,98.5,36.7,0,0
2024-01-13 14:00:00,73.7,"[785.0223283227955, 822.1795687959822, 764.7812538872857, 849.8719373759523, 805.4487857406431]",awake,98.2,28.9,0,0
2024-01-13 14:30:00,83.4,"[839.022380541313, 835.1635930177442, 823.3733800987351, 777.10014907187, 799.7639455003904]",awake,97.3,13.5,0,0
2024-01-13 15:00:00,72.7,"[803.1388665748296, 788.1881676228137, 797.4903761399497, 772.408051040531, 833.838369973615]",awake,97.9,17.9,0,0
2024-01-13 15:30:00,80.3,"[772.1571030219666, 803.5280652409127, 870.5484045853907, 812.9564647943256, 769.1764140481284]",awake,98.1,14.9,0,0
2024-01-13 16:00:00,73.0,"[816.4903553149826, 781.4959002092677, 765.7682155300637, 833.5546109422032, 808.4670517211229]",awake,97.7,7.5,0,0
2024-01-13 16:30:00,71.0,"[771.6306553074684, 854.6438527555958, 772.9864494865044, 761.2237772084437, 783.9824268708309]",awake,97.8,17.2,0,0
2024-01-13 17:00:00,85.8,"[659.9167772276177, 796.7249912679238, 794.2758421799867, 759.6279710565282, 785.1759654539795]",awake,98.2,22.0,0,0
2024-01-13 17:30:00,80.2,"[811.6328891706232, 778.7398474733328, 844.0402850970461, 766.6396198153582, 854.0325711083573]",awake,98.2,34.5,0,0
2024-01-13 18:00:00,74.3,"[823.3385482832266, 850.9796663169436, 805.2076487304884, 787.2514494469217, 711.1647075622537]",awake,98.0,19.8,0,0
2024-01-13 18:30:00,75.5,"[693.0230657976492, 732.4897055445883, 778.6344005767039, 743.635143467138, 728.291075284658]",awake,98.7,15.3,0,0
2024-01-13 19:00:00,61.6,"[802.3734881369263, 804.4471367764551, 821.7089573640028, 688.675488216842, 727.3645809428468]",awake,97.8,14.2,0,0
2024-01-13 19:30:00,75.5,"[801.8580480331625, 862.7697501488486, 764.518151185563, 801.7957712225465, 747.3301242781216]",awake,97.9,29.1,0,0
2024-01-13 20:00:00,63.2,"[802.5008896845621, 863.1733908333789, 834.3484748354867, 731.2988758148906, 812.2016758196545]",awake,98.6,16.0,0,0
2024-01-13 20:30:00,81.7,"[802.9376651251987, 825.0117123039756, 801.5365122196044, 852.3093522395548, 754.1623141242425]",awake,98.6,18.7,0,0
2024-01-13 21:00:00,72.2,"[808.442988158055, 888.3139013571883, 791.3394638794572, 824.7369726755196, 775.3977817921128]",awake,97.0,38.7,0,0
2024-01-13 21:30:00,68.9,"[821.8886999619255, 777.9021280758963, 841.6325695288026, 698.3572368878679, 820.0980567299387]",awake,98.2,4.9,0,0
2024-01-13 22:00:00,62.1,"[1019.3095882218649, 932.4510165770808, 989.4632289891555, 985.4627487723308, 994.300574810809]",light,96.0,3.2,480,450
2024-01-13 22:30:00,63.0,"[1009.063672857269, 979.3126819137501, 957.5978034388398, 1033.9490798131526, 986.6512762903417]",light,96.2,5.5,480,450
2024-01-13 23:00:00,62.2,"[1028.4998022787888, 1043.2319394415154, 938.6257003180168, 1072.3838639634357, 968.9182273552418]",light,96.3,4.1,480,450
2024-01-13 23:30:00,61.8,"[981.2333690457342, 1019.8926900857493, 951.8136742680045, 1027.603108216351, 991.555612136035]",light,96.4,5.2,480,450
2024-01-14 00:00:00,61.4,"[1038.8164266659167, 984.3611904339309, 986.5565923207092, 1028.6780575106916, 1072.3447078528084]",deep,95.5,8.2,480,450
2024-01-14 00:30:00,56.7,"[994.5595274202906, 977.1131284617107, 937.5113491801105, 943.2279623882209, 1002.1724633724601]",deep,95.8,1.9,480,450
2024-01-14 01:00:00,57.7,"[946.061609951596, 1018.6444032120179, 1083.802086845209, 946.0403046183408, 992.2856084679487]",deep,96.0,5.4,480,450
2024-01-14 01:30:00,56.9,"[1073.9788539930325, 958.8570345453808, 1021.3119580798083, 984.7184692794497, 958.1235010330804]",deep,96.5,1.0,480,450
2024-01-14 02:00:00,61.0,"[1100.8797959558533, 981.6847370858897, 919.8882022654215, 1006.1898610412997, 989.9249619227596]",rem,96.4,3.4,480,450
2024-01-14 02:30:00,51.7,"[937.5487884665001, 954.1552415363906, 973.3719694406783, 1108.8249936024245, 961.9058263384817]",rem,95.4,3.1,480,450
2024-01-14 03:00:00,51.4,"[944.9497971169785, 1054.8279833176787, 1040.5171136511542, 942.5089265462512, 1035.0515622355151]",rem,96.4,4.9,480,450
2024-01-14 03:30:00,56.2,"[1047.694996733492, 1054.9540211153583, 1038.0067439638945, 980.2555621250488, 1056.2976366381586]",rem,95.6,6.1,480,450
2024-01-14 04:00:00,58.6,"[975.0063757773423, 983.6348204770632, 975.2938600022612, 982.9505568323589, 1018.7190088168105]",light,95.9,2.6,480,450
2024-01-14 04:30:00,71.8,"[959.3876481456418, 1056.7358452970636, 941.2261660254569, 941.5792399539598, 992.3854254558486]",light,95.9,6.2,480,450
2024-01-14 05:00:00,49.8,"[1000.6145964562132, 950.7468246646409, 988.8324492883435, 1035.9941857686442, 1063.6201327221697]",light,95.5,5.9,480,450
2024-01-14 05:30:00,62.9,"[1005.1063055963735, 974.4890604851155, 1001.2285090012223, 968.5037386889683, 979.2998740333325]",light,96.4,6.7,480,450
2024-01-14 06:00:00,80.2,"[838.2362389567091, 743.1102521912397, 869.4712150544578, 778.5871171191874, 774.9639099945492]",awake,97.9,11.7,0,0
2024-01-14 06:30:00,83.8,"[792.8491113017693, 841.8211796628246, 813.416275875429, 742.3767427946758, 760.0396036128169]",awake,98.5,34.9,0,0
2024-01-14 07:00:00,63.4,"[766.6045805946144, 845.8730403986976, 795.7005574497088, 748.5401541951106, 722.0723834151314]",awake,97.7,20.4,0,0
2024-01-14 07:30:00,82.5,"[801.2138674881238, 822.6543636328938, 793.8319165565807, 794.9325827309066, 820.6200435741467]",awake,98.4,9.6,0,0
2024-01-14 08:00:00,77.0,"[757.3047592193718, 792.6045170467365, 743.5626348601546, 845.8379352944266, 864.7185814085143]",awake,98.2,10.2,0,0
2024-01-14 08:30:00,72.7,"[788.3650615656351, 872.1948213399796, 857.8182851809453, 810.2845462283715, 802.2527477627642]",awake,98.2,13.3,0,0
2024-01-14 09:00:00,79.5,"[742.5893308012853, 844.7949104913951, 816.12512871416, 843.1463596823506, 719.8121162067705]",awake,97.9,25.8,0,0
2024-01-14 09:30:00,67.4,"[769.7169500094458, 820.9435470419795, 838.1765469913223, 824.6877303553536, 782.0582452041609]",awake,98.2,10.6,0,0
2024-01-14 10:00:00,77.0,"[815.9415921390233, 814.0587764937328, 812.0519719463382, 802.7147090152911, 771.4964240199346]",awake,97.9,22.2,0,0
2024-01-14 10:30:00,68.5,"[822.2223969712379, 797.2446997118446, 757.6123860952907, 798.0057537712496, 800.5492703218307]",awake,97.4,21.3,0,0
2024-01-14 11:00:00,67.9,"[835.7303893520279, 792.2421064177358, 773.0026454905036, 901.4113373192424, 783.8211316399916]",awake,97.7,5.4,0,0
2024-01-14 11:30:00,76.6,"[798.9455175710308, 827.3822717629835, 737.8060068097569, 777.93908295077, 787.9757793507417]",awake,97.7,26.6,0,0
2024-01-14 12:00:00,62.7,"[804.7379552210144, 839.6685841960351, 774.1590720938144, 768.7570087990546, 788.927744605856]",awake,98.4,23.4,0,0
2024-01-14 12:30:00,77.8,"[746.9272290413415, 759.772068784614, 783.0070058087632, 773.1791320428835, 829.3893523990922]",awake,98.5,31.8,0,0
2024-01-14 13:00:00,70.0,"[843.6867590194087, 752.0867262517311, 756.5712871164201, 859.7117869024428, 919.3335923117713]",awake,99.0,19.0,0,0
2024-01-14 13:30:00,96.6,"[828.4707125939493, 860.8235087864055, 868.9553156426955, 836.6068554883756, 782.0951784625689]",awake,98.1,19.6,0,0
2024-01-14 14:00:00,59.5,"[903.0203947601257, 876.9389416166601, 748.1782427185203, 771.3072912304906, 779.9525699087236]",awake,98.5,14.7,0,0
2024-01-14 14:30:00,84.0,"[747.7364771986383, 861.4713214578882, 847.9955639080252, 831.0161406052099, 774.807088457889]",awake,99.0,18.7,0,0
2024-01-14 15:00:00,66.7,"[724.0705870273952, 805.7560125458962, 786.859956988625, 798.0500972338456, 782.0257256178518]",awake,98.6,9.4,0,0
2024-01-14 15:30:00,83.1,"[847.1048511294681, 757.459540937943, 822.230011607764, 774.1020462937722, 854.2308818214177]",awake,97.6,24.5,0,0
2024-01-14 16:00:00,65.3,"[789.5419447895076, 798.3804568878703, 770.4869402957864, 799.2941049160971, 786.7869468595658]",awake,97.8,31.1,0,0
2024-01-14 16:30:00,69.3,"[792.3426260809782, 838.1279764577571, 726.406664693489, 831.0725467722525, 741.3517700490526]",awake,98.3,19.3,0,0
2024-01-14 17:00:00,84.7,"[782.7836459764867, 827.454945499766, 760.7109403425112, 813.5871213895068, 797.4488648456531]",awake,98.0,20.4,0,0
2024-01-14 17:30:00,62.0,"[839.210308166821, 754.3268876641669, 798.7270880520744, 751.7324094713556, 845.0940391293991]",awake,98.0,27.6,0,0
2024-01-14 18:00:00,70.7,"[831.6681969507001, 799.1729235255833, 800.0074180958286, 753.8655101754002, 846.2590582592173]",awake,97.5,13.6,0,0
2024-01-14 18:30:00,72.7,"[759.2075448902089, 755.2929428044407, 831.8310983515137, 865.1424908774111, 838.8503493413197]",awake,96.8,10.3,0,0
2024-01-14 19:00:00,70.6,"[854.8383061333227, 792.4922707617571, 789.538309562067, 803.7202746052134, 756.9081098015042]",awake,98.3,18.5,0,0
2024-01-14 19:30:00,81.8,"[851.83806037333, 744.6602475816492, 842.9927125698883, 780.4178156506225, 770.503566781604]",awake,98.0,27.7,0,0
2024-01-14 20:00:00,83.5,"[834.185729274587, 788.6174570676036, 839.0668734600214, 836.5533872463582, 797.3373229470328]",awake,98.3,21.7,0,0
2024-01-14 20:30:00,75.4,"[746.481192537405, 798.8383107212155, 824.8742244548264, 814.1721775377688, 751.9763372579465]",awake,97.8,0.0,0,0
2024-01-14 21:00:00,91.2,"[744.3268473106351, 839.9296737999487, 842.9576882607034, 751.3818716058867, 794.50389773573]",awake,97.5,7.6,0,0
2024-01-14 21:30:00,81.3,"[818.6377037635958, 767.9058864971728, 846.1006277286307, 786.1409053792174, 843.9082182582193]",awake,98.3,22.6,0,0
2024-01-14 22:00:00,60.8,"[1057.916315590811, 1019.6072303625406, 936.6089903216821, 908.1657520265703, 982.0039051586699]",light,95.9,5.0,480,450
2024-01-14 22:30:00,62.8,"[1052.0596870766658, 1000.8228106505347, 1047.3505816181982, 892.325284326901, 914.1924575000567]",light,96.3,6.8,480,450
2024-01-14 23:00:00,58.5,"[922.5365120194027, 973.493311967018, 1012.7358372118758, 1061.7277438123567, 877.8203876290788]",light,96.8,2.3,480,450
2024-01-14 23:30:00,67.8,"[918.7261220900019, 1135.2827717476039, 967.049402364943, 1067.2307637163863, 987.6139035873474]",light,95.5,6.1,480,450
2024-01-15 00:00:00,61.5,"[1009.6768081124933, 1059.642060325316, 988.7473276816866, 933.2421122429271, 1019.6763614990585]",deep,96.1,3.0,480,450
2024-01-15 00:30:00,67.4,"[934.4348884114208, 1025.218022209997, 968.3422550379963, 992.0130395577231, 1002.8210381969539]",deep,95.4,7.0,480,450
2024-01-15 01:00:00,61.0,"[963.9692437011553, 1013.8931225134922, 973.38460081717, 1012.9262645973567, 984.3899509507694]",deep,95.9,3.3,480,450
2024-01-15 01:30:00,54.1,"[999.8061152194138, 940.8526460153145, 1073.3925381909603, 1039.9618753008801, 982.3940808222142]",deep,96.5,5.6,480,450
2024-01-15 02:00:00,52.9,"[1067.1980933355671, 1060.6789936776413, 963.2245718369538, 940.4047751079931, 1088.6081358792771]",rem,94.9,3.9,480,450
2024-01-15 02:30:00,61.8,"[982.2329833939413, 1060.2638087753974, 1046.2810094561726, 1013.0743266502632, 916.6474765791756]",rem,96.0,6.7,480,450
2024-01-15 03:00:00,57.9,"[1116.581604828355, 1003.604694977361, 995.0848419580116, 970.2221216027169, 949.1305511718549]",rem,96.4,6.0,480,450
2024-01-15 03:30:00,60.5,"[1006.6120876628911, 1014.9828817578251, 977.6318553580138, 1000.850372873089, 1006.5204960555594]",rem,95.4,4.6,480,450
2024-01-15 04:00:00,65.7,"[972.5610620329333, 1058.3575542095705, 1030.9841500012983, 1003.4143944461099, 964.1537817197072]",light,95.5,3.2,480,450
2024-01-15 04:30:00,53.7,"[1005.4243046471914, 1027.3707102671337, 970.1556437100394, 961.7730535114594, 1013.6531727897221]",light,95.9,5.8,480,450
2024-01-15 05:00:00,55.6,"[1101.3989132256602, 1076.7460858422967, 1062.150423354195, 1038.3145133533671, 978.4248707926098]",light,96.5,0.9,480,450
2024-01-15 05:30:00,65.9,"[1032.4942810466773, 1011.3735415607571, 1014.0421879561704, 1079.9151373980308, 1030.210713321233]",light,96.0,6.8,480,450
2024-01-15 06:00:00,67.7,"[784.6686765458924, 798.7382598127226, 856.8769456480708, 742.9395883944368, 766.9114081562527]",awake,97.5,28.9,0,0
2024-01-15 06:30:00,73.0,"[825.5907136167554, 768.0616229443897, 785.3021605059417, 869.6854996623168, 715.8772180310467]",awake,98.0,28.7,0,0
2024-01-15 07:00:00,125.3,"[474.47830697409086, 438.2680538718859, 420.30015410116647, 367.6707586726185, 425.24305845723524]",awake,98.2,84.3,0,0
2024-01-15 07:30:00,138.0,"[446.07971282116677, 454.85925070804035, 419.2886928625284, 383.8174078049132, 449.44769314521693]",awake,97.5,87.6,0,0
2024-01-15 08:00:00,141.2,"[429.3185852384877, 519.2890852091045, 439.54972251046087, 445.0474142261791, 456.3220319170052]",awake,97.4,95.1,0,0
2024-01-15 08:30:00,132.5,"[393.0987804099491, 437.04376692092086, 429.72797615223755, 403.8142950151365, 409.384323453216]",awake,97.8,83.4,0,0
2024-01-15 09:00:00,63.4,"[852.5967613730418, 830.8407187766272, 762.0632869171088, 824.1144469081202, 866.4994066510773]",awake,98.7,25.3,0,0
2024-01-15 09:30:00,90.1,"[796.7633997495027, 840.4507762752653, 841.2488447004433, 777.1542254540118, 852.3372127358449]",awake,97.5,29.1,0,0
2024-01-15 10:00:00,71.5,"[837.444689029542, 806.9749236160059, 769.0916040953111, 746.7869435804777, 881.4614644321229]",awake,97.7,24.4,0,0
2024-01-15 10:30:00,82.1,"[804.5077215048761, 781.3967066048045, 837.3618365406746, 885.8087907398843, 768.9710015964907]",awake,98.6,13.6,0,0
2024-01-15 11:00:00,69.3,"[786.8702447762959, 841.4085976515817, 823.668613763864, 699.0453627449566, 876.2721451246069]",awake,98.2,10.9,0,0
2024-01-15 11:30:00,71.2,"[726.9735257791091, 802.8942023353334, 745.4282044507881, 843.704550635122, 777.3523842422974]",awake,98.7,0.0,0,0
2024-01-15 12:00:00,76.4,"[828.0432132635318, 779.4063314813176, 796.191611077381, 779.6942825805913, 775.6406699149485]",awake,97.4,20.3,0,0
2024-01-15 12:30:00,83.6,"[763.0661575085471, 862.0887627456775, 834.7877854748236, 799.4923289224818, 833.2422003632364]",awake,98.1,10.9,0,0
2024-01-15 13:00:00,75.6,"[806.7815555942472, 779.8249328721129, 770.2317920099335, 808.5836749473436, 893.0230688979564]",awake,98.7,7.6,0,0
2024-01-15 13:30:00,68.9,"[795.9295176722715, 869.2205853086856, 811.0956013641282, 732.65460883453, 761.0435661207597]",awake,97.5,7.2,0,0
2024-01-15 14:00:00,64.2,"[866.5188714770348, 788.434451578224, 805.8154326472824, 725.8374154181201, 739.3981571964816]",awake,98.8,19.8,0,0
2024-01-15 14:30:00,83.4,"[806.3436307335359, 746.049544735392, 791.5029381157692, 787.4124003551608, 816.2650683982091]",awake,98.3,15.8,0,0
2024-01-15 15:00:00,80.7,"[876.9518192805422, 834.9369408944053, 729.2983197474113, 863.6292170134303, 744.5253893748206]",awake,97.3,21.4,0,0
2024-01-15 15:30:00,69.6,"[810.7596246495664, 751.1438629458316, 787.0699843546516, 729.463636964176, 792.2351826504644]",awake,98.1,10.1,0,0
2024-01-15 16:00:00,71.6,"[769.0824301414154, 815.5778927718176, 819.2094190479071, 790.771893351451, 788.767661735013]",awake,98.2,29.4,0,0
2024-01-15 16:30:00,71.6,"[907.7384845319509, 753.2542283566178, 822.9220026636082, 816.0352221098192, 826.299810197059]",awake,97.5,24.3,0,0
2024-01-15 17:00:00,79.3,"[751.0756213176843, 830.7230650017281, 843.6569218690252, 804.725063652338, 839.4533370969385]",awake,98.1,15.0,0,0
2024-01-15 17:30:00,84.9,"[759.7304929902896, 871.7686794883209, 809.3410429478514, 767.8308404382003, 746.1070422965257]",awake,98.0,16.5,0,0
2024-01-15 18:00:00,83.6,"[783.2695687968435, 854.4410620387812, 748.9153541500906, 802.9980922691474, 772.7809470897457]",awake,98.6,17.7,0,0
2024-01-15 18:30:00,66.7,"[871.9350130481196, 853.4457517855565, 870.2994289880461, 809.6228553552879, 802.5852935743476]",awake,98.5,0.0,0,0
2024-01-15 19:00:00,83.9,"[827.2018323491803, 824.7325520132729, 736.0438994336971, 846.8670716888993, 821.5972619636187]",awake,98.5,15.2,0,0
2024-01-15 19:30:00,82.7,"[807.2523522714895, 836.7597825199634, 809.70713775794, 734.3876850372003, 828.0027646908078]",awake,97.1,7.4,0,0
2024-01-15 20:00:00,85.3,"[831.2576673448661, 756.2143518599974, 759.971489930338, 861.8968984096376, 761.416656034707]",awake,97.7,22.1,0,0
2024-01-15 20:30:00,72.1,"[801.4887441545802, 816.711355217968, 833.9553647859899, 787.1842972820426, 802.589171582001]",awake,97.6,21.6,0,0
2024-01-15 21:00:00,67.6,"[848.7402728000633, 743.7722211551787, 859.8987483328585, 791.0852933764737, 787.4082787795403]",awake,97.5,35.7,0,0
2024-01-15 21:30:00,70.8,"[824.0577584566266, 832.5674040523969, 824.0876443465839, 818.3824609056197, 792.8458646960179]",awake,98.2,13.7,0,0
2024-01-15 22:00:00,56.1,"[977.5459585296802, 981.0281174034484, 985.9295050563026, 1058.532071929906, 1039.4619391825843]",light,95.6,6.1,480,450
2024-01-15 22:30:00,64.2,"[1049.4654101667563, 939.3122181009352, 982.2913301418741, 1007.9602345505994, 987.8244420352509]",light,96.4,4.7,480,450
2024-01-15 23:00:00,53.4,"[966.6829893391687, 985.7634592431074, 958.7868242970133, 1008.0244023386964, 973.745888056151]",light,95.5,3.9,480,450
2024-01-15 23:30:00,62.6,"[1023.6540438863751, 1018.5347109447379, 955.8287501849354, 1108.0284783677964, 1029.076653793716]",light,97.1,2.9,480,450
2024-01-16 00:00:00,53.7,"[974.8737342119676, 977.618321769094, 1023.430005296452, 992.2153803884622, 978.8932981413036]",deep,95.7,3.5,480,450
2024-01-16 00:30:00,63.1,"[1018.1849553378995, 919.6848033779324, 1061.0800184879802, 957.5394843640591, 940.9391084128425]",deep,96.7,6.8,480,450
2024-01-16 01:00:00,55.6,"[972.0838033683585, 1041.3350776746208, 1009.0927611112751, 920.0099554478238, 963.4016640078764]",deep,95.7,4.6,480,450
2024-01-16 01:30:00,54.5,"[951.2446196467525, 998.7823401413159, 972.7855773379728, 986.6067660126902, 987.5520049615299]",deep,95.6,3.7,480,450
2024-01-16 02:00:00,56.1,"[938.779979530247, 1017.0525088231494, 1025.596262145368, 988.597415521264, 977.6169492245465]",rem,95.5,5.4,480,450
2024-01-16 02:30:00,50.6,"[1020.3910067934839, 1094.5382023171016, 944.3845843645887, 1073.9804679396086, 1007.9809833401183]",rem,95.0,4.3,480,450
2024-01-16 03:00:00,56.9,"[1044.2053635706125, 936.9840061767881, 1029.1321278468026, 1038.0050668540025, 1012.9224410066432]",rem,96.5,7.3,480,450
2024-01-16 03:30:00,61.8,"[926.9768680027071, 976.8027027634217, 1024.7697872385206, 969.1485278310535, 1090.0891898525317]",rem,95.7,4.6,480,450
2024-01-16 04:00:00,57.1,"[928.1801487606477, 1041.1185060591451, 1045.8223372641214, 985.8007794906248, 1016.7419162500565]",light,95.8,3.5,480,450
2024-01-16 04:30:00,64.2,"[1019.7608638498261, 966.31468709135, 836.2238924829916, 1001.4751849777786, 949.8396163791646]",light,96.5,4.9,480,450
2024-01-16 05:00:00,54.7,"[920.0871348668038, 1019.6630081198846, 1108.472739822272, 1010.8769364098648, 992.110532314081]",light,96.0,4.5,480,450
2024-01-16 05:30:00,64.5,"[1004.6955535062899, 950.5140735573273, 1042.7519391923715, 1081.5575750512403, 1017.0015479001552]",light,95.1,3.9,480,450
2024-01-16 06:00:00,71.8,"[862.8591367434437, 853.535194253539, 776.7585607298424, 798.3700256668188, 823.228281234491]",awake,98.1,21.9,0,0
2024-01-16 06:30:00,75.9,"[796.4843984619353, 824.5364965873988, 840.5042021290282, 812.4488680750062, 786.822599902596]",awake,98.1,33.8,0,0
2024-01-16 07:00:00,128.5,"[394.45273385653945, 428.90114876102643, 434.79272755186776, 437.8436437722285, 407.6728931266675]",awake,97.6,97.6,0,0
2024-01-16 07:30:00,151.1,"[417.61693692690613, 422.92769603403235, 354.79054229143117, 432.8707314920535, 426.44074642059053]",awake,97.7,75.4,0,0
2024-01-16 08:00:00,152.0,"[432.8653556694576, 416.8046964465139, 397.52650671256026, 463.7866560962841, 505.2645538597499]",awake,97.3,76.0,0,0
2024-01-16 08:30:00,132.3,"[463.46844044074965, 362.3071432191112, 424.5646378738436, 414.42958890043974, 408.5866854419547]",awake,98.4,89.0,0,0
2024-01-16 09:00:00,84.0,"[749.9035654747129, 831.1935627733116, 818.6243370707423, 792.0762753465798, 832.7287697283776]",awake,98.1,26.7,0,0
2024-01-16 09:30:00,77.1,"[790.3169045667858, 807.8276590216907, 847.575719869701, 740.7065635020114, 786.7205281113388]",awake,98.2,15.9,0,0
2024-01-16 10:00:00,65.2,"[803.0016114530363, 763.8211925343654, 845.9098719986943, 786.7032935846686, 866.8600558152729]",awake,99.0,35.8,0,0
2024-01-16 10:30:00,73.1,"[817.0130655546145, 727.6902850657445, 789.4404377412816, 819.5777109093984, 800.4328038320525]",awake,98.5,32.4,0,0
2024-01-16 11:00:00,73.4,"[802.6078015634591, 774.9844209228568, 829.903058587769, 815.7934658459664, 804.6256579875122]",awake,98.0,27.4,0,0
2024-01-16 11:30:00,75.4,"[825.6901819977755, 848.3249369854891, 817.6567786781297, 744.991723448514, 769.2827311035893]",awake,97.4,17.2,0,0
2024-01-16 12:00:00,87.4,"[776.8191517161547, 840.7987822743803, 731.6626825910655, 796.4334818450487, 748.5653336596957]",awake,98.5,6.1,0,0
2024-01-16 12:30:00,70.4,"[833.4438263067201, 824.8911634012456, 792.2199919086362, 864.6032348651269, 836.1604157735371]",awake,98.3,19.1,0,0
2024-01-16 13:00:00,82.6,"[735.6820856387433, 832.1036672933626, 832.8860805680036, 743.8541576920549, 837.4477926113342]",awake,98.2,17.1,0,0
2024-01-16 13:30:00,74.9,"[792.7384386633896, 756.4937046683227, 813.2034788863119, 723.4954942834956, 773.5393377186253]",awake,97.8,22.1,0,0
2024-01-16 14:00:00,66.5,"[844.8611483830213, 769.6701723682517, 799.571319264162, 880.7275434301897, 827.8301292002017]",awake,99.0,28.2,0,0
2024-01-16 14:30:00,86.0,"[752.2939207181679, 819.6643495697813, 754.2354029689745, 731.0571779485733, 854.398656401433]",awake,97.6,35.1,0,0
2024-01-16 15:00:00,70.6,"[785.7028033043131, 742.5626758548971, 822.2405102317457, 826.0991712727641, 774.307367632865]",awake,97.5,28.3,0,0
2024-01-16 15:30:00,70.2,"[790.985251838123, 773.9119923735051, 828.8732463046011, 811.6865079118065, 795.3913840569091]",awake,97.5,24.5,0,0
2024-01-16 16:00:00,65.3,"[813.0578300426916, 819.3938882993716, 846.4106415860396, 826.1098772934102, 820.4601284589303]",awake,97.9,21.4,0,0
2024-01-16 16:30:00,56.6,"[733.286732512737, 790.7036209531398, 773.3660638580778, 753.2986565624424, 736.3887980219619]",awake,98.9,35.9,0,0
2024-01-16 17:00:00,63.2,"[769.1074499906892, 852.2782336687546, 806.7135309315383, 819.0681604771543, 830.0565333797492]",awake,98.1,18.9,0,0
2024-01-16 17:30:00,69.8,"[743.5070919539027, 840.9687786312328, 776.2089461366292, 793.2789389638572, 755.0254110073195]",awake,98.6,31.7,0,0
2024-01-16 18:00:00,72.6,"[743.1230031588946, 691.2967677960976, 861.4077999185334, 822.6512997025319, 754.4594954852616]",awake,97.1,8.0,0,0
2024-01-16 18:30:00,62.3,"[813.6977519842083, 792.0849046672685, 764.8677381091603, 838.9390887826299, 847.0571874943569]",awake,98.1,12.8,0,0
2024-01-16 19:00:00,60.1,"[806.6582483687541, 728.5976529477182, 858.6602808802861, 841.3398371937235, 806.6526563537408]",awake,98.6,30.8,0,0
2024-01-16 19:30:00,80.2,"[843.2595000928808, 824.4859660862982, 805.8676046506525, 829.5229576619398, 789.3240457461677]",awake,98.2,26.5,0,0
2024-01-16 20:00:00,83.6,"[824.4822615253448, 807.8166156001402, 857.4391384460151, 821.1642321094524, 831.6529120095414]",awake,98.8,32.7,0,0
2024-01-16 20:30:00,81.0,"[820.0684166741274, 840.4553003809707, 864.126064565747, 789.8111984515695, 739.4497914288806]",awake,98.8,24.2,0,0
2024-01-16 21:00:00,73.7,"[735.5348063288247, 826.8109336584112, 872.6759724556014, 790.0624544164363, 723.6415734796037]",awake,98.8,15.3,0,0
2024-01-16 21:30:00,72.6,"[829.3873770194355, 738.8390336599329, 840.3104514855163, 758.08948361505, 772.6395162147884]",awake,98.5,25.6,0,0
2024-01-16 22:00:00,59.5,"[1058.156875329767, 899.1988734693746, 983.4446779575823, 988.2812158989735, 1084.2342475137018]",light,95.8,2.6,480,450
2024-01-16 22:30:00,60.9,"[1056.9273016477484, 996.5480764728629, 964.711861038288, 979.0676126599171, 1056.8421021527238]",light,96.5,7.1,480,450
2024-01-16 23:00:00,62.3,"[920.9374033767633, 1007.7743473542306, 940.7430065106782, 1025.270767288305, 1099.5588126852283]",light,95.8,3.4,480,450
2024-01-16 23:30:00,67.6,"[1064.817160887129, 922.6686142199403, 1009.1164441147614, 1071.228566740816, 1041.8532245316105]",light,96.9,4.9,480,450
2024-01-17 00:00:00,54.4,"[993.9532037426527, 1010.5924897597971, 999.5457947123102, 1025.2641945761206, 983.4210340039207]",deep,95.7,7.9,480,450
2024-01-17 00:30:00,59.1,"[979.7343165445417, 1011.9310326482101, 1006.5314884872361, 957.8219575834693, 969.421578682368]",deep,96.1,4.1,480,450
2024-01-17 01:00:00,54.9,"[996.697093589316, 1061.3193466061073, 974.9117925574827, 985.0561984143792, 1054.049120253648]",deep,96.5,8.1,480,450
2024-01-17 01:30:00,60.3,"[936.5042779961178, 1044.5446441921254, 989.7943972425638, 1025.187570313682, 989.7876499588209]",deep,96.6,0.9,480,450
2024-01-17 02:00:00,66.0,"[1086.9812644466424, 999.4431889049865, 1009.7944912335378, 937.6970523793616, 1048.7027452857456]",rem,96.0,6.4,480,450
2024-01-17 02:30:00,54.0,"[1024.550412897498, 968.0839684308141, 1038.6362310449265, 999.1018778725413, 984.7849002537203]",rem,95.5,2.6,480,450
2024-01-17 03:00:00,62.5,"[993.1498619671321, 1013.9229419009972, 1051.8345406488293, 1006.6505290988156, 1030.5906983809232]",rem,95.5,6.3,480,450
2024-01-17 03:30:00,57.6,"[1000.5828520641127, 957.5827600462628, 991.1700142390063, 986.674889734959, 1033.7584534885345]",rem,96.2,8.5,480,450
2024-01-17 04:00:00,68.7,"[997.9660398888819, 1024.3004706648376, 998.6067583271092, 1053.3324646832612, 996.6219408505558]",light,96.4,2.9,480,450
2024-01-17 04:30:00,56.8,"[975.3654266598871, 1001.6696924354568, 1067.3348946821727, 1073.8342159581864, 953.4575850296991]",light,95.2,4.7,480,450
2024-01-17 05:00:00,53.3,"[950.2067556740102, 965.975034825108, 975.5630761045401, 938.746969924056, 1065.3233502033438]",light,95.3,6.7,480,450
2024-01-17 05:30:00,58.6,"[1021.0493919209187, 971.5572678373563, 997.3850609892966, 894.7333107112546, 989.1669815022501]",light,96.1,4.2,480,450
2024-01-17 06:00:00,80.0,"[789.8691675994726, 762.0997999130179, 814.5140544850834, 777.9302426962013, 753.6853061734058]",awake,98.1,8.4,0,0
2024-01-17 06:30:00,72.4,"[805.4024695791207, 841.8753363495404, 745.2105692820369, 775.419137047972, 722.6252403214211]",awake,98.1,29.8,0,0
2024-01-17 07:00:00,140.2,"[472.18226973693254, 440.59184631608923, 507.3044654793066, 428.77768793550086, 458.9579493605439]",awake,97.8,93.1,0,0
2024-01-17 07:30:00,150.5,"[399.9523279774784, 473.8060611788928, 409.57144197342666, 403.18422782058246, 428.17764605898213]",awake,96.8,90.9,0,0
2024-01-17 08:00:00,137.5,"[448.290056472897, 446.1265234023906, 447.3180469543983, 461.9171829712505, 431.6251655201807]",awake,98.3,85.7,0,0
2024-01-17 08:30:00,142.1,"[397.9815677621722, 401.9277407107023, 426.0041015022791, 468.4779204187199, 406.4593504671107]",awake,97.0,70.6,0,0
2024-01-17 09:00:00,60.5,"[797.0535781562307, 794.443519177137, 748.6165001925417, 874.5245098350367, 834.206820363902]",awake,98.0,6.3,0,0
2024-01-17 09:30:00,75.2,"[705.7393587765873, 809.6034233070748, 794.7269205383653, 784.3413227546788, 820.9970347199832]",awake,98.0,32.6,0,0
2024-01-17 10:00:00,72.6,"[744.8370375392543, 803.632683950425, 800.2446387048955, 813.3645027994075, 795.2644590542609]",awake,97.6,16.5,0,0
2024-01-17 10:30:00,73.3,"[766.7785829873663, 869.8042684533532, 834.5406685421674, 804.781157807781, 816.4226552378245]",awake,97.9,28.3,0,0
2024-01-17 11:00:00,63.0,"[829.4900352569853, 831.9690339806051, 789.7912105083367, 817.7966941395503, 803.3382367603573]",awake,98.3,23.8,0,0
2024-01-17 11:30:00,64.3,"[863.3246657509053, 824.2362611578158, 784.1152962497061, 799.8038029553096, 755.2694671060756]",awake,98.3,26.3,0,0
2024-01-17 12:00:00,68.8,"[776.2049634404262, 807.3939427671376, 755.3314267307625, 795.7796367551906, 708.2344191724883]",awake,97.3,18.5,0,0
2024-01-17 12:30:00,77.6,"[768.5736123119628, 792.8257844265224, 889.006702977762, 846.2408644941883, 795.8593095990985]",awake,97.2,23.1,0,0
2024-01-17 13:00:00,72.6,"[816.954394435144, 732.6126271245357, 811.4848750361731, 832.4242041742859, 821.2607721531471]",awake,97.6,24.7,0,0
2024-01-17 13:30:00,85.2,"[871.2119803825149, 796.2214258190941, 787.2631924296451, 830.5105166329467, 798.5544465624889]",awake,97.5,17.9,0,0
2024-01-17 14:00:00,69.3,"[813.9092727945141, 843.2357316215483, 775.1140950558006, 893.5233957559923, 830.6217800857669]",awake,98.5,22.1,0,0
2024-01-17 14:30:00,61.8,"[790.1748685093199, 833.5319151122287, 804.289819671399, 734.9204360405444, 847.5910682173841]",awake,97.3,5.1,0,0
2024-01-17 15:00:00,75.1,"[815.0138357643293, 763.8016504793251, 833.2939460927868, 742.6575005291361, 804.8791236947318]",awake,97.3,13.1,0,0
2024-01-17 15:30:00,91.2,"[794.384951730221, 732.4528399787082, 814.8382161252331, 752.8375709421138, 804.0925922088667]",awake,98.3,2.6,0,0
2024-01-17 16:00:00,72.3,"[748.70952485538, 810.8712193198866, 849.8938854765726, 754.0036674990844, 806.2809738961673]",awake,97.7,31.5,0,0
2024-01-17 16:30:00,76.0,"[762.8956201049239, 793.325686877541, 837.9656810660467, 732.6657227768385, 805.677594019484]",awake,97.5,23.2,0,0
2024-01-17 17:00:00,65.7,"[777.6846843589824, 761.0940860852746, 819.1448703133457, 797.3416465884737, 786.6514986145828]",awake,97.8,34.8,0,0
2024-01-17 17:30:00,74.5,"[797.3146873589654, 820.5408798431486, 845.1729442421238, 810.27853441024, 847.7383965216316]",awake,97.3,21.2,0,0
2024-01-17 18:00:00,72.3,"[790.5161790394303, 829.7091547349382, 799.9992190041985, 819.1814078823254, 818.7124311801551]",awake,98.4,28.8,0,0
2024-01-17 18:30:00,74.4,"[766.5030518385505, 723.635339475987, 776.0124068902263, 807.3585924618326, 877.9653134088559]",awake,97.7,11.5,0,0
2024-01-17 19:00:00,69.7,"[766.782499403545, 833.0860439198193, 823.0445398720666, 782.1065372684502, 809.2669808281529]",awake,97.7,20.3,0,0
2024-01-17 19:30:00,76.4,"[792.2682123772081, 770.6310545210168, 768.2850744759526, 748.1194512713583, 724.3213391400316]",awake,98.2,32.0,0,0
2024-01-17 20:00:00,66.8,"[836.7440355929925, 766.000299821617, 751.4380349734624, 796.9007842719877, 776.4067416290984]",awake,98.3,41.0,0,0
2024-01-17 20:30:00,74.3,"[710.7206361490039, 762.2039746265648, 747.7586443400969, 838.4357129352268, 770.4883892854252]",awake,97.1,23.4,0,0
2024-01-17 21:00:00,62.2,"[805.9800399329023, 755.2770306618581, 836.9796418253205, 841.9793544295632, 829.9036760395435]",awake,98.0,17.0,0,0
2024-01-17 21:30:00,60.5,"[807.52147507031, 781.6451086492003, 826.4586861710566, 813.8155406466745, 861.4475544246122]",awake,98.3,17.1,0,0
2024-01-17 22:00:00,53.1,"[963.4638919880842, 1077.469537011776, 972.3028756887666, 1087.8369543326235, 1001.3000230232273]",light,95.7,8.7,480,450
2024-01-17 22:30:00,58.7,"[1021.4699038644364, 943.4810108307712, 1008.8215002354904, 1046.5324695212378, 1012.0567988026752]",light,96.1,8.2,480,450
2024-01-17 23:00:00,66.5,"[1018.446727696575, 907.0066049876759, 1001.5151573737019, 927.3176524034898, 869.9906991252901]",light,95.6,4.8,480,450
2024-01-17 23:30:00,60.4,"[967.4705095398078, 1108.54371929836, 978.7531836878006, 1013.8972405577725, 1044.294746471083]",light,96.5,2.4,480,450
2024-01-18 00:00:00,58.5,"[1031.688769896208, 951.4198185049728, 1063.4480091375247, 987.6602131520688, 1030.111080367226]",deep,96.7,5.1,480,450
2024-01-18 00:30:00,65.9,"[1025.2850987475488, 1131.747992325364, 1006.9400883037687, 906.043568762132, 987.9183941505397]",deep,95.6,7.8,480,450
2024-01-18 01:00:00,54.7,"[922.1977663032527, 1053.8372692767905, 894.5448828229796, 1022.9455857504389, 985.0805792099582]",deep,96.5,4.6,480,450
2024-01-18 01:30:00,54.8,"[986.4492044487272, 1035.9394249651587, 1065.9041837624293, 1012.0278335494131, 1109.526323621119]",deep,95.9,3.4,480,450
2024-01-18 02:00:00,58.2,"[985.4856910512412, 989.1492813353394, 1040.5157741171902, 1078.1893456438333, 953.9066367504479]",rem,96.6,5.5,480,450
2024-01-18 02:30:00,65.6,"[1069.7906165331144, 983.2592282338838, 1013.4549701758792, 1014.8122733966899, 876.9088909504185]",rem,95.7,1.7,480,450
2024-01-18 03:00:00,54.8,"[925.4140706457913, 1022.4898483105363, 988.4060058482966, 1073.2101871529967, 1011.2519972359947]",rem,95.5,2.3,480,450
2024-01-18 03:30:00,70.1,"[1007.6696816166087, 1050.0759743157146, 1050.277696742208, 1027.5523977485443, 988.597398391231]",rem,95.4,2.9,480,450
2024-01-18 04:00:00,69.6,"[944.1155229084786, 1015.5236637698382, 1054.3933119073238, 987.9421146263579, 1035.0372296136834]",light,95.5,7.9,480,450
2024-01-18 04:30:00,66.3,"[1031.5317126383143, 994.6654682273949, 957.8160706213133, 978.8877879139749, 981.3212704993705]",light,95.9,5.5,480,450
2024-01-18 05:00:00,71.7,"[1032.0407268080558, 1040.5526637318972, 1066.8930732785898, 913.5243718251074, 1027.35748535628]",light,96.0,5.2,480,450
2024-01-18 05:30:00,57.3,"[1012.3532568634332, 1053.1144058830205, 1026.5270660766282, 986.7025925678612, 1062.5732264225333]",light,95.9,5.2,480,450
2024-01-18 06:00:00,75.7,"[826.1724078643163, 794.1946948208653, 766.3574333566761, 811.101113253318, 811.5078797114752]",awake,98.4,22.0,0,0
2024-01-18 06:30:00,85.6,"[822.5222280713252, 842.4619289750087, 775.8574228365578, 803.8631468397778, 838.4831820200698]",awake,97.9,7.8,0,0
2024-01-18 07:00:00,137.7,"[433.4265921848382, 460.7097983888694, 473.5511634127705, 391.3974076738149, 465.39328828627725]",awake,98.0,88.5,0,0
2024-01-18 07:30:00,145.7,"[477.613936074971, 482.99628142114625, 409.78402558510913, 411.39464601752934, 440.7255579598196]",awake,97.8,68.4,0,0
2024-01-18 08:00:00,139.4,"[361.1207127901752, 435.7471741414784, 459.82751318699945, 395.69497452828347, 421.32340238327964]",awake,98.5,77.0,0,0
2024-01-18 08:30:00,148.3,"[484.1570435529954, 508.35035935224346, 430.5804333409769, 490.2983505891849, 400.19472786287724]",awake,98.4,81.1,0,0
2024-01-18 09:00:00,73.2,"[726.1983867721681, 775.7969016964202, 748.8579729314607, 882.8354030193674, 764.6387164367665]",awake,97.7,31.9,0,0
2024-01-18 09:30:00,78.4,"[735.7950634869254, 875.004527958712, 820.5131475245449, 833.6963667538762, 687.9401839120087]",awake,98.1,35.3,0,0
2024-01-18 10:00:00,77.1,"[797.8452832098541, 735.6592672690856, 776.6149132654248, 741.961579270475, 767.5644197350268]",awake,97.7,8.0,0,0
2024-01-18 10:30:00,71.5,"[851.4752104976031, 805.2148917183434, 812.1838805591026, 830.4126099003659, 895.6591532884648]",awake,98.0,11.6,0,0
2024-01-18 11:00:00,76.7,"[744.8075558228558, 690.0094908100212, 734.1187858890693, 767.2131531311553, 797.7604363700445]",awake,98.3,19.3,0,0
2024-01-18 11:30:00,65.0,"[782.8556485035848, 799.465829027734, 738.1517326752571, 898.8698934585274, 758.6444898097526]",awake,96.8,39.8,0,0
2024-01-18 12:00:00,72.4,"[819.7122715524608, 738.8330579310783, 802.577423068747, 816.8558621344288, 759.7399115533098]",awake,98.0,16.9,0,0
2024-01-18 12:30:00,83.8,"[795.2040164115585, 830.4251358095519, 796.8231295308905, 802.7294489815226, 812.329254460351]",awake,98.1,24.9,0,0
2024-01-18 13:00:00,89.7,"[791.6854032259778, 803.5047264103381, 814.3347456892521, 806.2955172706222, 812.8006840181495]",awake,97.7,22.6,0,0
2024-01-18 13:30:00,83.6,"[774.3711905951585, 815.0932385777847, 797.006991125505, 769.4308642115916, 882.444056564139]",awake,97.8,24.3,0,0
2024-01-18 14:00:00,65.6,"[782.5210379389175, 855.2322035029703, 806.3655402570051, 773.7977613240314, 763.346449559505]",awake,97.4,5.7,0,0
2024-01-18 14:30:00,64.5,"[800.6085553280483, 812.7548422696761, 787.9155595444313, 770.5538195724201, 800.5896397213698]",awake,99.0,27.1,0,0
2024-01-18 15:00:00,65.3,"[791.7880784337722, 685.6267532127144, 812.970649632014, 830.6042147906288, 808.9257481253412]",awake,98.0,26.6,0,0
2024-01-18 15:30:00,79.7,"[820.842425467451, 830.5862472162823, 826.0508791419304, 835.5821118318543, 826.5403129871352]",awake,98.2,14.6,0,0
2024-01-18 16:00:00,79.6,"[803.602757628468, 724.2300776805819, 853.4796657328413, 788.5212935634864, 814.1252808774616]",awake,97.8,19.8,0,0
2024-01-18 16:30:00,90.2,"[779.2490330606648, 833.3446802300988, 798.0018067605721, 808.3805641145037, 723.7710219288268]",awake,98.0,15.0,0,0
2024-01-18 17:00:00,87.0,"[821.9162968391048, 811.6380365273159, 769.2125583278067, 771.1646732414835, 804.1118995727047]",awake,98.8,29.9,0,0
2024-01-18 17:30:00,82.3,"[789.0843569709077, 782.1135513942319, 701.3394469603113, 799.6988112154172, 804.0948249159865]",awake,98.1,23.6,0,0
2024-01-18 18:00:00,66.4,"[755.1016918356796, 824.2271382836278, 789.5531883975736, 789.538875869543, 802.0393746907071]",awake,98.1,22.2,0,0
2024-01-18 18:30:00,86.2,"[801.4862183052936, 816.0210362946176, 777.0955962682303, 850.1544370688454, 722.838865731534]",awake,97.3,21.6,0,0
2024-01-18 19:00:00,84.3,"[806.3616392143251, 821.1340490163439, 820.6024048756157, 786.897258235574, 809.6832642912418]",awake,98.7,14.0,0,0
2024-01-18 19:30:00,86.5,"[830.6596784262176, 739.9134309601124, 871.6387949029969, 871.3586233578051, 774.9203989315616]",awake,98.5,24.7,0,0
2024-01-18 20:00:00,66.7,"[895.0706843054834, 804.8801184204052, 815.3452679027819, 745.3055338360572, 780.2952049228047]",awake,97.5,5.0,0,0
2024-01-18 20:30:00,59.1,"[846.6507088247321, 842.6135752785443, 748.4058193485989, 803.2098294147431, 763.7851046115003]",awake,98.3,12.4,0,0
2024-01-18 21:00:00,67.9,"[815.1883566541834, 763.9548120927222, 816.5880842062955, 733.9979810483218, 772.229594709298]",awake,97.2,33.4,0,0
2024-01-18 21:30:00,73.0,"[865.4805933144181, 777.9856294032928, 785.5203335276839, 711.3020539973346, 769.6538559055043]",awake,98.0,11.3,0,0
2024-01-18 22:00:00,66.4,"[1013.6096021980119, 1028.2504047969178, 925.8493624468019, 1032.3081935992675, 893.834465080156]",light,96.0,4.1,480,450
2024-01-18 22:30:00,55.6,"[1048.0913333665242, 998.368838019614, 1024.9318127055726, 945.9495828509318, 998.9766662403193]",light,95.3,2.4,480,450
2024-01-18 23:00:00,58.6,"[1009.5085062065428, 991.6654343079307, 978.39470979874, 1045.2901499072639, 988.2968668443854]",light,96.5,3.8,480,450
2024-01-18 23:30:00,50.9,"[947.0809208979653, 1082.8660405679523, 989.5880601608134, 1014.8800880982438, 1075.23401201213]",light,95.6,5.9,480,450
2024-01-19 00:00:00,61.0,"[1097.9365152594273, 934.6131397734421, 926.0832392977566, 956.0526899482861, 1034.1830610722168]",deep,96.6,5.7,480,450
2024-01-19 00:30:00,65.1,"[937.5017114274481, 1021.5414712190354, 1074.9806136667742, 1044.1687731900074, 961.4705884313408]",deep,95.4,4.1,480,450
2024-01-19 01:00:00,51.3,"[990.9994026177525, 991.4471686363884, 1055.2151410037832, 978.1027129925045, 1019.6993359101592]",deep,96.2,6.6,480,450
2024-01-19 01:30:00,57.4,"[1019.6955335352558, 1013.3632459371855, 975.5895572236333, 967.5087481573487, 1048.7880890132426]",deep,96.6,4.8,480,450
2024-01-19 02:00:00,62.1,"[1111.9391472852035, 961.8099179592715, 1013.1701588093711, 904.9625015931637, 1001.0998686859432]",rem,95.7,10.7,480,450
2024-01-19 02:30:00,63.1,"[983.5718256136992, 1026.59857661837, 995.0225963928606, 1044.0160951924943, 1039.7231591573218]",rem,96.5,8.9,480,450
2024-01-19 03:00:00,62.9,"[977.5370001607707, 1010.521224122364, 1044.9369026058293, 994.0693742122776, 952.913813778004]",rem,95.7,4.3,480,450
2024-01-19 03:30:00,63.5,"[974.0376071043388, 897.9446959458704, 1004.8991879208133, 1109.1125624268616, 933.6699870164998]",rem,96.2,1.5,480,450
2024-01-19 04:00:00,57.8,"[1014.1022536923697, 993.9007371111169, 1100.326411577042, 970.3823948448631, 1057.4971566221468]",light,96.2,6.3,480,450
2024-01-19 04:30:00,51.3,"[1052.513036985808, 971.8489442198231, 1040.2776761632174, 1004.6006995122566, 1042.0578136552149]",light,96.3,4.5,480,450
2024-01-19 05:00:00,64.5,"[1025.688209446113, 982.0524644392466, 1035.621749286666, 994.3798589327565, 1020.0781981792475]",light,96.1,2.8,480,450
2024-01-19 05:30:00,62.0,"[982.8318577879259, 1044.717535512155, 1021.6037949865947, 1015.8156930435356, 1040.3458128626467]",light,97.0,0.1,480,450
2024-01-19 06:00:00,81.9,"[854.2340710285005, 763.9721731000809, 851.919533017917, 866.0529371141412, 850.9209261352634]",awake,98.1,18.1,0,0
2024-01-19 06:30:00,82.9,"[796.0896476071279, 846.1662483444353, 803.9520867315139, 848.4147624999472, 814.049211093193]",awake,98.3,10.6,0,0
2024-01-19 07:00:00,125.9,"[442.08363593827687, 433.31290276248046, 409.0241313853669, 389.4819310611111, 414.12732565738594]",awake,97.6,88.4,0,0
2024-01-19 07:30:00,132.1,"[437.14243267826964, 355.8072907760172, 389.98201089577185, 481.4029350205263, 391.0435586396063]",awake,99.0,77.4,0,0
2024-01-19 08:00:00,141.7,"[482.549738123224, 387.4917158586063, 422.6150781079089, 415.26515159373747, 386.9077261736641]",awake,98.4,84.0,0,0
2024-01-19 08:30:00,125.1,"[385.8055648014835, 400.8776479471464, 441.48241990952965, 423.7976175345845, 493.80778714441215]",awake,97.5,84.5,0,0
2024-01-19 09:00:00,68.9,"[826.2496305202764, 859.2317662522557, 769.8825757856904, 856.1439829865976, 809.0196198649926]",awake,98.7,18.3,0,0
2024-01-19 09:30:00,79.1,"[840.1955053987111, 744.9730474965727, 705.2876025558878, 692.7400959663561, 832.7112671897452]",awake,98.2,9.5,0,0
2024-01-19 10:00:00,77.5,"[832.2413667588335, 794.2314175435565, 818.076656369537, 804.0817684592544, 787.709313645088]",awake,97.3,24.2,0,0
2024-01-19 10:30:00,99.2,"[794.5818191271835, 832.4218663514376, 746.2765862601208, 761.6865747006552, 757.6560696897103]",awake,98.0,30.6,0,0
2024-01-19 11:00:00,87.7,"[766.7342107032222, 825.4157163682163, 815.1136028922259, 852.2904236749009, 807.751047652147]",awake,98.6,29.3,0,0
2024-01-19 11:30:00,72.4,"[843.4556850034409, 829.5312876675541, 803.3965537114312, 858.7137777544742, 733.1221101953792]",awake,99.0,0.0,0,0
2024-01-19 12:00:00,82.3,"[745.8649148430075, 794.8041119530793, 769.9688584729987, 741.4207989305346, 730.1793007114505]",awake,97.1,13.2,0,0
2024-01-19 12:30:00,70.1,"[825.4631310951426, 743.5498044663395, 783.1207657354253, 838.231641858891, 833.1950694746454]",awake,97.2,8.3,0,0
2024-01-19 13:00:00,78.0,"[800.3516489180362, 757.8947625633002, 755.4024978684032, 711.7342997101589, 856.2357591932544]",awake,97.4,20.1,0,0
2024-01-19 13:30:00,86.8,"[829.1993599811718, 774.4865803042414, 821.3644418259881, 868.8194170144708, 832.8309531777683]",awake,98.2,27.1,0,0
2024-01-19 14:00:00,78.8,"[790.5728332285637, 803.0897158739269, 803.2843984295902, 832.146345130177, 763.0057757417712]",awake,96.9,3.4,0,0
2024-01-19 14:30:00,83.1,"[760.0909742972418, 810.9940090944818, 737.4719375126438, 783.4914024223236, 824.4924229770045]",awake,97.6,22.0,0,0
2024-01-19 15:00:00,65.6,"[718.1267397124097, 808.9867707492142, 787.4141411933847, 808.1582999141153, 757.5132617502244]",awake,98.0,14.3,0,0
2024-01-19 15:30:00,74.0,"[781.5199114666498, 801.1855169305811, 785.1303128936393, 734.792037509524, 702.0310762351966]",awake,98.3,26.9,0,0
2024-01-19 16:00:00,75.3,"[740.0345018027641, 775.0856153618995, 781.9739416997409, 835.5870139290449, 657.2674309822269]",awake,97.7,23.7,0,0
2024-01-19 16:30:00,71.3,"[816.8486808489645, 840.928825091835, 795.9135991058221, 791.4655324903821, 794.3814399357753]",awake,98.9,40.2,0,0
2024-01-19 17:00:00,71.6,"[787.8441220227885, 786.9411256730264, 814.2527405943404, 772.1325376455748, 790.443371279509]",awake,97.5,18.5,0,0
2024-01-19 17:30:00,74.8,"[833.034916654652, 846.3131854488759, 804.8111556627571, 797.1109033518699, 823.4280375456019]",awake,98.7,30.2,0,0
2024-01-19 18:00:00,75.6,"[783.8157317331879, 851.4523519370656, 745.1231429050112, 828.7226919728953, 847.9456732779314]",awake,98.2,21.7,0,0
2024-01-19 18:30:00,90.8,"[826.5228878427616, 781.4779738374617, 795.7426024050509, 789.143143762238, 784.7366816323172]",awake,97.5,28.8,0,0
2024-01-19 19:00:00,62.6,"[843.6374467153989, 792.4699976188464, 767.7676840077422, 853.9817033450691, 810.4086671477563]",awake,98.0,13.8,0,0
2024-01-19 19:30:00,66.2,"[805.1984991773411, 829.4567360046576, 873.1270482374728, 790.2806957704753, 831.077578132173]",awake,98.5,3.8,0,0
2024-01-19 20:00:00,79.0,"[761.3546383497246, 818.5020801088931, 676.8747763320916, 807.545764039357, 737.7819403939295]",awake,97.6,19.1,0,0
2024-01-19 20:30:00,76.5,"[739.545315060409, 845.0707554633377, 760.05862465059, 825.6231621009548, 804.8227470572731]",awake,97.0,31.7,0,0
2024-01-19 21:00:00,73.2,"[873.3445963863593, 776.5688615470435, 855.1230039669686, 816.545904114067, 821.7792474233743]",awake,98.3,26.2,0,0
2024-01-19 21:30:00,67.1,"[826.2695360650354, 760.8312190706705, 823.1217307074028, 798.2564597983845, 785.9924438724687]",awake,98.4,20.6,0,0
2024-01-19 22:00:00,62.9,"[1010.0172476415765, 1030.2415286987587, 1050.7469426353387, 1017.9475843955569, 1000.1356769694082]",light,96.0,3.3,480,450
2024-01-19 22:30:00,61.1,"[947.406114445688, 1026.3012077673638, 1101.2686961249924, 964.8006548112788, 1051.9911893106312]",light,95.8,3.0,480,450
2024-01-19 23:00:00,57.1,"[987.5412544742069, 1065.9086475712832, 954.3040387173834, 995.0614172653612, 1082.7420495315378]",light,95.2,5.6,480,450
2024-01-19 23:30:00,65.7,"[977.6491708857257, 982.0093190526505, 1118.8472395609347, 966.0630216141969, 921.2152053455102]",light,95.7,6.2,480,450
2024-01-20 00:00:00,51.5,"[969.1901856149528, 919.7440732195747, 1026.7300952073529, 990.5054830271819, 1024.8560070160515]",deep,96.2,3.3,480,450
2024-01-20 00:30:00,61.4,"[973.2276715775486, 964.2725899516151, 964.3887812207643, 1096.787737795699, 989.2480785549197]",deep,95.6,3.2,480,450
2024-01-20 01:00:00,55.4,"[1029.1433611137486, 1005.4168123663767, 1008.124304535986, 1032.4600207437818, 1093.255443115845]",deep,96.4,4.7,480,450
2024-01-20 01:30:00,67.0,"[1028.5936930350388, 978.7597617179593, 1031.233443125711, 954.214544979068, 928.265243804957]",deep,96.8,4.6,480,450
2024-01-20 02:00:00,65.8,"[967.2252515020732, 984.6455583819179, 953.2640448550143, 1045.9144475013547, 995.2251444950853]",rem,95.1,6.4,480,450
2024-01-20 02:30:00,53.1,"[915.8945177148358, 1032.4682107980402, 997.4692244630448, 1001.2844407382288, 989.6513788480521]",rem,95.6,7.0,480,450
2024-01-20 03:00:00,65.5,"[1130.016640131772, 904.6093631755047, 957.1878935034246, 1093.470347294526, 959.3910985951894]",rem,95.5,3.1,480,450
2024-01-20 03:30:00,56.2,"[1031.3483801137584, 964.3534889433723, 1021.8209134922881, 958.4604284384449, 1030.3721275694156]",rem,97.1,2.9,480,450
2024-01-20 04:00:00,60.2,"[1031.4806990687769, 929.8041832666698, 1060.0331318579354, 1013.1190134725205, 1018.1146521775291]",light,96.4,4.0,480,450
2024-01-20 04:30:00,56.5,"[913.8762770272156, 976.1481330277472, 969.0780083358653, 990.4934236210363, 1070.8230113844897]",light,96.1,2.1,480,450
2024-01-20 05:00:00,57.2,"[1133.3095233763022, 1037.7637399414584, 1006.6729626576873, 1004.3023384067767, 1031.172938996637]",light,95.4,4.0,480,450
2024-01-20 05:30:00,57.3,"[991.174791109184, 1030.74413489419, 1010.0475245913942, 982.0671039178682, 904.3310732907854]",light,96.2,6.4,480,450
2024-01-20 06:00:00,82.0,"[825.7246809467688, 817.5863092630304, 844.9225569496591, 808.8412211436937, 783.3195391920437]",awake,97.0,10.3,0,0
2024-01-20 06:30:00,73.7,"[814.1661431770419, 749.5827207622809, 786.2545556285145, 759.592251181989, 835.4927793122557]",awake,98.6,19.3,0,0
2024-01-20 07:00:00,78.4,"[801.8019352915217, 818.3515024345335, 811.5196368187688, 794.6220802161123, 762.4422444501532]",awake,98.3,11.0,0,0
2024-01-20 07:30:00,75.0,"[847.1531015267109, 835.9871771858528, 813.3109772868642, 819.7862767439641, 784.8458513407202]",awake,98.0,12.5,0,0
2024-01-20 08:00:00,75.4,"[735.004906934145, 806.0048944278298, 665.4775697757788, 761.4548600567012, 810.0695830151586]",awake,98.6,21.4,0,0
2024-01-20 08:30:00,81.1,"[810.9649916480697, 800.8084852817735, 844.822333806756, 827.3952831944102, 817.1012686549273]",awake,97.8,25.3,0,0
2024-01-20 09:00:00,86.9,"[773.1343483421988, 736.0461303355394, 741.9180166586974, 824.1383314576015, 817.6377581181328]",awake,98.0,19.6,0,0
2024-01-20 09:30:00,80.1,"[803.9884186920841, 853.3824840886911, 773.250969467953, 758.8074196000525, 842.3928258289342]",awake,98.1,22.7,0,0
2024-01-20 10:00:00,76.9,"[784.8109135353113, 826.9825098552401, 805.5325508274026, 839.0587988304925, 813.0592528061201]",awake,97.8,25.5,0,0
2024-01-20 10:30:00,85.2,"[786.9463153738682, 788.0881280665428, 823.9570262664446, 710.3033186447938, 882.8822835908541]",awake,98.5,11.9,0,0
2024-01-20 11:00:00,83.7,"[803.9840686726516, 791.6744112714447, 760.8067150542462, 873.3650509661153, 823.7613354735727]",awake,98.7,20.0,0,0
2024-01-20 11:30:00,59.3,"[842.4725575548084, 811.7856339233399, 688.3831949490577, 827.2961130763248, 800.5577440706815]",awake,98.1,28.5,0,0
2024-01-20 12:00:00,61.7,"[745.0794898307389, 841.3622288536628, 851.0019797204114, 849.7648473958099, 732.3440292815642]",awake,98.1,31.5,0,0
2024-01-20 12:30:00,74.9,"[864.438692771181, 818.707510357799, 847.2917796044604, 742.9690254696774, 738.6794794156235]",awake,98.5,14.4,0,0
2024-01-20 13:00:00,63.1,"[803.7436840642213, 800.406863700044, 797.0082628300335, 758.8229255688005, 801.3203475530445]",awake,97.6,11.5,0,0
2024-01-20 13:30:00,69.4,"[809.4434747768354, 849.0133945513777, 794.216753564395, 783.6913394038111, 811.7345387207032]",awake,97.9,5.1,0,0
2024-01-20 14:00:00,72.1,"[855.903237215857, 802.2139027645396, 824.011195501418, 799.8919415265535, 829.9539968272907]",awake,98.6,20.5,0,0
2024-01-20 14:30:00,86.3,"[762.3442602455242, 812.0964528798828, 818.5291464350977, 743.9062708934819, 749.5668235334824]",awake,97.6,19.3,0,0
2024-01-20 15:00:00,87.9,"[819.9141465094784, 796.1368576497006, 815.9343938537609, 822.8387292850928, 813.5180416437817]",awake,97.6,26.7,0,0
2024-01-20 15:30:00,88.6,"[760.8868462914196, 842.3769857194775, 760.2089013256715, 745.16099590975, 774.0683967462651]",awake,98.5,10.7,0,0
2024-01-20 16:00:00,70.4,"[842.4088381824583, 802.8822579997288, 789.3690226396984, 747.217599032281, 729.8069241378149]",awake,98.0,20.7,0,0
2024-01-20 16:30:00,75.0,"[933.1664682836995, 751.4240158135435, 867.6617791476845, 813.3259614181324, 804.9540205857375]",awake,97.9,12.4,0,0
2024-01-20 17:00:00,72.5,"[785.8722069197587, 759.4588298400539, 777.6166367466416, 801.1871711017044, 849.9430833562099]",awake,98.4,18.3,0,0
2024-01-20 17:30:00,69.2,"[776.7853021733226, 789.896971082749, 802.7719145808852, 715.2394126282771, 805.0861418109196]",awake,97.9,18.7,0,0
2024-01-20 18:00:00,73.9,"[835.7105296662222, 832.4274116322665, 793.5121051129344, 808.7862392235073, 795.3142973088435]",awake,98.5,20.2,0,0
2024-01-20 18:30:00,85.0,"[800.5293204237332, 766.2081072413359, 738.6527733493133, 778.2644559046051, 818.3286425342592]",awake,97.9,36.9,0,0
2024-01-20 19:00:00,76.2,"[852.0295288169459, 807.5256983084206, 826.0629374820875, 917.0750617133974, 852.8768335664587]",awake,98.5,2.9,0,0
2024-01-20 19:30:00,67.8,"[762.9455294663301, 828.6182817418393, 789.0043288321365, 828.1067002056709, 712.8040684362238]",awake,98.0,20.6,0,0
2024-01-20 20:00:00,80.6,"[789.9588339237647, 754.5938733540002, 829.9470202411214, 790.5420248661131, 757.5220981704151]",awake,97.4,22.9,0,0
2024-01-20 20:30:00,76.8,"[800.1953404743202, 778.5429160541845, 820.8550313359283, 905.7676437018448, 829.8415237899202]",awake,97.6,21.4,0,0
2024-01-20 21:00:00,72.3,"[771.1238944799466, 743.8455658339375, 809.7877976054971, 804.5481546085954, 706.8774855299029]",awake,98.1,25.4,0,0
2024-01-20 21:30:00,67.6,"[780.9018015100748, 814.5070790010087, 700.6947940667997, 831.6952717479196, 738.1577973559225]",awake,98.3,14.1,0,0
2024-01-20 22:00:00,63.2,"[1035.6532853797617, 994.6828280643774, 1050.1748647423142, 950.7538609293359, 955.9587960341628]",light,95.8,3.6,480,450
2024-01-20 22:30:00,57.9,"[951.5382247471705, 1084.9337579196983, 990.175066274055, 1009.156636170771, 1062.3097405429062]",light,95.1,4.6,480,450
2024-01-20 23:00:00,53.0,"[986.6763922161412, 984.7736680811265, 1069.0572901906773, 1024.5543117529235, 1062.7502659054403]",light,96.4,4.1,480,450
2024-01-20 23:30:00,64.4,"[980.6224264346123, 1013.6481774310587, 911.1739898631523, 1012.3876360847316, 945.3516140911161]",light,95.4,7.3,480,450
2024-01-21 00:00:00,61.3,"[921.6704469086262, 965.6117996386006, 959.2323593357288, 1083.5492039217977, 999.3841818182016]",deep,95.8,5.7,480,450
2024-01-21 00:30:00,73.1,"[963.8426734190415, 996.3091232681, 958.9433469457103, 1049.717014898933, 960.2199111608609]",deep,95.1,6.4,480,450
2024-01-21 01:00:00,64.1,"[1024.3472571892842, 977.5118187572009, 956.6349882654711, 1023.0797495436061, 957.3567309516814]",deep,96.0,4.8,480,450
2024-01-21 01:30:00,62.5,"[914.4574264554876, 1041.341140058836, 1003.4980961666942, 961.3281798720385, 1013.2099579788638]",deep,95.4,4.2,480,450
2024-01-21 02:00:00,56.8,"[1041.4381146496764, 970.3976241786617, 967.0839357823864, 1109.2429543748535, 1038.2402425313715]",rem,96.2,3.4,480,450
2024-01-21 02:30:00,67.8,"[933.6884664007204, 1002.9004151378087, 1081.862253267651, 1026.5140552222765, 1000.4238412698371]",rem,95.4,3.2,480,450
2024-01-21 03:00:00,68.5,"[987.1044885051855, 1047.3239987479565, 998.346965570752, 1080.300279597372, 998.8902057933161]",rem,96.4,5.3,480,450
2024-01-21 03:30:00,63.7,"[1050.9664889578419, 1019.5132399386023, 1090.7384140037186, 1033.6996321851072, 992.8008708471341]",rem,95.6,6.4,480,450
2024-01-21 04:00:00,58.7,"[1050.6182395637704, 1007.2928862557982, 1072.055824737125, 1021.0528126598806, 1116.2367598287874]",light,96.6,5.9,480,450
2024-01-21 04:30:00,64.1,"[911.2853388395008, 1012.3563319541296, 1021.0830814270194, 1049.4325660327138, 927.6064944482071]",light,96.5,6.7,480,450
2024-01-21 05:00:00,68.2,"[1071.45951776473, 1108.7639690516173, 1014.8642458097304, 948.4681303837007, 1092.220510067302]",light,95.8,7.5,480,450
2024-01-21 05:30:00,57.5,"[1111.191621811695, 940.7779212353431, 954.4676923607617, 970.848622093829, 975.2296351936706]",light,96.5,3.0,480,450
2024-01-21 06:00:00,79.5,"[822.7487912235541, 829.1119667375597, 897.8529726454624, 764.7431432101982, 788.1719955060993]",awake,98.4,15.8,0,0
2024-01-21 06:30:00,75.5,"[752.3801146827818, 814.4742013630544, 811.2712151386584, 839.5162533427151, 791.4926005423616]",awake,98.5,18.5,0,0
2024-01-21 07:00:00,65.3,"[724.5238729068316, 821.2751718212395, 779.2268074664569, 799.2099676030308, 789.8529852926355]",awake,97.8,18.8,0,0
2024-01-21 07:30:00,69.7,"[858.2290089062913, 830.1316699089986, 824.9360957744178, 767.2053373162989, 830.0576063018509]",awake,97.5,16.4,0,0
2024-01-21 08:00:00,62.7,"[776.4424325938465, 796.7573035367086, 743.3169173749185, 827.05354577305, 849.4368409608014]",awake,99.0,28.7,0,0
2024-01-21 08:30:00,79.0,"[829.7653242522953, 711.3447905176122, 772.0055025540752, 845.4615858724621, 906.8088072770643]",awake,98.4,23.9,0,0
2024-01-21 09:00:00,78.6,"[783.6284283750634, 815.8279061341427, 789.934221677807, 744.5894955305819, 838.1665082304669]",awake,97.6,10.7,0,0
2024-01-21 09:30:00,73.6,"[792.7164920566213, 773.5808653473737, 736.0963438307657, 903.1775463998334, 835.7916649965858]",awake,97.9,19.8,0,0
2024-01-21 10:00:00,70.6,"[813.4073602355643, 781.7644732948698, 870.7561560105523, 822.093437438507, 739.3854540721587]",awake,97.9,0.0,0,0
2024-01-21 10:30:00,81.9,"[742.6678729306287, 851.7091928561758, 817.91051220541, 826.7907795431342, 661.8634237499067]",awake,98.9,29.4,0,0
2024-01-21 11:00:00,89.7,"[765.3374165600856, 754.6746121076424, 802.7436452041699, 826.0088608242735, 843.395695623584]",awake,97.8,27.4,0,0
2024-01-21 11:30:00,62.2,"[779.756501294249, 779.1053639104985, 732.101473116981, 847.8071443141812, 804.3404989604562]",awake,97.9,21.2,0,0
2024-01-21 12:00:00,74.6,"[861.9025622198479, 780.2787194567169, 843.514599652856, 837.5950540315933, 766.1380608682241]",awake,98.2,23.3,0,0
2024-01-21 12:30:00,72.4,"[813.0239962092393, 813.1240633325452, 773.132048610504, 810.7728826898076, 758.1202217591139]",awake,98.9,10.3,0,0
2024-01-21 13:00:00,86.4,"[843.6092295905224, 820.3893653120563, 757.6703585503358, 794.0562843397174, 880.4226760838558]",awake,98.2,23.4,0,0
2024-01-21 13:30:00,77.1,"[787.8606901524661, 821.6981639947032, 753.4029311928807, 857.4653843805597, 783.1705590352608]",awake,98.6,28.0,0,0
2024-01-21 14:00:00,83.3,"[827.5888989592322, 837.5590067795363, 869.1751556269944, 789.1339046902922, 770.3315725303504]",awake,98.0,20.2,0,0
2024-01-21 14:30:00,81.9,"[790.1902442189677, 787.3060770831934, 775.9829770799352, 771.798599057076, 775.6858590068446]",awake,97.2,20.2,0,0
2024-01-21 15:00:00,77.4,"[866.2702557143996, 735.4865353765238, 742.160540991575, 729.540437873135, 729.3912781065458]",awake,98.3,3.2,0,0
2024-01-21 15:30:00,70.6,"[818.9653172960026, 815.2740101847776, 820.7619961210437, 812.6306174993663, 755.7316786508475]",awake,97.9,15.9,0,0
2024-01-21 16:00:00,74.0,"[770.1076815737448, 819.5368339994121, 821.8742620942759, 815.1912469369414, 808.4318648720262]",awake,97.5,20.9,0,0
2024-01-21 16:30:00,85.5,"[778.1531740368217, 844.9218414764314, 776.2008912520382, 782.1762521866337, 847.1772433542588]",awake,97.0,14.5,0,0
2024-01-21 17:00:00,78.9,"[859.9051458617095, 766.7911399496589, 758.0231667373795, 802.3205851356871, 849.369467049431]",awake,97.8,14.7,0,0
2024-01-21 17:30:00,73.5,"[779.0667430252524, 758.6477913996773, 825.3198641717338, 813.6746474314, 795.4064660319557]",awake,98.6,18.5,0,0
2024-01-21 18:00:00,92.0,"[781.4595853093256, 836.8206033677981, 797.0545713337665, 768.5782469123849, 800.0337404563627]",awake,97.7,17.3,0,0
2024-01-21 18:30:00,83.1,"[779.6770805623314, 793.1217215979057, 775.7380498081316, 822.6414663030961, 785.8996787858757]",awake,97.7,12.0,0,0
2024-01-21 19:00:00,71.5,"[806.1201349706647, 841.9336668314397, 766.3943733569772, 862.3217333102259, 796.3125207785184]",awake,98.1,24.9,0,0
2024-01-21 19:30:00,66.2,"[770.8404210836035, 794.380322058777, 825.6654468255036, 799.2714528630355, 775.592432314593]",awake,98.1,25.5,0,0
2024-01-21 20:00:00,101.9,"[748.2700341120714, 814.6110816042888, 834.2184936622183, 744.0888247687379, 774.2020834079863]",awake,98.3,24.8,0,0
2024-01-21 20:30:00,73.0,"[840.5340556853695, 782.4818676331541, 754.1473221966705, 788.2354782286975, 741.3233646934702]",awake,98.4,20.0,0,0
2024-01-21 21:00:00,83.0,"[792.6475819674516, 737.3644599899899, 796.0009057146069, 819.9598724446787, 801.1371301630705]",awake,98.5,20.8,0,0
2024-01-21 21:30:00,82.8,"[803.3236254845921, 852.9144681036055, 777.0027294898612, 808.5102240171934, 802.436068925781]",awake,98.0,25.7,0,0
2024-01-21 22:00:00,54.8,"[989.0020125804756, 962.4993867187776, 1020.3848906332996, 973.769378971202, 993.752630486834]",light,95.9,1.8,480,450
2024-01-21 22:30:00,63.2,"[961.3478637564325, 970.2082404872536, 963.8339045010041, 1064.4486600743085, 1053.781120524787]",light,95.5,4.3,480,450
2024-01-21 23:00:00,60.9,"[1038.8830234205823, 1055.4064598260638, 916.1372459891417, 995.525601369786, 991.5218204938028]",light,95.7,3.3,480,450
2024-01-21 23:30:00,57.0,"[1034.0329303489843, 1044.3705281773493, 960.8163896669525, 931.0044800203249, 1084.3378513479586]",light,96.1,8.8,480,450
2024-01-22 00:00:00,57.1,"[1012.1225193154069, 986.0179580761064, 1070.9865494124285, 915.8214979161888, 1007.1637521262797]",deep,95.8,0.4,480,450
2024-01-22 00:30:00,61.2,"[1049.5389366350714, 1015.0306866045576, 967.8587225476834, 916.912144983715, 1054.6130740985868]",deep,96.5,6.4,480,450
2024-01-22 01:00:00,50.7,"[1075.122852756123, 1003.568336312653, 1003.2908315670288, 963.2961795509061, 938.1977990322638]",deep,95.6,4.8,480,450
2024-01-22 01:30:00,64.7,"[997.6713322820877, 1015.7938233543955, 986.0432632483985, 1084.0118704982465, 941.1275668308646]",deep,95.0,8.2,480,450
2024-01-22 02:00:00,61.3,"[999.2818369264891, 988.6816342106545, 1054.8809774159997, 979.779669489526, 926.4680634042969]",rem,96.2,4.5,480,450
2024-01-22 02:30:00,65.9,"[1026.6976004756834, 994.5957757640557, 1061.6536014159851, 998.4992297941034, 976.5163500382426]",rem,95.9,3.9,480,450
2024-01-22 03:00:00,56.6,"[1111.487077888711, 995.265669820436, 930.4432267442786, 1015.989157079358, 1016.4024657724352]",rem,95.8,5.4,480,450
2024-01-22 03:30:00,57.1,"[936.2767124247202, 1029.6611281942162, 1011.4415316751227, 1027.9999930377603, 980.406058161793]",rem,95.7,6.8,480,450
2024-01-22 04:00:00,50.6,"[985.95777328469, 953.5638931006553, 1017.3271824247103, 1004.5958423660225, 1033.2307021306315]",light,96.8,0.7,480,450
2024-01-22 04:30:00,57.7,"[1018.4270398015975, 1016.9649017480667, 1023.8667305166459, 970.3790504310475, 989.9859063639393]",light,96.1,4.2,480,450
2024-01-22 05:00:00,60.6,"[1143.3992400885056, 1040.5647591768852, 906.0360499997835, 994.5976390303738, 1010.4389939722906]",light,95.0,5.3,480,450
2024-01-22 05:30:00,62.0,"[965.1269816544825, 1075.2859209463072, 1010.4636108629203, 969.3084160009405, 985.4774155597305]",light,96.0,5.2,480,450
2024-01-22 06:00:00,70.1,"[755.0960870633003, 825.2840513968258, 793.1133731865376, 816.5696087948338, 840.5941000840149]",awake,97.5,14.7,0,0
2024-01-22 06:30:00,85.2,"[743.0450339214248, 812.0654589940026, 895.4759996817049, 808.7953394348384, 814.0775810770216]",awake,98.3,7.3,0,0
2024-01-22 07:00:00,125.6,"[444.3242588356836, 472.38948327105265, 395.0524574475521, 430.7302660088589, 441.8861829011355]",awake,98.2,82.5,0,0
2024-01-22 07:30:00,145.0,"[413.41545312689817, 383.27702702739373, 400.74417811681303, 446.1198381864969, 374.4162355373351]",awake,98.2,76.6,0,0
2024-01-22 08:00:00,128.1,"[400.15215309037256, 390.44494999270546, 479.68547505275126, 451.9444353367712, 413.36634086356247]",awake,97.7,96.5,0,0
2024-01-22 08:30:00,137.2,"[436.7087562294006, 405.53347575103817, 455.35858960732764, 409.54282477277627, 403.0764076162235]",awake,97.8,85.8,0,0
2024-01-22 09:00:00,61.7,"[895.1203925482826, 812.1270715057434, 773.1395795662814, 751.7473460747091, 737.1585523661983]",awake,97.4,10.9,0,0
2024-01-22 09:30:00,76.7,"[830.2283740594739, 797.7592480407884, 811.0840553886742, 754.8352199204949, 733.0564002099723]",awake,97.5,6.6,0,0
2024-01-22 10:00:00,86.7,"[798.8283627604409, 781.3563526198411, 740.7340559937434, 763.6883208992265, 785.8610892073153]",awake,98.5,26.7,0,0
2024-01-22 10:30:00,68.8,"[802.6232966830304, 743.1259815928453, 716.238322417221, 776.796909672307, 764.3127783018152]",awake,97.0,25.9,0,0
2024-01-22 11:00:00,81.5,"[810.2358792712685, 831.0534784523484, 773.6085158131235, 806.4927875393931, 881.731143275714]",awake,98.2,18.6,0,0
2024-01-22 11:30:00,66.4,"[826.3568877075779, 775.4136134047314, 767.0900887412037, 854.6595672572415, 887.9451960788383]",awake,97.8,39.0,0,0
2024-01-22 12:00:00,79.7,"[786.0844756925617, 771.1215090602666, 752.9503142234024, 796.729267728371, 766.617362652211]",awake,97.7,29.2,0,0
2024-01-22 12:30:00,96.0,"[774.9053930186765, 801.1119731516818, 745.637315371839, 777.8996910931934, 811.6480950800333]",awake,97.7,22.0,0,0
2024-01-22 13:00:00,65.9,"[832.5004825989619, 858.7244918257917, 787.4019876293604, 848.6861484717601, 734.7753529469355]",awake,98.7,14.9,0,0
2024-01-22 13:30:00,73.3,"[823.4549072025029, 798.9502493000012, 816.2714311272787, 890.3479705198739, 751.7802873889626]",awake,96.8,34.4,0,0
2024-01-22 14:00:00,68.1,"[743.6553427480541, 764.7697962562894, 783.4960782817853, 765.6188944372902, 796.5971419775015]",awake,98.3,24.8,0,0
2024-01-22 14:30:00,73.2,"[799.0114757423441, 774.7505608995981, 805.8729188836293, 704.5856446784023, 775.166909223783]",awake,98.5,4.6,0,0
2024-01-22 15:00:00,65.7,"[803.5188067743861, 851.8580546918258, 829.1926357485382, 790.1551319097777, 838.872623839044]",awake,98.1,10.0,0,0
2024-01-22 15:30:00,65.3,"[831.1908347397526, 853.3475228837272, 809.9096024903963, 854.9166525976052, 740.576612629554]",awake,96.7,20.5,0,0
2024-01-22 16:00:00,78.9,"[769.6187856014699, 868.5315539700623, 793.7670983576946, 807.2269206127842, 873.3282700300939]",awake,98.7,17.4,0,0
2024-01-22 16:30:00,67.9,"[789.5353194168437, 841.287640282087, 769.0051043667081, 808.1163301597122, 834.7057893071321]",awake,98.8,20.3,0,0
2024-01-22 17:00:00,61.7,"[827.3062845347175, 790.3124809020816, 773.9823527092242, 892.6557102301462, 790.71915068923]",awake,98.1,23.3,0,0
2024-01-22 17:30:00,62.3,"[855.0011885628612, 778.2728007689024, 829.5269125647167, 802.7586230802909, 804.681040835652]",awake,97.3,25.4,0,0
2024-01-22 18:00:00,76.2,"[849.0405286334944, 701.125943893017, 747.3843807739178, 814.5401884737931, 789.3299481294995]",awake,98.0,14.9,0,0
2024-01-22 18:30:00,66.6,"[743.4017334593605, 788.1418061073881, 779.4527982829846, 836.418262595729, 776.5393594967936]",awake,97.9,14.9,0,0
2024-01-22 19:00:00,62.1,"[807.9032084973558, 818.4121970903965, 832.7898577485767, 802.5197565598373, 766.2737645155077]",awake,98.0,19.5,0,0
2024-01-22 19:30:00,67.8,"[792.003748103468, 854.5747489882993, 806.1486867243281, 837.588767454118, 882.3431650225217]",awake,98.3,17.5,0,0
2024-01-22 20:00:00,75.6,"[804.8353826711224, 855.3280943145757, 872.817899313617, 782.4297172216291, 795.2868866702621]",awake,97.9,34.5,0,0
2024-01-22 20:30:00,64.0,"[803.1779810029432, 747.9247569624525, 844.4146793361601, 789.6554364059207, 770.3438656054728]",awake,98.1,23.8,0,0
2024-01-22 21:00:00,67.8,"[843.0780943045565, 786.6766176145455, 837.5467971261211, 780.1961039558222, 836.870770886018]",awake,97.9,0.8,0,0
2024-01-22 21:30:00,73.2,"[827.9222251139181, 848.9870924222587, 713.0645396208528, 798.2360355702709, 748.2424388390996]",awake,98.4,21.7,0,0
2024-01-22 22:00:00,62.4,"[961.2850186213732, 951.9956584269003, 1005.2753110790685, 1059.1875889338298, 1053.3888382303567]",light,95.3,2.2,480,450
2024-01-22 22:30:00,56.1,"[1063.462944603055, 1012.9746564279423, 929.2986725140328, 1105.8859536637542, 1056.9294982781785]",light,97.3,6.4,480,450
2024-01-22 23:00:00,61.4,"[1024.1955178386127, 1074.4228521194577, 1049.7821697341203, 1000.7701962401025, 1063.555280619044]",light,95.8,4.8,480,450
2024-01-22 23:30:00,60.9,"[1066.873552382813, 1008.6033398445244, 971.4651709794584, 998.5274816023124, 953.5568506631106]",light,96.0,6.7,480,450
2024-01-23 00:00:00,60.5,"[919.7422660500391, 931.7399921534499, 962.2335901944629, 1054.3147192898775, 1033.3632490961518]",deep,95.1,0.0,480,450
2024-01-23 00:30:00,52.2,"[986.9347213864605, 1007.5472218074235, 1039.930619434243, 1001.4373788957872, 933.1952763611699]",deep,96.8,6.0,480,450
2024-01-23 01:00:00,59.5,"[969.6114018882747, 977.0931228613161, 922.7256826898005, 1051.0751685511318, 987.5539450382607]",deep,96.6,5.8,480,450
2024-01-23 01:30:00,62.8,"[982.1688847012446, 1036.352373873746, 1042.3571341694478, 953.2415623535264, 1018.9350742828766]",deep,96.1,2.5,480,450
2024-01-23 02:00:00,46.7,"[1104.5326201157084, 1038.2115278109748, 1068.444384403439, 992.2348713745436, 934.3128939856329]",rem,96.7,3.7,480,450
2024-01-23 02:30:00,69.3,"[1073.0325269386599, 1025.9375351667147, 995.610086591719, 980.7274380182331, 961.7258298449194]",rem,95.9,7.0,480,450
2024-01-23 03:00:00,61.9,"[1061.364314562836, 999.8029526710619, 1038.9810873964907, 943.7370913744819, 980.8810657940236]",rem,95.7,8.4,480,450
2024-01-23 03:30:00,59.6,"[1003.9122474320325, 962.8752335628315, 965.8770419199943, 918.4189495055241, 942.3265959488828]",rem,95.3,6.1,480,450
2024-01-23 04:00:00,64.1,"[1015.6096492964426, 1049.2961018578362, 1001.2384873510873, 972.06873434884, 982.1285889853041]",light,95.3,5.0,480,450
2024-01-23 04:30:00,62.8,"[1041.2715275646983, 941.2786641709541, 879.2449558011328, 987.1450735877595, 1086.9050316038447]",light,96.2,8.2,480,450
2024-01-23 05:00:00,62.8,"[996.4289529907406, 1013.7715140261902, 997.9864217237459, 1008.2870071655782, 929.2074574235126]",light,95.7,5.8,480,450
2024-01-23 05:30:00,58.7,"[1061.8774056099078, 1036.9480233099355, 1019.2814722355548, 985.2920417469561, 968.5712168794915]",light,95.8,9.7,480,450
2024-01-23 06:00:00,80.4,"[798.5457084689883, 745.9538983513205, 815.923567099874, 837.6745054663265, 800.0023065423362]",awake,97.9,22.0,0,0
2024-01-23 06:30:00,65.1,"[828.0193504981811, 829.7666683348782, 816.0689728766988, 772.86720740795, 894.674831376838]",awake,98.7,22.2,0,0
2024-01-23 07:00:00,144.3,"[450.69322482954163, 435.3987002798483, 454.79209535120447, 386.1143129186458, 440.61193090176874]",awake,98.2,83.7,0,0
2024-01-23 07:30:00,120.0,"[369.4710190034661, 373.1310959836138, 457.0363682940329, 418.30140043369875, 434.05770757222325]",awake,98.1,87.8,0,0
2024-01-23 08:00:00,116.0,"[465.81818462150807, 448.7463025309556, 402.5733743564311, 459.7811997202342, 486.95977974059366]",awake,98.1,83.4,0,0
2024-01-23 08:30:00,139.0,"[465.60634515016795, 412.8812073401447, 403.6977827270597, 414.63909899585167, 406.20760562511254]",awake,97.6,77.4,0,0
2024-01-23 09:00:00,68.4,"[749.3497008424421, 817.7932832871273, 876.0904096593973, 827.3324520987244, 789.3804317374895]",awake,98.1,15.0,0,0
2024-01-23 09:30:00,75.9,"[795.0523906884973, 835.9998096079094, 743.7708695912231, 791.3266020508746, 760.4577750742523]",awake,98.1,33.5,0,0
2024-01-23 10:00:00,85.4,"[751.6481533875198, 806.243314169242, 854.9722167373633, 741.3304717239969, 798.0744500820015]",awake,98.0,9.3,0,0
2024-01-23 10:30:00,62.0,"[868.7391560819666, 827.9645909311348, 803.6429028763253, 778.3666808386193, 697.6136264849509]",awake,97.9,21.9,0,0
2024-01-23 11:00:00,69.9,"[754.298527061479, 849.1290085754966, 742.6387191175132, 779.4141327010869, 822.4583465743863]",awake,97.6,25.4,0,0
2024-01-23 11:30:00,74.6,"[777.5521620558866, 817.5607688540744, 842.1532306333163, 850.4172837814353, 803.835107286731]",awake,97.9,32.7,0,0
2024-01-23 12:00:00,83.1,"[782.5532429263436, 744.5562352252894, 818.01250682377, 764.8832988987851, 801.9154060751969]",awake,98.0,9.7,0,0
2024-01-23 12:30:00,65.1,"[781.0997837474486, 873.169342148301, 799.0265978250744, 763.337855145812, 747.675181191429]",awake,97.7,10.8,0,0
2024-01-23 13:00:00,67.6,"[775.6338347422122, 744.9823502729258, 854.0695668516921, 758.0624932354641, 764.6739381882949]",awake,98.0,32.4,0,0
2024-01-23 13:30:00,65.1,"[794.134279644304, 833.4255337241696, 753.7270788955466, 820.5256687350493, 784.8772577295831]",awake,98.0,18.4,0,0
2024-01-23 14:00:00,77.5,"[753.7771879236731, 771.3394178250567, 812.8007947735407, 778.926926814839, 785.3416381585301]",awake,97.6,15.7,0,0
2024-01-23 14:30:00,73.8,"[843.6201944786328, 763.385468420577, 864.4041636410236, 791.8929096609568, 772.5660260849636]",awake,98.7,15.0,0,0
2024-01-23 15:00:00,77.2,"[808.3850592470421, 800.675163111296, 835.2822688530661, 784.7368040308675, 812.3361775038207]",awake,98.1,19.2,0,0
2024-01-23 15:30:00,75.7,"[718.8561565394824, 819.4686856964521, 792.8494108791047, 811.4467429759476, 853.8240435350826]",awake,98.5,26.9,0,0
2024-01-23 16:00:00,78.1,"[824.7271611205643, 693.6469818047444, 801.6294038314601, 817.655155446845, 801.402003964372]",awake,98.3,32.2,0,0
2024-01-23 16:30:00,68.6,"[826.091959278899, 770.7236219048025, 810.709366106012, 771.15861021494, 749.9057798490637]",awake,97.6,15.9,0,0
2024-01-23 17:00:00,71.7,"[886.6047480897364, 828.4007350154337, 733.5823753382473, 783.2673504547428, 836.911493169984]",awake,97.5,5.2,0,0
2024-01-23 17:30:00,78.8,"[829.9176529108883, 832.1537673446105, 780.6060049710082, 748.704495099807, 779.1243635783978]",awake,98.4,20.8,0,0
2024-01-23 18:00:00,77.9,"[805.1220734607557, 744.4264938156942, 763.5533910342168, 768.05052301786, 751.0898362291699]",awake,99.0,16.4,0,0
2024-01-23 18:30:00,68.8,"[826.2735720902956, 755.3407335337965, 835.2710447803237, 818.8495397036893, 756.7931821077176]",awake,98.8,34.4,0,0
2024-01-23 19:00:00,53.5,"[831.4608177243297, 751.9226846380354, 804.1188821009878, 892.3127069596276, 797.1989755985171]",awake,97.5,14.8,0,0
2024-01-23 19:30:00,75.8,"[795.5706834074551, 758.5344902121942, 731.0268717574337, 805.4173840419777, 904.0239306359582]",awake,98.3,31.2,0,0
2024-01-23 20:00:00,75.6,"[750.3181947077484, 786.4985281414412, 824.2212503041537, 790.3508774253339, 760.9106750900959]",awake,98.1,22.2,0,0
2024-01-23 20:30:00,83.1,"[775.2297150203316, 772.8626173513293, 793.4013225912889, 797.8990188809793, 786.1011485204427]",awake,97.1,27.3,0,0
2024-01-23 21:00:00,60.5,"[798.5652335669233, 782.1240405510966, 737.4120584239909, 840.9079095583612, 809.7704433814845]",awake,97.6,46.7,0,0
2024-01-23 21:30:00,66.0,"[845.9577892358992, 801.8463433480221, 760.5464235137442, 795.0328893762452, 807.9660186225047]",awake,98.1,19.4,0,0
2024-01-23 22:00:00,57.7,"[969.5093689929005, 1090.8701832644535, 925.7000442731473, 1032.2531792171208, 984.5649303953044]",light,95.4,1.4,480,450
2024-01-23 22:30:00,56.7,"[1057.2980861599679, 989.273413970781, 1043.0504971756618, 990.2406512820277, 1047.0215225845532]",light,95.7,3.1,480,450
2024-01-23 23:00:00,57.8,"[1004.6081050145532, 968.6545807041238, 979.3533707844907, 967.9834062428355, 997.4836044438931]",light,95.1,4.8,480,450
2024-01-23 23:30:00,61.0,"[1045.2370778204718, 1012.0096296308448, 992.9236245092525, 1025.757231036728, 983.370853713697]",light,97.0,6.4,480,450
2024-01-24 00:00:00,56.5,"[1049.435085698175, 988.891120509905, 1054.9144340615971, 962.709831143932, 964.8862549902609]",deep,96.6,3.3,480,450
2024-01-24 00:30:00,59.8,"[1075.7174088891568, 976.4794675620516, 1014.2361491137221, 987.2014035201522, 1013.5193364675928]",deep,96.6,2.4,480,450
2024-01-24 01:00:00,54.3,"[999.8056480374942, 979.5382495594602, 936.3578667238874, 982.9179987128074, 1016.4819795862938]",deep,95.7,6.9,480,450
2024-01-24 01:30:00,58.0,"[1033.391246593717, 1015.2564345527629, 938.2546632781984, 977.4408796845485, 980.477408774938]",deep,96.8,0.4,480,450
2024-01-24 02:00:00,59.2,"[973.517537194338, 1015.4640126285319, 1108.347089635235, 905.244538711108, 999.2899546523686]",rem,96.2,4.1,480,450
2024-01-24 02:30:00,65.8,"[956.7351990136231, 1052.9465676893903, 1009.8193412066812, 1108.5521195712465, 1008.0507683817759]",rem,96.4,4.0,480,450
2024-01-24 03:00:00,54.0,"[1003.606669690958, 1051.7297845192074, 1018.3506385354581, 976.9146633560991, 1065.6126327097813]",rem,96.8,4.2,480,450
2024-01-24 03:30:00,59.2,"[975.345119058656, 1024.657891764265, 978.4800045952189, 1101.1070885781733, 963.6889979827353]",rem,96.1,8.3,480,450
2024-01-24 04:00:00,62.6,"[1017.9573266023201, 1030.9323137101846, 905.7516615969594, 859.4164556556248, 943.623841029452]",light,96.1,2.9,480,450
2024-01-24 04:30:00,72.3,"[871.6713129648645, 982.0470775316172, 1026.7836741275348, 1022.5737055476877, 943.5122683241883]",light,95.4,7.1,480,450
2024-01-24 05:00:00,62.6,"[1041.4854107421022, 1014.19530509081, 1062.6006507772581, 1036.3999262081009, 971.4339881625439]",light,95.8,4.2,480,450
2024-01-24 05:30:00,72.4,"[906.9905896706474, 1013.4352071465377, 1061.5303371533664, 962.2963670993059, 919.0013679979181]",light,97.4,4.2,480,450
2024-01-24 06:00:00,66.5,"[793.8649652315144, 825.9877135037691, 771.5754620013516, 784.6071095746223, 821.7448558925629]",awake,99.0,32.3,0,0
2024-01-24 06:30:00,85.8,"[740.723212681359, 827.2920578746492, 794.1411076642908, 780.5526834088347, 828.223458252678]",awake,97.8,0.0,0,0
2024-01-24 07:00:00,128.9,"[388.34127140829116, 436.2184547552972, 381.1529384065417, 400.06458697457447, 424.1279383488333]",awake,97.6,87.7,0,0
2024-01-24 07:30:00,141.3,"[429.98445362405215, 443.61798512555237, 461.51898226297715, 411.97846761818977, 436.1872129421253]",awake,98.0,78.1,0,0
2024-01-24 08:00:00,121.5,"[433.37338301633724, 399.9391154335889, 426.6690157512913, 429.21040727016094, 454.9848852100995]",awake,98.5,86.7,0,0
2024-01-24 08:30:00,156.0,"[429.49037100860556, 417.48598195576096, 391.0044160115859, 467.171858675813, 462.6084805913276]",awake,98.3,84.0,0,0
2024-01-24 09:00:00,69.5,"[794.120154630565, 826.637262010246, 786.825588118148, 867.340044028911, 788.9910222430364]",awake,98.2,5.0,0,0
2024-01-24 09:30:00,82.3,"[840.6772319990828, 794.852958927399, 774.5151417807475, 784.3589531403651, 778.5321927047488]",awake,97.6,33.7,0,0
2024-01-24 10:00:00,81.9,"[780.156324182083, 759.879758730359, 788.3065947823347, 820.528198935645, 847.9601200560653]",awake,98.4,10.3,0,0
2024-01-24 10:30:00,84.4,"[840.4448048939348, 780.127933540325, 762.3603965507265, 808.4656585323555, 774.0190217604562]",awake,98.1,15.2,0,0
2024-01-24 11:00:00,67.5,"[760.1143601357127, 725.8254720072248, 731.189131307209, 777.9769354322864, 852.3182384251244]",awake,97.4,35.9,0,0
2024-01-24 11:30:00,77.4,"[767.4705092432562, 797.6605323714687, 773.6660325791797, 822.7613721582608, 805.6798176913328]",awake,98.4,21.7,0,0
2024-01-24 12:00:00,80.0,"[796.9587355193975, 769.1299958709437, 795.302472789273, 791.5134814279825, 867.0221523156318]",awake,97.3,4.1,0,0
2024-01-24 12:30:00,81.2,"[718.268445283657, 836.3001430179152, 863.4831990749158, 777.2305182521326, 771.8373909092497]",awake,98.4,10.4,0,0
2024-01-24 13:00:00,67.0,"[879.9901268217338, 854.7778292534966, 778.2245957725081, 796.6355117966949, 868.5051728204543]",awake,97.6,18.5,0,0
2024-01-24 13:30:00,61.0,"[745.6449123350134, 777.4431493745071, 821.6018866908295, 801.5957948900909, 760.2630719507719]",awake,98.8,21.7,0,0
2024-01-24 14:00:00,75.7,"[800.6220979878718, 852.5899109292436, 756.6736208995061, 767.9505749510579, 797.1560892183185]",awake,97.4,15.1,0,0
2024-01-24 14:30:00,80.0,"[810.1726528908148, 826.9454479431454, 819.1104464808307, 822.9782093937848, 760.9249754295716]",awake,98.3,28.7,0,0
2024-01-24 15:00:00,79.1,"[839.3974430622285, 736.7788901097524, 814.8011389742336, 849.2440442013936, 817.1965916697226]",awake,98.1,31.6,0,0
2024-01-24 15:30:00,85.1,"[834.2513985556321, 813.2821295592439, 780.7849521797592, 825.561150400857, 765.9784103668495]",awake,98.9,21.8,0,0
2024-01-24 16:00:00,49.4,"[807.8844050417432, 780.6282081167192, 734.1279111470782, 837.408966355652, 851.5034950154122]",awake,97.9,8.3,0,0
2024-01-24 16:30:00,85.8,"[884.2842094310192, 863.195296976166, 785.9480644646691, 769.9060396547038, 829.4841700594195]",awake,97.9,35.6,0,0
2024-01-24 17:00:00,68.3,"[763.3118219060167, 763.255126221189, 716.050637517586, 826.758683249952, 768.84021752554]",awake,98.1,23.9,0,0
2024-01-24 17:30:00,70.6,"[769.4788860949612, 753.6763929893258, 746.8946083118499, 732.4821098426569, 798.6597790884192]",awake,97.4,32.5,0,0
2024-01-24 18:00:00,97.7,"[786.6524295038631, 773.4576129431837, 816.9017239388687, 786.5081154655425, 837.0825779862081]",awake,98.2,11.9,0,0
2024-01-24 18:30:00,80.2,"[796.1095198106929, 779.0955307656061, 877.6693007593508, 789.2655820923491, 795.325323910217]",awake,98.2,15.5,0,0
2024-01-24 19:00:00,72.0,"[804.7461283634069, 842.051851488051, 844.4452712355993, 734.5141302193196, 851.4792273526365]",awake,98.2,17.5,0,0
2024-01-24 19:30:00,65.8,"[817.2232673483771, 745.0257939977037, 813.2585264015893, 802.1147287139422, 721.4344913140486]",awake,98.9,30.4,0,0
2024-01-24 20:00:00,86.5,"[824.9465382729866, 718.4555891908144, 717.5746145747839, 756.3731905412228, 747.828799461292]",awake,98.0,18.4,0,0
2024-01-24 20:30:00,74.6,"[831.9253019670368, 759.6301386287835, 786.7458378657303, 863.1937011661519, 798.3352024160364]",awake,98.7,12.6,0,0
2024-01-24 21:00:00,85.7,"[794.5777094316522, 695.8611160654862, 776.8850929448148, 805.3443588106237, 801.6396421912057]",awake,97.9,6.7,0,0
2024-01-24 21:30:00,70.1,"[763.1655975710295, 791.4351010517256, 794.0605817572571, 794.9873165612145, 764.7569245743063]",awake,97.8,8.9,0,0
2024-01-24 22:00:00,67.4,"[1043.64800346506, 1068.3679468746361, 988.3728853935289, 975.8533027733307, 958.91025822596]",light,96.0,5.3,480,450
2024-01-24 22:30:00,58.1,"[1042.9364243752789, 1032.0569284998614, 952.1669751722884, 997.9271673960534, 1014.7460005388366]",light,95.6,5.6,480,450
2024-01-24 23:00:00,63.4,"[1079.820801495699, 973.6889144278432, 898.0105511357897, 1031.173218961032, 967.7411533667191]",light,96.4,3.4,480,450
2024-01-24 23:30:00,60.4,"[1031.4498417026832, 1006.5820650512261, 1038.7781912973087, 882.5660425393739, 1079.9267834021584]",light,96.1,8.4,480,450
2024-01-25 00:00:00,68.2,"[995.345519984178, 1092.8367515597208, 1027.783630309919, 1020.3336956542321, 966.1137840637871]",deep,95.9,6.0,480,450
2024-01-25 00:30:00,65.0,"[1011.3126124886825, 1047.7569893784205, 1043.169960939452, 1025.996225998699, 950.14454484605]",deep,96.0,9.1,480,450
2024-01-25 01:00:00,61.3,"[964.4376978173984, 998.6217292132782, 1012.0039342913019, 1059.242135590674, 913.9751618805909]",deep,96.5,6.0,480,450
2024-01-25 01:30:00,60.9,"[966.8992162659933, 1095.402571724614, 992.6767379390974, 923.9178339569864, 1046.462526082881]",deep,95.3,4.1,480,450
2024-01-25 02:00:00,58.5,"[952.3549631087847, 1011.8567346199313, 945.346098300288, 971.5106582086094, 1057.9461994835838]",rem,96.4,6.5,480,450
2024-01-25 02:30:00,65.8,"[1008.2337809097435, 955.2778263806679, 1018.464532398305, 974.2794534336886, 1053.6556583318313]",rem,95.8,8.3,480,450
2024-01-25 03:00:00,50.6,"[982.4853869471524, 948.4060268032441, 999.4877234323745, 1018.0220891728959, 1035.8183124986706]",rem,95.6,3.5,480,450
2024-01-25 03:30:00,63.7,"[976.6366348068619, 959.7625287571273, 1062.6770305705702, 938.5584449158573, 987.623015459207]",rem,95.7,6.6,480,450
2024-01-25 04:00:00,77.2,"[1013.6424776573177, 1012.6802625989461, 1022.359218193875, 972.3806600857514, 906.3603040369769]",light,96.3,4.7,480,450
2024-01-25 04:30:00,59.9,"[914.7655457172516, 977.713879520437, 1041.8851049206799, 917.3274449981548, 961.2459822084481]",light,96.4,5.6,480,450
2024-01-25 05:00:00,68.1,"[900.1510369625897, 1034.8149089607332, 1027.617792740431, 945.6988879546554, 1029.2842907296176]",light,95.9,4.8,480,450
2024-01-25 05:30:00,64.3,"[1070.7114612522782, 1008.8008537976249, 1052.8209685174354, 1024.4635613621795, 985.7620714950662]",light,96.0,6.5,480,450
2024-01-25 06:00:00,73.7,"[816.3319926839521, 719.1455921912594, 825.7322911156391, 852.4237210066592, 799.6619256681068]",awake,98.1,28.1,0,0
2024-01-25 06:30:00,72.2,"[847.839789335146, 816.3657466181713, 774.445684582791, 745.6298583216128, 756.9678596249098]",awake,97.1,20.9,0,0
2024-01-25 07:00:00,141.1,"[447.93483524868935, 385.9192748529575, 473.9108427918717, 436.86069711756716, 429.96033829585076]",awake,97.8,86.7,0,0
2024-01-25 07:30:00,137.6,"[474.77940822954037, 436.8812818836709, 444.93447140430914, 397.77356092333645, 402.7136647333245]",awake,97.2,80.8,0,0
2024-01-25 08:00:00,146.7,"[351.28795962608876, 449.8312951878442, 467.4801727599618, 448.73740913296564, 392.219108499148]",awake,97.5,83.3,0,0
2024-01-25 08:30:00,155.0,"[415.6748533633932, 448.2846590231532, 395.44092716435847, 405.6863727240502, 415.2477223466037]",awake,97.8,88.0,0,0
2024-01-25 09:00:00,73.5,"[761.2408444096284, 744.4937645476442, 787.1357166979865, 856.6067493957403, 731.1129890095059]",awake,98.1,14.3,0,0
2024-01-25 09:30:00,89.4,"[869.607013185879, 846.7526902636572, 821.3547291654097, 802.4901589258734, 778.0404411697436]",awake,97.7,24.9,0,0
2024-01-25 10:00:00,74.1,"[820.709743100312, 729.812230608652, 817.1103512085398, 841.6634459032139, 795.0986935213301]",awake,98.3,12.2,0,0
2024-01-25 10:30:00,74.1,"[833.0967174688021, 714.3496713547461, 804.2013836324702, 780.1229487457019, 833.0127547725807]",awake,97.0,22.6,0,0
2024-01-25 11:00:00,73.6,"[795.5457092325547, 758.043686693803, 747.1778962205653, 767.5880344879513, 821.7845177453299]",awake,97.4,38.3,0,0
2024-01-25 11:30:00,64.8,"[805.2716255516111, 892.1301139301795, 843.2822807978549, 798.911647760162, 804.531706781022]",awake,97.9,37.9,0,0
2024-01-25 12:00:00,69.0,"[744.7925100296287, 790.0236094406316, 762.0832986629605, 775.7675065892472, 788.1610703904579]",awake,97.7,21.2,0,0
2024-01-25 12:30:00,78.7,"[836.674249444195, 800.4137296751111, 808.5197043547828, 774.6547598809371, 750.0974520510372]",awake,98.5,20.9,0,0
2024-01-25 13:00:00,72.8,"[792.0273764111365, 746.8384960834154, 760.2182444077515, 917.2192242859409, 833.7737534023497]",awake,97.7,15.3,0,0
2024-01-25 13:30:00,75.1,"[895.5530304747119, 753.2210003998508, 777.4344044982674, 765.2738201330922, 877.375594717975]",awake,98.1,9.0,0,0
2024-01-25 14:00:00,67.3,"[803.8096161168, 707.4802422768723, 768.882415743823, 777.5635979693153, 863.2662651671209]",awake,98.2,46.0,0,0
2024-01-25 14:30:00,78.2,"[819.2704144819195, 812.8336965208276, 758.3938674267722, 811.3171258554859, 761.5376089446139]",awake,97.6,20.8,0,0
2024-01-25 15:00:00,78.6,"[742.6949594966943, 755.132233703411, 754.0833564662297, 804.112035848518, 812.4738594605005]",awake,98.0,12.8,0,0
2024-01-25 15:30:00,91.0,"[818.2156350396253, 769.3631221349277, 855.8056630505588, 732.3590120235947, 828.3399615918077]",awake,99.0,40.1,0,0
2024-01-25 16:00:00,71.5,"[812.6785730974593, 793.9935046872571, 813.7789050766867, 823.3879169161263, 698.7440924162715]",awake,98.1,23.7,0,0
2024-01-25 16:30:00,65.6,"[707.2152537217512, 792.6199370034328, 774.4154609518968, 762.8345231886769, 826.0777912693965]",awake,98.3,6.1,0,0
2024-01-25 17:00:00,71.9,"[798.4086950658342, 791.7627713016884, 807.4923907081159, 875.2595437177505, 750.841226343948]",awake,97.1,19.4,0,0
2024-01-25 17:30:00,74.9,"[803.56960332185, 853.7427616015862, 802.6977982997928, 865.5013611803632, 787.446282890261]",awake,98.2,12.1,0,0
2024-01-25 18:00:00,79.8,"[774.0278709757572, 827.5227934463768, 794.1699223388571, 837.0486220568538, 689.9217767440048]",awake,97.6,18.2,0,0
2024-01-25 18:30:00,71.7,"[782.4042557869711, 867.6433776060819, 732.6689710765057, 817.5423799993257, 822.8643599481468]",awake,97.7,23.8,0,0
2024-01-25 19:00:00,74.3,"[839.4320309541228, 778.0206726974575, 847.6928270274045, 784.7691616326676, 817.6458574666294]",awake,97.9,15.2,0,0
2024-01-25 19:30:00,80.5,"[822.765598956668, 800.040142930549, 827.8038495488202, 791.2510548306996, 739.2459351218644]",awake,98.9,25.5,0,0
2024-01-25 20:00:00,89.3,"[780.5965437431025, 800.1420645826164, 764.8557024854005, 832.1958110708633, 867.1928361312646]",awake,98.3,13.9,0,0
2024-01-25 20:30:00,54.6,"[716.4063543427442, 776.7254375316064, 837.3300020259139, 882.4740273436219, 771.598731402587]",awake,98.6,29.4,0,0
2024-01-25 21:00:00,86.2,"[712.797169098555, 750.4001460812381, 809.2362054890447, 742.0258306042964, 763.7876120929607]",awake,97.7,24.6,0,0
2024-01-25 21:30:00,74.5,"[727.8457017156306, 836.797263037764, 861.5359850809294, 783.7624655278698, 828.7886435795542]",awake,98.3,28.3,0,0
2024-01-25 22:00:00,53.2,"[1035.8173234432873, 1002.2778867102533, 1081.1737150202962, 941.1263286615236, 1033.2829263636945]",light,96.1,0.2,480,450
2024-01-25 22:30:00,55.3,"[959.0643942716583, 999.5419209872174, 990.2630141354061, 1041.471126794073, 1017.1527953087224]",light,96.5,7.6,480,450
2024-01-25 23:00:00,61.6,"[997.3877200394998, 1024.6076302790561, 968.2562327793503, 1013.1460308627059, 1043.4732380064518]",light,95.9,5.2,480,450
2024-01-25 23:30:00,55.6,"[994.7400297580289, 918.1512157757899, 933.1211072429419, 981.3080883160471, 1013.6345960501686]",light,95.6,7.6,480,450
2024-01-26 00:00:00,60.2,"[987.7461738733747, 1068.9171765454603, 1033.6517440420619, 971.0767409719214, 996.7182053606911]",deep,96.5,1.9,480,450
2024-01-26 00:30:00,61.9,"[1050.97431671666, 998.7527913521752, 1020.0181868015576, 894.4639379126527, 883.8662337629709]",deep,96.8,8.4,480,450
2024-01-26 01:00:00,58.4,"[973.2106642119961, 983.8464528965096, 1004.7543142856453, 1029.74950640886, 1008.7913002701141]",deep,96.4,6.9,480,450
2024-01-26 01:30:00,53.0,"[1025.8796722808347, 1016.368353281408, 1047.0520303998294, 994.5888443770586, 1024.194557906882]",deep,96.1,4.2,480,450
2024-01-26 02:00:00,64.1,"[962.7810098876854, 1089.9322082790109, 977.9071654311489, 1085.219775143147, 975.3737574687166]",rem,96.1,7.4,480,450
2024-01-26 02:30:00,64.5,"[948.125084484861, 1003.52519559619, 1064.5349603831783, 1014.3521121025219, 1072.9054974267513]",rem,96.4,2.1,480,450
2024-01-26 03:00:00,59.0,"[941.3793786745309, 952.0299311357218, 1004.2416471928368, 1056.950374155401, 1054.3795475587635]",rem,96.0,4.9,480,450
2024-01-26 03:30:00,59.4,"[957.5061945957193, 1004.6041137646978, 1043.716825416248, 1064.6907721784744, 1107.822937378724]",rem,95.6,2.7,480,450
2024-01-26 04:00:00,69.3,"[1027.9872601193713, 952.2870219382297, 1008.4582245567079, 1079.902333255881, 1000.4953298331338]",light,96.5,6.4,480,450
2024-01-26 04:30:00,62.8,"[974.6360868603072, 986.178066981404, 985.9953060994378, 1002.6503818558357, 1024.4042363589592]",light,95.7,6.2,480,450
2024-01-26 05:00:00,66.2,"[1044.3762046555457, 969.2316336455681, 1048.9181761899943, 1034.4059699088282, 990.7257769898874]",light,95.9,5.8,480,450
2024-01-26 05:30:00,61.5,"[1009.4043133571994, 1056.279175541257, 980.1806926185426, 955.8423550739117, 964.7245936389219]",light,95.9,4.6,480,450
2024-01-26 06:00:00,65.0,"[814.99982825052, 941.7548382427038, 743.3049765288117, 765.0912576340384, 770.6993117372012]",awake,97.1,26.8,0,0
2024-01-26 06:30:00,67.1,"[811.3078252629168, 701.3106442777878, 780.6265452595534, 806.4747798080715, 871.2239593441902]",awake,98.2,10.2,0,0
2024-01-26 07:00:00,134.1,"[430.0128272014067, 425.9494908837235, 473.55595714070853, 458.50984054253047, 452.3894860345762]",awake,97.8,86.6,0,0
2024-01-26 07:30:00,147.1,"[461.1219305552302, 445.1017914261862, 414.51010203887256, 455.48661612742967, 421.43970672378657]",awake,97.1,80.6,0,0
2024-01-26 08:00:00,148.0,"[480.38279885821595, 461.74019608090134, 503.2736312874737, 486.60658710384047, 434.16165945476143]",awake,96.6,87.9,0,0
2024-01-26 08:30:00,130.5,"[458.6017729221119, 379.3243293108206, 441.9469582502244, 422.2236197128748, 450.3073576336751]",awake,98.1,90.3,0,0
2024-01-26 09:00:00,74.2,"[875.3127515032779, 736.3598208628364, 796.211520676584, 782.966346532239, 829.6068885117909]",awake,98.4,16.2,0,0
2024-01-26 09:30:00,59.4,"[711.4280211806063, 759.6158086942701, 739.7332469318961, 744.1732502361235, 813.8339392661388]",awake,98.0,20.8,0,0
2024-01-26 10:00:00,68.9,"[814.0010943396624, 765.9941167411152, 808.5678424907385, 740.9586635342367, 813.0935867753715]",awake,97.9,10.0,0,0
2024-01-26 10:30:00,81.7,"[855.5266110123492, 744.4685951881485, 717.9399528272845, 716.4554758736826, 848.5683822396165]",awake,97.9,39.1,0,0
2024-01-26 11:00:00,63.9,"[770.7539438543951, 774.0690743736959, 865.2920927387461, 821.0506468783224, 837.2430305351529]",awake,98.6,16.1,0,0
2024-01-26 11:30:00,54.3,"[819.1377427564524, 808.7874761402583, 790.9824542942075, 825.153830658577, 850.2052903501345]",awake,98.9,17.5,0,0
2024-01-26 12:00:00,61.4,"[805.6136729528458, 804.2274094694134, 829.1186884670371, 815.4669467482821, 773.4679976052392]",awake,98.4,20.8,0,0
2024-01-26 12:30:00,59.8,"[834.4795019015856, 780.145351736316, 782.8345042155026, 798.3540659268243, 772.7899290607539]",awake,97.4,29.4,0,0
2024-01-26 13:00:00,62.2,"[826.1784886092765, 726.1388403011958, 787.8243152406866, 722.3786808678292, 822.3765764287137]",awake,97.5,28.2,0,0
2024-01-26 13:30:00,75.9,"[710.6198061057065, 811.6545739248714, 816.7444625760497, 834.5418514583552, 796.7603391660653]",awake,98.8,12.9,0,0
2024-01-26 14:00:00,70.0,"[928.4508571846072, 775.8658627110345, 810.9946523169954, 774.4758446606423, 792.4891548555211]",awake,98.5,7.1,0,0
2024-01-26 14:30:00,93.1,"[790.3124090978231, 785.3026067996689, 770.999298300652, 755.4151379580728, 779.6168793737373]",awake,98.5,16.9,0,0
2024-01-26 15:00:00,65.9,"[818.9352054739343, 849.4502171529432, 811.4563588000494, 817.0445312283019, 775.8252942826502]",awake,98.4,22.5,0,0
2024-01-26 15:30:00,87.6,"[768.0019244929545, 859.0870376669517, 828.6654107951193, 855.7383910000287, 750.9413417426385]",awake,98.4,22.0,0,0
2024-01-26 16:00:00,74.9,"[798.6701144949496, 870.8788265212881, 816.6325938267206, 771.1070027083003, 807.3093843629727]",awake,98.5,3.8,0,0
2024-01-26 16:30:00,61.6,"[839.0458433140309, 751.0592419364589, 812.9666135827224, 753.5770403300385, 836.86992445999]",awake,98.3,15.6,0,0
2024-01-26 17:00:00,64.8,"[756.22326795154, 733.4259692505797, 819.4769966722379, 763.7975605138912, 826.3556937776507]",awake,97.5,32.3,0,0
2024-01-26 17:30:00,67.5,"[730.0846105931945, 828.3264800726868, 754.8493509847744, 788.4324721001177, 737.1346925675219]",awake,97.0,4.4,0,0
2024-01-26 18:00:00,78.4,"[779.5520173401388, 766.7945156977551, 820.7540060262886, 862.0608538055808, 808.5897085047827]",awake,97.2,41.8,0,0
2024-01-26 18:30:00,85.4,"[830.3558500110145, 762.0580751893209, 774.37365337731, 824.5487718588247, 725.3591513525591]",awake,97.4,18.2,0,0
2024-01-26 19:00:00,79.9,"[777.8768776073194, 834.4622573077739, 767.5977072665053, 797.4294410061244, 801.7782635943759]",awake,97.1,8.6,0,0
2024-01-26 19:30:00,86.1,"[788.9911942349347, 782.936749034563, 803.1533277424464, 820.0420631085566, 824.5967221528485]",awake,98.1,26.8,0,0
2024-01-26 20:00:00,73.7,"[838.7333684203713, 778.863261071415, 773.7093931075349, 757.8438681829575, 786.5152129486822]",awake,97.3,16.3,0,0
2024-01-26 20:30:00,87.8,"[851.5967284833966, 862.3085460816528, 795.8343440376309, 802.9526749381262, 829.717899762748]",awake,97.8,20.8,0,0
2024-01-26 21:00:00,75.5,"[811.9926229394395, 851.1286782810643, 823.5393660596029, 794.5897619681447, 830.129492449334]",awake,98.0,20.1,0,0
2024-01-26 21:30:00,66.0,"[769.8951066647198, 854.0477896833042, 842.7571388071091, 821.0428615951308, 831.3977091951089]",awake,98.0,29.1,0,0
2024-01-26 22:00:00,68.2,"[935.9408769374053, 1008.4130213737153, 1017.1609172247669, 1011.9073046805825, 981.7528738383758]",light,95.8,3.7,480,450
2024-01-26 22:30:00,61.6,"[1026.0838943414778, 1022.2536954150403, 1035.3365654496326, 1017.9324319266, 1044.8764088002592]",light,95.8,3.3,480,450
2024-01-26 23:00:00,62.7,"[1043.3760619158718, 960.9864433134031, 1010.5416340716715, 1022.3337703771363, 1018.0737804893888]",light,95.7,6.7,480,450
2024-01-26 23:30:00,56.4,"[1008.9390877067079, 930.5010977874518, 964.5115960902776, 905.9874896109617, 1081.1014760244107]",light,95.9,4.0,480,450
2024-01-27 00:00:00,48.4,"[958.2695991074294, 1003.1149063451932, 1052.3191499498564, 997.7029131062371, 981.9457058710406]",deep,96.6,4.6,480,450
2024-01-27 00:30:00,59.1,"[921.350326087212, 958.3379072732215, 1010.8681631243587, 1053.34048717811, 951.0712664208345]",deep,96.4,3.5,480,450
2024-01-27 01:00:00,52.8,"[930.8326504406821, 1046.3884418886428, 961.9702193943373, 946.6142513092415, 963.5213296181473]",deep,95.5,6.8,480,450
2024-01-27 01:30:00,64.0,"[1020.6728706751722, 1048.1721531801916, 967.1647840321777, 995.948138771701, 1007.2062758725494]",deep,95.4,5.9,480,450
2024-01-27 02:00:00,57.1,"[997.9166230330937, 1010.1580771898164, 893.6121251952118, 1006.6865690956301, 1039.6135140074757]",rem,95.2,4.8,480,450
2024-01-27 02:30:00,55.7,"[984.4666159658357, 1004.9816537673962, 1018.7474654720634, 951.9126702376943, 916.947373535096]",rem,95.6,5.0,480,450
2024-01-27 03:00:00,62.6,"[1042.573669923271, 963.0287377309435, 1033.0858161170254, 973.1706890893967, 1061.846868118271]",rem,95.1,5.1,480,450
2024-01-27 03:30:00,51.4,"[928.9173251610845, 1006.0403086459497, 991.7512831526121, 1061.83033001145, 955.0733466464455]",rem,96.1,10.3,480,450
2024-01-27 04:00:00,54.8,"[951.6210999876976, 1022.9372628603401, 1042.8553225437788, 981.3086173363146, 1055.344505334068]",light,97.0,4.9,480,450
2024-01-27 04:30:00,55.5,"[929.0989313938957, 928.2703612153082, 1044.4175272025677, 1024.6281130105729, 983.2904361144056]",light,96.7,7.6,480,450
2024-01-27 05:00:00,48.3,"[991.6899457966208, 990.0775616132062, 996.8194046785046, 994.5576030664438, 932.7166782581561]",light,95.9,3.1,480,450
2024-01-27 05:30:00,60.2,"[976.9098466440428, 1018.2608944569471, 1022.1733419665751, 1047.3797251311275, 1094.8496726912329]",light,95.3,2.5,480,450
2024-01-27 06:00:00,77.0,"[818.9725179653168, 821.0981581264132, 754.3990714556762, 797.0784742074133, 815.8410902582922]",awake,98.1,20.3,0,0
2024-01-27 06:30:00,74.4,"[800.0241502858241, 759.4342206698557, 808.8900052490303, 762.5167269262902, 797.2967714263199]",awake,97.5,23.0,0,0
2024-01-27 07:00:00,66.3,"[845.9315615672365, 806.0324946621588, 791.7525817037539, 811.5078965779585, 782.6575377903318]",awake,97.2,27.2,0,0
2024-01-27 07:30:00,81.6,"[843.6003250336454, 842.1985839845547, 829.0664704874222, 780.9837732724578, 782.1970219227129]",awake,97.9,26.2,0,0
2024-01-27 08:00:00,81.1,"[846.8319234137311, 784.1629379800271, 811.9026450128806, 815.8082152535159, 828.7147909626248]",awake,97.7,11.8,0,0
2024-01-27 08:30:00,80.6,"[758.5979575116819, 792.8484828322157, 706.1538352162622, 809.8269828659056, 790.1133537347467]",awake,98.6,19.0,0,0
2024-01-27 09:00:00,67.3,"[810.7088993467113, 725.8043749178482, 770.2274420915371, 777.8298415957007, 763.9305861701248]",awake,97.1,32.4,0,0
2024-01-27 09:30:00,94.9,"[842.153123739875, 831.0561759008503, 825.8051475050574, 814.0825162512089, 714.0036990124144]",awake,97.6,28.3,0,0
2024-01-27 10:00:00,74.7,"[759.1516683730641, 789.7204670534469, 791.8615302632948, 814.7282040208196, 801.926534940906]",awake,97.2,22.0,0,0
2024-01-27 10:30:00,69.7,"[825.3451430601104, 773.6432906666881, 777.1121601330032, 803.4723062253657, 750.6177037223413]",awake,98.4,23.9,0,0
2024-01-27 11:00:00,73.7,"[820.3126617956797, 811.7056797308279, 841.0807136638864, 813.515812870072, 764.8624673342104]",awake,97.7,16.2,0,0
2024-01-27 11:30:00,73.7,"[885.9450866950128, 798.7435515432217, 819.1544516216868, 752.6537130101982, 868.0317625771719]",awake,99.0,30.4,0,0
2024-01-27 12:00:00,80.4,"[809.9653089658656, 814.640395842709, 760.6859809274006, 817.6314409385841, 832.3827969902463]",awake,97.8,25.2,0,0
2024-01-27 12:30:00,65.1,"[856.762173461146, 735.4798542806928, 707.0753900217743, 807.0945200321178, 745.5560697902895]",awake,97.9,17.4,0,0
2024-01-27 13:00:00,75.9,"[777.2736899484756, 788.0427941575293, 841.3023518044889, 714.8728086643038, 754.0559122692855]",awake,96.6,25.7,0,0
2024-01-27 13:30:00,79.5,"[842.2513608299029, 779.992832664763, 790.2302561670341, 799.7404453008646, 775.234457003465]",awake,98.2,8.2,0,0
2024-01-27 14:00:00,70.6,"[832.4946654873626, 774.0476452262425, 823.0850687463653, 804.8285812446859, 813.0746206969582]",awake,98.1,3.6,0,0
2024-01-27 14:30:00,77.8,"[765.1987852236248, 760.8167599637285, 838.2817710510374, 851.2157625416966, 864.3852332318679]",awake,98.0,10.9,0,0
2024-01-27 15:00:00,61.4,"[879.6896059813163, 793.7365238870632, 757.717189873389, 809.201739361443, 787.4782210838132]",awake,98.0,19.3,0,0
2024-01-27 15:30:00,90.3,"[765.9879928965543, 844.2823592444047, 789.8217645662958, 784.5737320734399, 785.5504925230664]",awake,96.5,0.0,0,0
2024-01-27 16:00:00,75.4,"[849.4998536105513, 807.8358228103494, 793.0244706558619, 831.1948964723886, 755.4154336204258]",awake,97.4,29.4,0,0
2024-01-27 16:30:00,79.3,"[825.8208461387354, 746.6771274308604, 752.4480663756235, 770.1354428534156, 805.4202473441949]",awake,97.6,25.2,0,0
2024-01-27 17:00:00,74.5,"[811.4694260269389, 761.6255549275876, 785.9231991183362, 777.0507516400397, 834.9137753995233]",awake,98.5,12.8,0,0
2024-01-27 17:30:00,82.2,"[776.8875971736903, 862.5925667088907, 796.3493865915556, 825.7101255478566, 802.8100709676622]",awake,98.1,33.3,0,0
2024-01-27 18:00:00,83.3,"[777.6694922932295, 769.7772956562201, 741.6978991373936, 812.6634252910548, 789.1075452956542]",awake,98.8,0.1,0,0
2024-01-27 18:30:00,81.1,"[867.9011423224081, 795.106763797427, 723.32101431718, 712.7808211977406, 867.1868926172116]",awake,97.3,31.9,0,0
2024-01-27 19:00:00,81.8,"[833.9129221945306, 758.2656735081631, 808.7105455697165, 816.7712632194902, 797.1215523081454]",awake,98.6,20.4,0,0
2024-01-27 19:30:00,68.0,"[736.9322657337912, 779.2659135890696, 790.6246696889643, 748.6485990184173, 770.2077840445294]",awake,98.2,16.7,0,0
2024-01-27 20:00:00,76.8,"[828.130412235568, 773.7097356727644, 745.8669089624591, 795.4740400206038, 818.8384275337095]",awake,98.4,27.6,0,0
2024-01-27 20:30:00,60.1,"[798.695682729429, 758.9287552200477, 807.5621227186718, 818.3403178098359, 724.8584787631954]",awake,97.0,20.7,0,0
2024-01-27 21:00:00,69.2,"[807.3535670801496, 833.837410584193, 734.2465045998947, 767.78500160758, 724.8481726845055]",awake,96.5,18.3,0,0
2024-01-27 21:30:00,93.1,"[897.3513771848548, 851.5806396425835, 776.4893544187597, 768.181035301219, 771.7167544395882]",awake,98.2,20.1,0,0
2024-01-27 22:00:00,58.0,"[977.5816280436595, 974.0814379863835, 1029.9840525400955, 984.4776206988524, 1084.8704809182966]",light,95.9,7.0,480,450
2024-01-27 22:30:00,54.8,"[987.0127578078802, 972.091326062267, 1063.7282070925373, 967.2741792931142, 1090.3885919566583]",light,95.3,2.5,480,450
2024-01-27 23:00:00,63.9,"[1006.9915562463868, 1003.7599077227165, 934.0850255823143, 970.482881771053, 1005.493015958737]",light,94.9,4.5,480,450
2024-01-27 23:30:00,64.0,"[1012.710855348362, 966.5405748816626, 935.6619086608533, 1016.1122312148038, 1047.1130125845575]",light,95.7,5.6,480,450
2024-01-28 00:00:00,50.4,"[981.4866063313148, 994.6955293273165, 973.0105530172652, 1038.4126470457873, 928.1156776196881]",deep,96.1,6.8,480,450
2024-01-28 00:30:00,54.5,"[1096.1651645760476, 971.1369663905857, 1063.4316347032354, 1114.3994679547598, 935.4201374103645]",deep,95.3,2.2,480,450
2024-01-28 01:00:00,56.2,"[1029.594933564485, 1004.3235502809101, 954.378271008952, 1006.3794713388436, 972.3379004159318]",deep,96.5,4.1,480,450
2024-01-28 01:30:00,58.4,"[1014.2314687103518, 995.605375659436, 1048.7641211840485, 997.0711832085549, 975.6772511170109]",deep,95.9,2.7,480,450
2024-01-28 02:00:00,57.2,"[1077.261783270633, 1047.398130561728, 942.3573306183068, 1018.3419241550611, 962.3132088516581]",rem,95.9,7.5,480,450
2024-01-28 02:30:00,57.8,"[913.3410615977723, 923.4913435357158, 915.6925755219635, 937.3044077402677, 948.122907878826]",rem,95.0,4.8,480,450
2024-01-28 03:00:00,60.7,"[1108.0838601827545, 977.6993607233186, 1070.7822658174841, 955.9019209626549, 1077.286703085959]",rem,97.2,3.5,480,450
2024-01-28 03:30:00,58.2,"[950.8835746887453, 948.3297533879103, 989.9380132752947, 964.9329688695216, 1022.800843236501]",rem,96.1,6.9,480,450
2024-01-28 04:00:00,66.7,"[1056.4539390454242, 979.0700885068677, 979.9777430123552, 883.6006845456099, 1085.1772485216002]",light,96.0,6.0,480,450
2024-01-28 04:30:00,64.6,"[991.9666522597944, 944.8952672170724, 1022.5878669151782, 963.200441597901, 1061.1556498334596]",light,96.4,4.4,480,450
2024-01-28 05:00:00,56.3,"[1036.3912695923184, 1011.2947059999867, 947.7672702535832, 1018.4501584411984, 1007.5211237840078]",light,96.3,5.9,480,450
2024-01-28 05:30:00,64.1,"[1060.2906660012197, 1096.3260718155493, 1031.0875409508274, 1012.9829936379302, 932.7312742833992]",light,96.1,7.0,480,450
2024-01-28 06:00:00,74.1,"[765.4972440458793, 871.8522663228554, 790.7389034083126, 803.3188877381453, 812.8740799925713]",awake,97.6,26.1,0,0
2024-01-28 06:30:00,75.4,"[792.4105178414919, 856.1084744166296, 761.7837503553443, 841.1050465829667, 789.6615311345377]",awake,97.5,13.9,0,0
2024-01-28 07:00:00,71.7,"[763.6103590444912, 811.959785374016, 829.4009497059292, 778.3840787363391, 848.0226602784913]",awake,98.8,0.0,0,0
2024-01-28 07:30:00,75.0,"[790.8184236422113, 757.0862857431878, 799.8882094090523, 763.0591900301283, 794.0110758463488]",awake,97.7,37.8,0,0
2024-01-28 08:00:00,81.7,"[761.4881357642196, 779.1437877050993, 778.1838877968069, 786.8132723817461, 737.5983203403343]",awake,97.3,19.5,0,0
2024-01-28 08:30:00,84.6,"[867.3432643339062, 760.2883962834494, 777.8795703664871, 779.3001132427131, 819.0867423499452]",awake,98.0,20.7,0,0
2024-01-28 09:00:00,63.0,"[847.4532427550986, 822.3928456970251, 842.7349629690829, 777.4071917581351, 729.6987681248813]",awake,97.8,23.0,0,0
2024-01-28 09:30:00,72.6,"[885.3642799994523, 844.4421955197203, 754.6550940408633, 842.6062878252641, 722.3768674252619]",awake,98.4,25.0,0,0
2024-01-28 10:00:00,77.4,"[836.9572150373992, 811.3951657527824, 763.8785166560109, 781.3638953364955, 801.9984345126323]",awake,98.4,6.5,0,0
2024-01-28 10:30:00,70.4,"[771.1301188532076, 804.6333398207257, 795.5972001685044, 778.0334938769353, 790.317585224973]",awake,97.3,21.8,0,0
2024-01-28 11:00:00,70.3,"[756.869081238242, 811.459314644527, 754.9495239604897, 806.5910961626697, 825.8956251509655]",awake,97.9,31.3,0,0
2024-01-28 11:30:00,86.6,"[835.3898692424041, 766.6727075027595, 805.2595406789934, 838.556121819071, 793.6179441918857]",awake,97.6,30.3,0,0
2024-01-28 12:00:00,73.0,"[838.0579733947088, 809.7574765528897, 822.5892394659671, 778.8960444203951, 750.7854876581204]",awake,97.6,19.4,0,0
2024-01-28 12:30:00,80.1,"[756.8452347191009, 844.184306043448, 789.3048230947484, 832.1171577237202, 783.0052855378406]",awake,98.2,23.2,0,0
2024-01-28 13:00:00,63.8,"[847.937705819232, 789.3697820033026, 757.3907676750425, 776.8120905093576, 805.8320020356765]",awake,97.4,22.4,0,0
2024-01-28 13:30:00,70.2,"[800.6982477425819, 769.4107096964713, 788.6435813139819, 801.9675079229199, 800.7759301250055]",awake,98.1,26.6,0,0
2024-01-28 14:00:00,66.4,"[804.4581606592418, 833.9902345978418, 767.3282257284284, 819.4557332163296, 736.3881576338442]",awake,97.8,24.2,0,0
2024-01-28 14:30:00,74.4,"[791.2474992878422, 811.6201949409239, 820.8439790439876, 789.7012357460873, 751.360676674391]",awake,99.0,28.3,0,0
2024-01-28 15:00:00,77.5,"[761.376022998066, 717.1323331798441, 841.5740155853316, 679.9365246258047, 739.1464779611683]",awake,98.0,37.3,0,0
2024-01-28 15:30:00,59.5,"[835.4290095321157, 775.2718814979656, 821.1715212212998, 859.3119741107093, 803.8179075612547]",awake,97.5,12.4,0,0
2024-01-28 16:00:00,63.4,"[810.9562664610717, 832.7424846322244, 733.0647656895235, 738.7628825604379, 792.1051574553314]",awake,97.8,29.7,0,0
2024-01-28 16:30:00,96.9,"[782.4810472998729, 824.7315920749559, 854.9136634388685, 825.3412012090133, 824.4559753951224]",awake,97.7,23.8,0,0
2024-01-28 17:00:00,79.1,"[784.3774014453121, 777.6440271577309, 854.236170820301, 752.1040414024677, 746.085635580257]",awake,98.9,28.3,0,0
2024-01-28 17:30:00,63.7,"[821.6424616306238, 764.6839692075837, 775.8082791264975, 773.2095440794985, 869.2673949310271]",awake,97.4,8.7,0,0
2024-01-28 18:00:00,68.6,"[808.6991420710459, 682.918352690562, 761.208504772806, 698.1081898215929, 779.4031301215814]",awake,98.0,22.5,0,0
2024-01-28 18:30:00,79.9,"[785.2054783093348, 735.4401381259044, 798.5259818502997, 823.4413055328821, 854.4602102460783]",awake,97.9,11.8,0,0
2024-01-28 19:00:00,72.3,"[815.6671818879239, 808.2967788220196, 779.7009769746808, 779.4816859289172, 739.9476209796138]",awake,97.4,17.1,0,0
2024-01-28 19:30:00,75.5,"[854.037808322321, 828.166781633305, 727.1752101379656, 780.9821458408069, 821.0368156146262]",awake,97.7,16.8,0,0
2024-01-28 20:00:00,89.6,"[798.2599517558965, 813.3773765778403, 757.5541890578259, 786.363864822119, 809.5441116681477]",awake,97.6,20.8,0,0
2024-01-28 20:30:00,83.9,"[805.954513825523, 810.0301151315646, 772.2095245806034, 843.6908581716046, 779.6425126924951]",awake,98.8,11.4,0,0
2024-01-28 21:00:00,72.5,"[744.4052538164232, 838.4272078108908, 782.6029884953386, 876.4025908427143, 768.2281268029868]",awake,99.0,24.5,0,0
2024-01-28 21:30:00,77.7,"[825.1242329356994, 846.7227665063436, 835.0363331047664, 804.7726538780872, 791.8456977177402]",awake,98.0,18.4,0,0
2024-01-28 22:00:00,53.2,"[1013.1449486400325, 1044.159591759347, 985.6228648428931, 1042.5125968351479, 1093.0954157839462]",light,96.1,5.0,480,450
2024-01-28 22:30:00,55.7,"[1030.067432559282, 1009.8713498762763, 1019.3662682646277, 979.5242259405027, 1023.8235133018482]",light,96.0,7.2,480,450
2024-01-28 23:00:00,52.8,"[966.6673395380525, 989.5665676428134, 1048.6545836847156, 1040.2760638796062, 1044.0128651475623]",light,96.7,5.3,480,450
2024-01-28 23:30:00,51.5,"[999.1376650813116, 987.4516014686802, 1017.4867711425117, 1101.855839032483, 1035.9030397693346]",light,96.7,7.7,480,450
2024-01-29 00:00:00,54.9,"[986.7432345730125, 1002.8622484197177, 976.0417240720441, 985.4254663343086, 927.8756541079301]",deep,95.4,3.1,480,450
2024-01-29 00:30:00,59.1,"[934.6707969470551, 1036.9716226036219, 1042.3324497477665, 1063.468766592224, 1005.5930131867475]",deep,96.2,3.6,480,450
2024-01-29 01:00:00,57.9,"[1008.229938538722, 1070.8816723407742, 1020.0609297450258, 1000.4172025964606, 1139.971266606742]",deep,95.8,8.1,480,450
2024-01-29 01:30:00,61.5,"[967.3545488775943, 959.4840594263648, 979.4972380918197, 910.4062176581912, 989.0327240730895]",deep,95.3,4.0,480,450
2024-01-29 02:00:00,60.0,"[1047.1467362033961, 1050.8840624810632, 1003.7370510877847, 993.605611258797, 1091.3072908623292]",rem,96.5,0.2,480,450
2024-01-29 02:30:00,54.1,"[948.9661645268508, 1045.6915547824726, 962.979313341646, 989.451769069585, 1003.4252242872759]",rem,96.2,7.8,480,450
2024-01-29 03:00:00,55.5,"[969.9267980461608, 933.9160888764084, 1011.5075989234172, 956.7951496613258, 1010.7669428827992]",rem,95.4,5.0,480,450
2024-01-29 03:30:00,48.1,"[1013.0964094467603, 1100.64981703915, 1034.8914462753992, 948.0237939791174, 1044.4709142261108]",rem,96.3,1.9,480,450
2024-01-29 04:00:00,57.3,"[1012.2436475440358, 1032.8020354064763, 1081.7963207370267, 1055.3231985342527, 1020.5623996897517]",light,95.7,5.6,480,450
2024-01-29 04:30:00,70.7,"[1003.0470264711729, 931.2439954968389, 1002.3971620351714, 939.5393467250756, 998.310775665457]",light,96.1,6.7,480,450
2024-01-29 05:00:00,58.1,"[1039.2973364216728, 970.1009214046815, 942.9376315393467, 979.5643686132274, 1065.00347233452]",light,96.1,4.7,480,450
2024-01-29 05:30:00,62.5,"[1010.8749258560653, 958.9322105735116, 967.2949402612335, 947.3549739665522, 1058.0315135044277]",light,96.3,9.2,480,450
2024-01-29 06:00:00,78.7,"[765.5407159168366, 785.1717607377301, 829.5446426155914, 840.1032497581064, 819.4064351942941]",awake,97.7,20.8,0,0
2024-01-29 06:30:00,72.3,"[769.4297205123246, 820.2370337217681, 874.8972720153852, 741.9955311236746, 844.408186700922]",awake,98.4,34.2,0,0
2024-01-29 07:00:00,120.3,"[408.14520554429447, 414.1928764193109, 437.9527485106177, 351.5249289365435, 417.867613957503]",awake,97.8,83.4,0,0
2024-01-29 07:30:00,145.5,"[405.5322396323697, 437.7697680245678, 458.0756969437325, 454.3246148345122, 475.3701766414366]",awake,97.7,86.4,0,0
2024-01-29 08:00:00,131.8,"[476.49894618427777, 433.4228495025318, 421.40965790827175, 431.7616893087953, 418.30476763159976]",awake,98.7,78.5,0,0
2024-01-29 08:30:00,139.6,"[485.3022523035834, 436.6562322299266, 412.32388549739755, 386.9973698377989, 423.2357648251749]",awake,97.9,87.8,0,0
2024-01-29 09:00:00,80.9,"[752.4169824831399, 827.1078002517163, 802.7929959045443, 759.467780524372, 801.0497391602977]",awake,98.4,12.8,0,0
2024-01-29 09:30:00,63.9,"[791.4397196200172, 878.9157216851655, 759.8683696591679, 883.9743705799093, 719.5679226328672]",awake,99.0,2.4,0,0
2024-01-29 10:00:00,62.0,"[786.2591479280564, 828.582023292018, 780.1129091853451, 825.7116997503883, 772.8639760224055]",awake,97.2,31.0,0,0
2024-01-29 10:30:00,72.4,"[783.5303768770068, 809.0089113605552, 843.5366482694674, 772.5852239838525, 797.8955336695979]",awake,97.6,12.7,0,0
2024-01-29 11:00:00,73.7,"[787.2282512325236, 799.8450571304654, 803.3389214313406, 792.6322043612141, 885.6337817281602]",awake,97.8,13.8,0,0
2024-01-29 11:30:00,79.9,"[781.3102162590322, 769.7308978182489, 776.1658155011299, 822.9256954654998, 798.352474381492]",awake,97.8,8.0,0,0
2024-01-29 12:00:00,77.1,"[777.0654712428549, 821.8797884731076, 846.7870702747186, 868.1686249934072, 823.6063785322722]",awake,98.4,23.4,0,0
2024-01-29 12:30:00,87.9,"[801.1551208298927, 731.8380367724601, 726.3320028820582, 770.246468468741, 833.2254412799845]",awake,97.1,24.3,0,0
2024-01-29 13:00:00,77.6,"[865.8735831727067, 822.0371129079734, 786.5506473140058, 802.8218514287151, 757.3592086912261]",awake,98.8,35.9,0,0
2024-01-29 13:30:00,75.7,"[796.4925712657279, 683.7297993320223, 804.5216524330657, 828.8118176051908, 815.9896357209783]",awake,97.4,34.8,0,0
2024-01-29 14:00:00,77.7,"[757.827690687527, 730.5171476494783, 805.5636345344634, 863.0782396707351, 841.0142031906003]",awake,98.3,7.4,0,0
2024-01-29 14:30:00,61.7,"[789.1269830329605, 792.273754542418, 856.7918903329069, 859.7868703516602, 846.7830920426396]",awake,97.8,11.1,0,0
2024-01-29 15:00:00,81.9,"[814.0211121283858, 839.1030851602856, 863.898225825341, 798.0839697721508, 705.148050470692]",awake,98.0,25.0,0,0
2024-01-29 15:30:00,74.3,"[761.1114664821457, 771.540796325862, 797.3761382291899, 737.1254891527344, 783.8553810812249]",awake,98.8,12.0,0,0
2024-01-29 16:00:00,66.5,"[825.3658387048902, 741.3828209838503, 835.2250209183254, 797.8995525703402, 805.7201453029794]",awake,98.1,20.7,0,0
2024-01-29 16:30:00,73.0,"[861.9835561096547, 852.6670247905631, 771.2400520626819, 776.4363946824188, 803.048347056415]",awake,97.2,28.4,0,0
2024-01-29 17:00:00,68.7,"[799.825198633514, 764.8717613050903, 752.6555852044775, 773.3970783169912, 868.6381609912421]",awake,98.6,11.3,0,0
2024-01-29 17:30:00,74.5,"[822.8346019226556, 799.9394337118415, 762.4927083726654, 777.2329502518185, 801.281744921175]",awake,98.2,18.4,0,0
2024-01-29 18:00:00,67.2,"[782.5747886265901, 806.6422388657069, 790.0299996252947, 832.1220036615866, 806.4169652289174]",awake,97.9,27.4,0,0
2024-01-29 18:30:00,57.8,"[773.1011314667242, 866.2120970221549, 762.7943834573981, 761.0994178739309, 806.3115679922009]",awake,97.6,28.8,0,0
2024-01-29 19:00:00,73.6,"[830.7212328298322, 883.0529243893027, 813.9836748498252, 815.0328172868944, 762.1958727841338]",awake,97.6,16.5,0,0
2024-01-29 19:30:00,79.4,"[895.6999026348889, 802.7209804970108, 763.5695701316296, 686.8348258900278, 726.7749434819614]",awake,98.8,49.0,0,0
2024-01-29 20:00:00,90.4,"[826.5242116160808, 834.2311447677407, 790.0740192151352, 793.3434619203302, 831.7977361292484]",awake,97.8,32.7,0,0
2024-01-29 20:30:00,70.2,"[791.4283647075082, 767.9526382184496, 748.2006255918918, 816.7072285284847, 835.3238941648541]",awake,98.4,36.4,0,0
2024-01-29 21:00:00,74.4,"[751.1114997448235, 812.9845739983137, 789.4552642088416, 824.9164752432025, 821.8442613661032]",awake,98.0,25.5,0,0
2024-01-29 21:30:00,89.1,"[793.3653432194579, 740.7732715739996, 807.4408632310126, 861.3378079530669, 859.1351189492049]",awake,98.4,14.6,0,0
2024-01-29 22:00:00,63.1,"[960.341395391084, 958.7556704500618, 1018.5278166682237, 1001.7428157412489, 950.3033662978552]",light,96.4,4.0,480,450
2024-01-29 22:30:00,55.8,"[1000.704793515571, 1122.1348164052565, 1079.249789731533, 1002.871793192386, 1073.6074287852452]",light,96.5,9.0,480,450
2024-01-29 23:00:00,68.3,"[1058.2626655859065, 921.6752540330544, 1095.4357036930703, 1074.3310644965175, 971.078371840385]",light,96.4,3.7,480,450
2024-01-29 23:30:00,49.4,"[994.665784075864, 952.7809321206897, 950.0000522876444, 1046.7694699299946, 1100.1485525858998]",light,95.7,4.1,480,450
2024-01-30 00:00:00,67.5,"[985.6159027866418, 1073.188755958175, 966.9948310902621, 997.9274952525999, 990.5983040815177]",deep,95.3,6.3,480,450
2024-01-30 00:30:00,60.3,"[1109.347875980062, 998.5143079726294, 1064.7781035466203, 1059.9598934629712, 998.3248148567229]",deep,95.5,3.7,480,450
2024-01-30 01:00:00,55.0,"[1015.8791534255571, 1039.3115107162707, 922.4994210927954, 962.1983515900774, 1047.1207976511917]",deep,96.3,7.4,480,450
2024-01-30 01:30:00,60.0,"[1057.8549182468385, 1096.378922192379, 982.871912182219, 1052.3204380166214, 1022.9650235995477]",deep,95.5,0.9,480,450
2024-01-30 02:00:00,63.6,"[959.097552723205, 1053.3979485349723, 1019.9758200654459, 1053.3330238873803, 987.9485565091418]",rem,96.6,4.9,480,450
2024-01-30 02:30:00,63.9,"[976.1913509612729, 1024.1783876362001, 1029.8326598798033, 1067.4103054432107, 1089.7533157013497]",rem,95.6,6.6,480,450
2024-01-30 03:00:00,57.0,"[967.5210745506484, 957.9756562502816, 923.5239553366241, 1058.2795501792202, 991.4644862560691]",rem,96.5,6.8,480,450
2024-01-30 03:30:00,49.5,"[979.2952498529922, 978.0703591040839, 1031.2167512356732, 996.5952789425672, 953.2458555517012]",rem,96.5,2.2,480,450
2024-01-30 04:00:00,60.7,"[1001.6277814320447, 988.2347414397126, 916.0845581552499, 926.7044929173601, 1003.8990622860957]",light,95.9,4.6,480,450
2024-01-30 04:30:00,52.8,"[1000.8267127394274, 979.9238517690137, 909.1678103303548, 1090.905661701836, 1036.0052344831795]",light,95.7,7.0,480,450
2024-01-30 05:00:00,58.6,"[1054.7751933246275, 1089.2766766449192, 988.0019982804487, 1043.0465887522635, 996.3293751637244]",light,95.9,1.0,480,450
2024-01-30 05:30:00,58.7,"[1006.5953814845218, 1073.500337550482, 1119.055762745681, 992.2759640880054, 972.4237140750778]",light,96.3,4.3,480,450
2024-01-30 06:00:00,61.8,"[790.4871966761884, 788.7660123372284, 768.9697954107278, 875.4327119077868, 774.021363064056]",awake,97.8,15.6,0,0
2024-01-30 06:30:00,76.9,"[791.0032332583363, 892.9651517079612, 849.1955597139407, 812.6180970074572, 804.4354557201467]",awake,97.4,7.7,0,0
2024-01-30 07:00:00,138.6,"[417.8092028317366, 403.2117049900072, 465.17470664228694, 449.46759965394153, 447.45612133902955]",awake,97.6,81.4,0,0
2024-01-30 07:30:00,143.9,"[444.985430203954, 446.3525923865524, 484.8753432322342, 383.4207248607207, 426.736809544686]",awake,98.4,85.8,0,0
2024-01-30 08:00:00,131.5,"[432.93082153891936, 456.1703142331745, 424.4886004959491, 402.14626048382263, 419.5624789354042]",awake,97.3,88.3,0,0
2024-01-30 08:30:00,146.5,"[466.72002956054513, 445.87780360271483, 384.8910551685417, 470.339985417356, 480.2087769028811]",awake,97.1,81.3,0,0
2024-01-30 09:00:00,77.9,"[813.9267676418593, 820.6676669586352, 804.562848486581, 800.7033569235334, 741.1062499040746]",awake,98.3,40.6,0,0
2024-01-30 09:30:00,68.4,"[795.4008794726187, 793.876907757628, 823.5993947050672, 773.2464735098915, 817.678550840518]",awake,97.6,13.2,0,0
2024-01-30 10:00:00,76.1,"[732.2622997211429, 853.4734254625021, 823.7859998818395, 815.4058009410926, 832.3980168004604]",awake,97.8,26.4,0,0
2024-01-30 10:30:00,71.9,"[827.8678467717831, 768.9960478755194, 811.5002316566479, 735.0981743292401, 820.8324401061134]",awake,97.9,22.2,0,0
2024-01-30 11:00:00,70.2,"[782.8738373419529, 830.0845142466167, 778.6175368399985, 853.1544926870865, 818.298605478503]",awake,98.1,14.1,0,0
2024-01-30 11:30:00,81.8,"[826.7048157427712, 802.0888276606311, 746.3661294142086, 746.5229981554724, 769.8132298695651]",awake,97.5,30.3,0,0
2024-01-30 12:00:00,77.2,"[783.6180409801736, 773.9186797596499, 778.6786741939991, 807.5526251376535, 807.8148213685494]",awake,98.6,12.0,0,0
2024-01-30 12:30:00,67.5,"[784.0760437277921, 785.4627581416365, 846.7450669406678, 826.1213463812231, 844.6839941935193]",awake,97.5,28.2,0,0
2024-01-30 13:00:00,68.3,"[834.3975784298741, 742.2821597477698, 795.5501298758961, 848.6633549823553, 787.2801357149143]",awake,97.6,20.6,0,0
2024-01-30 13:30:00,76.4,"[799.1479589183818, 849.2963371872369, 818.3408002963585, 742.4151023874351, 815.9099219276362]",awake,97.9,26.8,0,0
2024-01-30 14:00:00,72.0,"[809.4956409256889, 804.5726558286722, 731.9078811633536, 751.3400416531838, 829.8067578989605]",awake,98.8,12.4,0,0
2024-01-30 14:30:00,63.2,"[762.1226033867669, 795.4183003636215, 828.0010154279278, 764.0843694876744, 801.1508344400457]",awake,97.9,0.0,0,0
2024-01-30 15:00:00,79.3,"[823.994703091169, 835.6753032584633, 832.0191395964086, 780.5304263196683, 847.5307964048797]",awake,98.1,2.6,0,0
2024-01-30 15:30:00,71.8,"[838.4163251155417, 818.6644334094199, 750.108678155274, 781.0122568002078, 835.9388179696668]",awake,98.2,27.1,0,0
2024-01-30 16:00:00,69.6,"[862.6559500906133, 773.2765156108404, 856.8354902252607, 821.4004922680122, 790.3777905636191]",awake,98.1,23.9,0,0
2024-01-30 16:30:00,64.1,"[775.5382628573235, 767.3181976046078, 745.3707834933275, 835.1439384283113, 858.7536519850466]",awake,97.6,16.6,0,0
2024-01-30 17:00:00,70.0,"[846.3250109383547, 818.6117694691443, 837.6020729694739, 902.8553611531802, 803.201291671311]",awake,97.8,25.6,0,0
2024-01-30 17:30:00,82.8,"[812.9382822894798, 834.0588687407513, 780.9254586181171, 763.4323156032495, 770.6740739494385]",awake,97.2,35.1,0,0
2024-01-30 18:00:00,81.4,"[840.8829884153785, 852.8944000115246, 733.588809831765, 783.2175411143428, 760.8197141405905]",awake,97.7,19.0,0,0
2024-01-30 18:30:00,86.8,"[763.3329175492925, 764.927354790739, 831.876356596302, 846.9912519141324, 788.6775443323293]",awake,97.4,15.6,0,0
2024-01-30 19:00:00,78.0,"[798.5394399352186, 795.5042136200077, 825.1163854760576, 780.8630087140358, 830.618375468553]",awake,97.7,25.5,0,0
2024-01-30 19:30:00,70.6,"[785.0598147905648, 915.490497078086, 844.68032109315, 780.6029785976052, 763.0644049698972]",awake,97.3,5.7,0,0
2024-01-30 20:00:00,72.7,"[792.5612322984156, 786.6877934069646, 736.6673715623247, 873.5140415625539, 773.9924600827898]",awake,97.8,20.2,0,0
2024-01-30 20:30:00,69.8,"[783.8627562875425, 842.8760455116263, 761.5755616382068, 803.2346778598163, 796.8863045431875]",awake,98.1,16.9,0,0
2024-01-30 21:00:00,78.2,"[823.7319837509824, 820.8674670135287, 765.086280059422, 825.7720253273353, 767.2512528940644]",awake,98.0,27.8,0,0
2024-01-30 21:30:00,79.5,"[798.7891951683671, 750.1326938648681, 810.3924648122099, 821.1569542341632, 802.6218512939154]",awake,98.6,27.7,0,0
2024-01-30 22:00:00,63.0,"[963.461369220423, 986.3202412756785, 934.3789027874398, 986.3354964809824, 1061.3049861756533]",light,95.9,6.2,480,450
2024-01-30 22:30:00,62.8,"[1087.779297737999, 899.7955948571654, 1026.1907768911772, 981.4017423766531, 1099.4938873909555]",light,95.9,6.4,480,450
2024-01-30 23:00:00,61.3,"[1046.5943836041133, 991.540753367025, 983.2329738097021, 974.6470902804922, 1039.1771023785275]",light,95.7,5.8,480,450
2024-01-30 23:30:00,58.0,"[924.6529103653622, 967.0732718401763, 1039.1041256272854, 979.0006785573039, 1029.093998248154]",light,95.9,1.8,480,450
