timestamp,heart_rate,rr_intervals,sleep_stage,spo2,activity_level,time_in_bed_min,total_sleep_min
2023-12-01 00:00:00,61.0,"[np.float64(1002.8), np.float64(989.8), np.float64(1096.9), np.float64(1046.2), np.float64(987.6)]",deep,96.3,6.4,480,450
2023-12-01 00:30:00,55.2,"[np.float64(1008.6), np.float64(1064.2), np.float64(1063.8), np.float64(1068.4), np.float64(997.4)]",deep,97.0,2.9,480,450
2023-12-01 01:00:00,57.8,"[np.float64(995.0), np.float64(1016.6), np.float64(946.1), np.float64(1002.1), np.float64(943.6)]",deep,96.3,1.5,480,450
2023-12-01 01:30:00,63.4,"[np.float64(1162.8), np.float64(935.4), np.float64(1054.6), np.float64(1017.6), np.float64(962.7)]",deep,96.2,6.9,480,450
2023-12-01 02:00:00,53.7,"[np.float64(1040.2), np.float64(975.0), np.float64(959.5), np.float64(1012.5), np.float64(1004.7)]",rem,96.8,5.1,480,450
2023-12-01 02:30:00,50.8,"[np.float64(976.3), np.float64(991.3), np.float64(1032.2), np.float64(1051.9), np.float64(1054.2)]",rem,96.2,5.3,480,450
2023-12-01 03:00:00,54.3,"[np.float64(945.7), np.float64(1041.8), np.float64(1002.1), np.float64(1095.5), np.float64(1042.0)]",rem,96.0,6.0,480,450
2023-12-01 03:30:00,60.6,"[np.float64(1016.4), np.float64(1001.7), np.float64(923.2), np.float64(962.7), np.float64(988.3)]",rem,96.2,4.2,480,450
2023-12-01 04:00:00,66.3,"[np.float64(948.0), np.float64(1053.9), np.float64(1048.9), np.float64(1005.9), np.float64(1028.5)]",light,96.3,2.4,480,450
2023-12-01 04:30:00,56.8,"[np.float64(987.5), np.float64(958.7), np.float64(1021.9), np.float64(1053.2), np.float64(1137.6)]",light,96.3,4.0,480,450
2023-12-01 05:00:00,54.4,"[np.float64(977.4), np.float64(999.9), np.float64(1051.5), np.float64(1005.4), np.float64(1027.8)]",light,96.3,1.8,480,450
2023-12-01 05:30:00,62.5,"[np.float64(1006.6), np.float64(1010.5), np.float64(886.7), np.float64(996.8), np.float64(945.3)]",light,95.4,7.7,480,450
2023-12-01 06:00:00,66.1,"[np.float64(854.8), np.float64(857.0), np.float64(848.1), np.float64(853.3), np.float64(768.6)]",awake,98.7,12.8,0,0
2023-12-01 06:30:00,84.9,"[np.float64(811.2), np.float64(807.1), np.float64(749.8), np.float64(768.5), np.float64(826.1)]",awake,97.6,8.9,0,0
2023-12-01 07:00:00,117.2,"[np.float64(427.7), np.float64(419.5), np.float64(424.5), np.float64(452.5), np.float64(426.1)]",awake,97.8,79.1,0,0
2023-12-01 07:30:00,135.4,"[np.float64(399.3), np.float64(438.5), np.float64(482.8), np.float64(453.6), np.float64(396.3)]",awake,97.7,86.9,0,0
2023-12-01 08:00:00,155.6,"[np.float64(424.4), np.float64(426.3), np.float64(435.6), np.float64(474.3), np.float64(482.2)]",awake,98.6,84.4,0,0
2023-12-01 08:30:00,147.2,"[np.float64(420.4), np.float64(483.6), np.float64(366.5), np.float64(441.8), np.float64(486.7)]",awake,97.8,80.0,0,0
2023-12-01 09:00:00,69.1,"[np.float64(814.9), np.float64(798.4), np.float64(800.7), np.float64(800.2), np.float64(834.1)]",awake,97.1,12.8,0,0
2023-12-01 09:30:00,84.3,"[np.float64(785.7), np.float64(806.4), np.float64(766.2), np.float64(840.2), np.float64(858.9)]",awake,98.2,12.8,0,0
2023-12-01 10:00:00,80.2,"[np.float64(856.8), np.float64(795.3), np.float64(822.0), np.float64(774.4), np.float64(822.8)]",awake,97.3,35.2,0,0
2023-12-01 10:30:00,68.2,"[np.float64(812.8), np.float64(744.6), np.float64(789.4), np.float64(867.7), np.float64(725.0)]",awake,97.5,23.9,0,0
2023-12-01 11:00:00,74.5,"[np.float64(787.9), np.float64(817.4), np.float64(844.1), np.float64(720.3), np.float64(839.0)]",awake,98.4,0.0,0,0
2023-12-01 11:30:00,83.3,"[np.float64(801.2), np.float64(787.7), np.float64(817.5), np.float64(819.3), np.float64(793.6)]",awake,96.8,28.6,0,0
2023-12-01 12:00:00,86.9,"[np.float64(832.8), np.float64(848.1), np.float64(699.6), np.float64(839.4), np.float64(792.5)]",awake,97.6,13.9,0,0
2023-12-01 12:30:00,84.5,"[np.float64(773.8), np.float64(735.2), np.float64(748.6), np.float64(805.7), np.float64(824.0)]",awake,97.8,17.8,0,0
2023-12-01 13:00:00,74.2,"[np.float64(801.3), np.float64(793.5), np.float64(868.2), np.float64(811.5), np.float64(821.6)]",awake,97.8,10.1,0,0
2023-12-01 13:30:00,74.7,"[np.float64(851.0), np.float64(780.8), np.float64(789.4), np.float64(835.3), np.float64(722.1)]",awake,98.4,1.5,0,0
2023-12-01 14:00:00,81.1,"[np.float64(824.1), np.float64(744.2), np.float64(835.7), np.float64(809.8), np.float64(771.1)]",awake,97.0,19.8,0,0
2023-12-01 14:30:00,70.5,"[np.float64(781.8), np.float64(737.3), np.float64(756.7), np.float64(756.9), np.float64(777.7)]",awake,97.3,15.8,0,0
2023-12-01 15:00:00,71.4,"[np.float64(815.5), np.float64(756.2), np.float64(739.0), np.float64(854.8), np.float64(801.3)]",awake,97.3,17.0,0,0
2023-12-01 15:30:00,77.4,"[np.float64(864.0), np.float64(814.2), np.float64(851.7), np.float64(799.4), np.float64(826.8)]",awake,97.6,0.4,0,0
2023-12-01 16:00:00,68.4,"[np.float64(792.3), np.float64(807.5), np.float64(842.1), np.float64(843.6), np.float64(814.6)]",awake,98.0,12.5,0,0
2023-12-01 16:30:00,69.2,"[np.float64(810.2), np.float64(799.2), np.float64(801.4), np.float64(854.4), np.float64(842.8)]",awake,98.3,15.7,0,0
2023-12-01 17:00:00,88.9,"[np.float64(849.4), np.float64(826.5), np.float64(748.9), np.float64(746.6), np.float64(785.9)]",awake,97.7,32.8,0,0
2023-12-01 17:30:00,68.2,"[np.float64(740.6), np.float64(784.3), np.float64(820.3), np.float64(831.3), np.float64(821.2)]",awake,97.7,31.3,0,0
2023-12-01 18:00:00,77.3,"[np.float64(838.3), np.float64(752.3), np.float64(744.3), np.float64(841.8), np.float64(771.7)]",awake,97.9,20.1,0,0
2023-12-01 18:30:00,82.2,"[np.float64(791.2), np.float64(887.5), np.float64(887.3), np.float64(801.6), np.float64(818.2)]",awake,97.8,10.9,0,0
2023-12-01 19:00:00,77.4,"[np.float64(823.1), np.float64(792.2), np.float64(799.8), np.float64(772.1), np.float64(840.5)]",awake,98.4,15.0,0,0
2023-12-01 19:30:00,70.1,"[np.float64(873.4), np.float64(756.4), np.float64(815.2), np.float64(762.0), np.float64(772.0)]",awake,98.0,12.7,0,0
2023-12-01 20:00:00,85.5,"[np.float64(782.4), np.float64(809.3), np.float64(797.7), np.float64(796.2), np.float64(783.1)]",awake,97.9,27.3,0,0
2023-12-01 20:30:00,72.7,"[np.float64(825.8), np.float64(814.1), np.float64(831.2), np.float64(808.2), np.float64(809.2)]",awake,98.3,16.6,0,0
2023-12-01 21:00:00,70.5,"[np.float64(746.6), np.float64(814.3), np.float64(859.8), np.float64(803.1), np.float64(775.4)]",awake,98.5,16.9,0,0
2023-12-01 21:30:00,74.3,"[np.float64(795.7), np.float64(737.7), np.float64(840.2), np.float64(788.9), np.float64(722.0)]",awake,97.2,20.8,0,0
2023-12-01 22:00:00,64.7,"[np.float64(1007.6), np.float64(1017.7), np.float64(1047.0), np.float64(1028.2), np.float64(1052.8)]",light,95.6,6.0,480,450
2023-12-01 22:30:00,58.8,"[np.float64(1009.5), np.float64(998.3), np.float64(1003.6), np.float64(1038.1), np.float64(1044.3)]",light,95.2,6.1,480,450
2023-12-01 23:00:00,63.2,"[np.float64(978.4), np.float64(1056.9), np.float64(970.3), np.float64(1023.5), np.float64(1006.8)]",light,95.4,2.7,480,450
2023-12-01 23:30:00,59.8,"[np.float64(958.7), np.float64(996.3), np.float64(996.1), np.float64(982.6), np.float64(989.0)]",light,96.2,3.7,480,450
2023-12-02 00:00:00,63.5,"[np.float64(969.0), np.float64(1019.9), np.float64(1076.6), np.float64(1013.4), np.float64(999.9)]",deep,95.5,4.5,480,450
2023-12-02 00:30:00,59.8,"[np.float64(1044.6), np.float64(1058.3), np.float64(988.1), np.float64(950.4), np.float64(1036.6)]",deep,95.9,5.9,480,450
2023-12-02 01:00:00,67.6,"[np.float64(1082.5), np.float64(944.5), np.float64(931.9), np.float64(859.6), np.float64(999.9)]",deep,96.7,7.9,480,450
2023-12-02 01:30:00,58.9,"[np.float64(1084.2), np.float64(936.2), np.float64(939.7), np.float64(953.6), np.float64(958.6)]",deep,96.5,5.9,480,450
2023-12-02 02:00:00,45.1,"[np.float64(894.7), np.float64(933.1), np.float64(1007.2), np.float64(953.8), np.float64(980.2)]",rem,96.2,7.5,480,450
2023-12-02 02:30:00,63.3,"[np.float64(984.0), np.float64(1006.9), np.float64(980.7), np.float64(1014.9), np.float64(987.4)]",rem,95.5,4.0,480,450
2023-12-02 03:00:00,68.3,"[np.float64(968.0), np.float64(1035.6), np.float64(981.6), np.float64(1024.6), np.float64(1018.4)]",rem,95.9,4.2,480,450
2023-12-02 03:30:00,68.1,"[np.float64(1052.8), np.float64(1009.0), np.float64(987.0), np.float64(909.3), np.float64(1022.2)]",rem,95.0,5.7,480,450
2023-12-02 04:00:00,59.1,"[np.float64(1048.7), np.float64(996.1), np.float64(990.1), np.float64(983.2), np.float64(1054.6)]",light,97.3,6.0,480,450
2023-12-02 04:30:00,59.9,"[np.float64(1052.4), np.float64(997.4), np.float64(972.2), np.float64(1065.9), np.float64(1033.1)]",light,96.1,7.3,480,450
2023-12-02 05:00:00,61.4,"[np.float64(965.8), np.float64(1008.2), np.float64(962.8), np.float64(917.8), np.float64(988.7)]",light,95.2,2.2,480,450
2023-12-02 05:30:00,58.2,"[np.float64(917.5), np.float64(1038.2), np.float64(946.6), np.float64(1052.8), np.float64(952.7)]",light,96.0,2.4,480,450
2023-12-02 06:00:00,83.6,"[np.float64(800.7), np.float64(800.6), np.float64(759.7), np.float64(816.6), np.float64(839.6)]",awake,98.5,8.6,0,0
2023-12-02 06:30:00,75.3,"[np.float64(791.8), np.float64(766.2), np.float64(788.7), np.float64(833.7), np.float64(764.6)]",awake,97.6,17.5,0,0
2023-12-02 07:00:00,79.5,"[np.float64(797.1), np.float64(821.1), np.float64(808.4), np.float64(825.1), np.float64(831.6)]",awake,97.0,23.1,0,0
2023-12-02 07:30:00,74.4,"[np.float64(777.3), np.float64(789.4), np.float64(792.6), np.float64(735.6), np.float64(823.0)]",awake,98.0,23.7,0,0
2023-12-02 08:00:00,80.3,"[np.float64(829.8), np.float64(758.0), np.float64(772.6), np.float64(828.5), np.float64(811.3)]",awake,97.3,19.6,0,0
2023-12-02 08:30:00,69.9,"[np.float64(837.6), np.float64(811.1), np.float64(852.1), np.float64(843.5), np.float64(792.6)]",awake,98.4,15.7,0,0
2023-12-02 09:00:00,77.2,"[np.float64(803.0), np.float64(777.9), np.float64(791.7), np.float64(855.6), np.float64(809.1)]",awake,98.0,17.8,0,0
2023-12-02 09:30:00,81.2,"[np.float64(762.1), np.float64(680.9), np.float64(802.7), np.float64(719.0), np.float64(783.8)]",awake,98.2,18.1,0,0
2023-12-02 10:00:00,75.2,"[np.float64(802.9), np.float64(806.0), np.float64(779.6), np.float64(824.2), np.float64(772.3)]",awake,98.6,19.7,0,0
2023-12-02 10:30:00,74.8,"[np.float64(758.0), np.float64(803.0), np.float64(861.5), np.float64(802.4), np.float64(725.4)]",awake,98.5,25.4,0,0
2023-12-02 11:00:00,67.6,"[np.float64(769.9), np.float64(765.7), np.float64(810.3), np.float64(816.8), np.float64(783.3)]",awake,97.3,4.2,0,0
2023-12-02 11:30:00,70.1,"[np.float64(774.7), np.float64(781.2), np.float64(800.1), np.float64(841.5), np.float64(779.3)]",awake,97.9,19.3,0,0
2023-12-02 12:00:00,72.4,"[np.float64(818.7), np.float64(793.0), np.float64(836.6), np.float64(811.2), np.float64(803.0)]",awake,97.9,16.1,0,0
2023-12-02 12:30:00,69.9,"[np.float64(806.7), np.float64(778.0), np.float64(777.5), np.float64(822.8), np.float64(837.8)]",awake,98.2,37.2,0,0
2023-12-02 13:00:00,69.4,"[np.float64(834.4), np.float64(783.5), np.float64(800.4), np.float64(748.5), np.float64(800.5)]",awake,98.5,20.7,0,0
2023-12-02 13:30:00,60.2,"[np.float64(775.4), np.float64(829.5), np.float64(831.0), np.float64(761.4), np.float64(768.2)]",awake,97.8,25.6,0,0
2023-12-02 14:00:00,74.6,"[np.float64(836.9), np.float64(752.1), np.float64(725.5), np.float64(745.1), np.float64(801.9)]",awake,97.8,23.7,0,0
2023-12-02 14:30:00,70.4,"[np.float64(850.6), np.float64(772.6), np.float64(840.4), np.float64(759.6), np.float64(772.9)]",awake,99.0,17.4,0,0
2023-12-02 15:00:00,83.7,"[np.float64(813.3), np.float64(885.3), np.float64(799.1), np.float64(826.6), np.float64(805.4)]",awake,98.4,9.1,0,0
2023-12-02 15:30:00,82.2,"[np.float64(747.8), np.float64(831.2), np.float64(821.0), np.float64(813.9), np.float64(805.8)]",awake,98.1,0.5,0,0
2023-12-02 16:00:00,87.1,"[np.float64(793.7), np.float64(849.1), np.float64(812.3), np.float64(826.7), np.float64(794.9)]",awake,98.2,12.5,0,0
2023-12-02 16:30:00,99.0,"[np.float64(822.9), np.float64(770.2), np.float64(785.7), np.float64(784.1), np.float64(766.2)]",awake,97.8,10.8,0,0
2023-12-02 17:00:00,75.7,"[np.float64(818.0), np.float64(773.5), np.float64(728.0), np.float64(805.0), np.float64(842.6)]",awake,98.7,17.9,0,0
2023-12-02 17:30:00,76.1,"[np.float64(845.6), np.float64(829.1), np.float64(828.9), np.float64(809.9), np.float64(794.8)]",awake,98.3,23.2,0,0
2023-12-02 18:00:00,80.4,"[np.float64(775.6), np.float64(878.5), np.float64(856.4), np.float64(811.7), np.float64(843.4)]",awake,96.8,10.7,0,0
2023-12-02 18:30:00,76.2,"[np.float64(757.6), np.float64(730.8), np.float64(836.5), np.float64(850.0), np.float64(852.9)]",awake,97.9,35.9,0,0
2023-12-02 19:00:00,74.9,"[np.float64(839.8), np.float64(866.0), np.float64(833.6), np.float64(809.5), np.float64(757.4)]",awake,98.5,6.5,0,0
2023-12-02 19:30:00,85.9,"[np.float64(788.8), np.float64(772.2), np.float64(729.6), np.float64(891.5), np.float64(769.3)]",awake,98.4,12.3,0,0
2023-12-02 20:00:00,73.9,"[np.float64(779.7), np.float64(743.5), np.float64(800.8), np.float64(731.2), np.float64(816.1)]",awake,98.5,9.5,0,0
2023-12-02 20:30:00,78.3,"[np.float64(806.3), np.float64(763.4), np.float64(823.4), np.float64(856.4), np.float64(837.9)]",awake,98.0,44.9,0,0
2023-12-02 21:00:00,71.2,"[np.float64(754.5), np.float64(773.4), np.float64(811.3), np.float64(885.4), np.float64(835.2)]",awake,98.2,15.6,0,0
2023-12-02 21:30:00,58.6,"[np.float64(758.4), np.float64(689.8), np.float64(771.1), np.float64(767.7), np.float64(829.2)]",awake,98.6,0.0,0,0
2023-12-02 22:00:00,56.4,"[np.float64(989.8), np.float64(1005.7), np.float64(992.0), np.float64(949.8), np.float64(954.4)]",light,95.5,4.6,480,450
2023-12-02 22:30:00,61.1,"[np.float64(975.4), np.float64(1015.8), np.float64(944.8), np.float64(997.0), np.float64(1035.8)]",light,95.8,6.9,480,450
2023-12-02 23:00:00,56.1,"[np.float64(1004.9), np.float64(974.5), np.float64(968.7), np.float64(1013.6), np.float64(1091.1)]",light,96.5,2.9,480,450
2023-12-02 23:30:00,66.1,"[np.float64(1090.3), np.float64(1027.2), np.float64(1000.7), np.float64(1113.1), np.float64(985.2)]",light,96.0,6.7,480,450
2023-12-03 00:00:00,64.4,"[np.float64(1054.3), np.float64(1010.5), np.float64(954.0), np.float64(972.7), np.float64(1088.0)]",deep,97.1,8.7,480,450
2023-12-03 00:30:00,52.9,"[np.float64(1059.8), np.float64(994.4), np.float64(1112.5), np.float64(1083.9), np.float64(1009.4)]",deep,95.6,5.2,480,450
2023-12-03 01:00:00,64.0,"[np.float64(951.9), np.float64(1050.5), np.float64(1010.0), np.float64(959.5), np.float64(1067.1)]",deep,96.1,6.8,480,450
2023-12-03 01:30:00,59.3,"[np.float64(934.0), np.float64(957.0), np.float64(1068.3), np.float64(1011.5), np.float64(965.7)]",deep,95.8,5.3,480,450
2023-12-03 02:00:00,55.3,"[np.float64(1010.7), np.float64(1015.7), np.float64(995.8), np.float64(975.2), np.float64(942.8)]",rem,96.8,4.5,480,450
2023-12-03 02:30:00,62.2,"[np.float64(988.4), np.float64(979.4), np.float64(1029.6), np.float64(975.5), np.float64(923.3)]",rem,96.0,8.2,480,450
2023-12-03 03:00:00,64.6,"[np.float64(1039.3), np.float64(1104.6), np.float64(907.4), np.float64(1027.6), np.float64(938.6)]",rem,96.0,5.7,480,450
2023-12-03 03:30:00,63.8,"[np.float64(979.7), np.float64(973.7), np.float64(1073.8), np.float64(1012.2), np.float64(1047.2)]",rem,95.7,4.9,480,450
2023-12-03 04:00:00,65.9,"[np.float64(1069.2), np.float64(1145.5), np.float64(1007.3), np.float64(1002.8), np.float64(1013.8)]",light,95.7,3.7,480,450
2023-12-03 04:30:00,60.1,"[np.float64(991.2), np.float64(953.7), np.float64(966.8), np.float64(903.3), np.float64(974.5)]",light,96.2,5.0,480,450
2023-12-03 05:00:00,62.0,"[np.float64(979.3), np.float64(997.2), np.float64(996.6), np.float64(877.8), np.float64(989.5)]",light,96.4,3.8,480,450
2023-12-03 05:30:00,61.1,"[np.float64(992.5), np.float64(969.1), np.float64(1042.9), np.float64(1099.2), np.float64(1133.4)]",light,96.2,4.2,480,450
2023-12-03 06:00:00,76.6,"[np.float64(799.6), np.float64(814.7), np.float64(782.5), np.float64(789.0), np.float64(786.2)]",awake,97.8,12.9,0,0
2023-12-03 06:30:00,67.6,"[np.float64(765.2), np.float64(810.6), np.float64(864.5), np.float64(842.5), np.float64(783.3)]",awake,98.3,12.8,0,0
2023-12-03 07:00:00,84.8,"[np.float64(782.5), np.float64(783.5), np.float64(818.3), np.float64(751.2), np.float64(746.3)]",awake,97.8,27.6,0,0
2023-12-03 07:30:00,68.4,"[np.float64(819.4), np.float64(812.2), np.float64(812.4), np.float64(806.1), np.float64(812.8)]",awake,98.0,28.3,0,0
2023-12-03 08:00:00,64.1,"[np.float64(747.7), np.float64(798.7), np.float64(781.8), np.float64(758.1), np.float64(772.0)]",awake,98.1,12.9,0,0
2023-12-03 08:30:00,88.7,"[np.float64(785.2), np.float64(797.5), np.float64(758.3), np.float64(762.3), np.float64(810.8)]",awake,98.5,16.5,0,0
2023-12-03 09:00:00,80.4,"[np.float64(767.7), np.float64(753.7), np.float64(750.4), np.float64(783.2), np.float64(814.0)]",awake,97.8,30.9,0,0
2023-12-03 09:30:00,78.5,"[np.float64(704.8), np.float64(785.4), np.float64(826.5), np.float64(806.1), np.float64(743.0)]",awake,98.4,30.9,0,0
2023-12-03 10:00:00,81.3,"[np.float64(816.7), np.float64(870.8), np.float64(759.0), np.float64(747.7), np.float64(759.3)]",awake,97.5,19.6,0,0
2023-12-03 10:30:00,87.3,"[np.float64(837.8), np.float64(856.2), np.float64(792.8), np.float64(810.3), np.float64(807.0)]",awake,98.0,12.5,0,0
2023-12-03 11:00:00,74.6,"[np.float64(803.7), np.float64(796.1), np.float64(871.9), np.float64(767.4), np.float64(761.9)]",awake,98.0,6.0,0,0
2023-12-03 11:30:00,81.8,"[np.float64(792.0), np.float64(788.3), np.float64(756.1), np.float64(858.8), np.float64(759.8)]",awake,97.5,26.8,0,0
2023-12-03 12:00:00,86.6,"[np.float64(792.9), np.float64(793.2), np.float64(828.5), np.float64(887.2), np.float64(798.1)]",awake,97.6,18.6,0,0
2023-12-03 12:30:00,80.4,"[np.float64(820.6), np.float64(800.3), np.float64(794.6), np.float64(825.2), np.float64(887.9)]",awake,98.3,28.3,0,0
2023-12-03 13:00:00,67.5,"[np.float64(755.3), np.float64(842.2), np.float64(848.2), np.float64(767.7), np.float64(785.1)]",awake,97.4,7.6,0,0
2023-12-03 13:30:00,76.3,"[np.float64(835.1), np.float64(820.6), np.float64(773.5), np.float64(858.7), np.float64(749.8)]",awake,98.2,24.3,0,0
2023-12-03 14:00:00,88.0,"[np.float64(796.6), np.float64(819.1), np.float64(803.2), np.float64(806.8), np.float64(806.5)]",awake,98.5,17.2,0,0
2023-12-03 14:30:00,72.8,"[np.float64(800.5), np.float64(802.0), np.float64(755.8), np.float64(768.4), np.float64(893.6)]",awake,97.8,17.1,0,0
2023-12-03 15:00:00,73.2,"[np.float64(803.7), np.float64(769.6), np.float64(839.0), np.float64(798.3), np.float64(773.2)]",awake,96.6,35.7,0,0
2023-12-03 15:30:00,70.1,"[np.float64(817.2), np.float64(813.0), np.float64(810.7), np.float64(801.3), np.float64(802.1)]",awake,97.9,10.8,0,0
2023-12-03 16:00:00,72.7,"[np.float64(816.3), np.float64(749.1), np.float64(744.4), np.float64(791.0), np.float64(872.5)]",awake,97.7,27.1,0,0
2023-12-03 16:30:00,77.7,"[np.float64(832.2), np.float64(829.2), np.float64(813.1), np.float64(787.1), np.float64(893.8)]",awake,97.4,25.9,0,0
2023-12-03 17:00:00,70.7,"[np.float64(792.3), np.float64(758.5), np.float64(824.4), np.float64(819.9), np.float64(806.1)]",awake,98.2,43.7,0,0
2023-12-03 17:30:00,72.6,"[np.float64(813.8), np.float64(747.1), np.float64(724.5), np.float64(832.0), np.float64(802.9)]",awake,97.9,18.9,0,0
2023-12-03 18:00:00,61.6,"[np.float64(780.2), np.float64(780.6), np.float64(800.5), np.float64(780.3), np.float64(849.0)]",awake,98.0,17.7,0,0
2023-12-03 18:30:00,73.1,"[np.float64(799.5), np.float64(725.8), np.float64(818.8), np.float64(746.7), np.float64(856.8)]",awake,97.6,21.9,0,0
2023-12-03 19:00:00,61.7,"[np.float64(770.1), np.float64(772.0), np.float64(829.7), np.float64(813.7), np.float64(794.0)]",awake,98.4,11.1,0,0
2023-12-03 19:30:00,80.4,"[np.float64(829.4), np.float64(811.1), np.float64(769.0), np.float64(797.0), np.float64(760.3)]",awake,98.0,10.1,0,0
2023-12-03 20:00:00,81.2,"[np.float64(827.8), np.float64(754.4), np.float64(789.0), np.float64(831.5), np.float64(833.1)]",awake,98.2,11.5,0,0
2023-12-03 20:30:00,63.9,"[np.float64(835.9), np.float64(758.3), np.float64(828.2), np.float64(710.6), np.float64(806.3)]",awake,97.8,12.7,0,0
2023-12-03 21:00:00,82.2,"[np.float64(831.7), np.float64(768.3), np.float64(805.7), np.float64(749.9), np.float64(767.0)]",awake,97.9,42.0,0,0
2023-12-03 21:30:00,53.6,"[np.float64(804.6), np.float64(814.6), np.float64(747.6), np.float64(808.9), np.float64(826.9)]",awake,97.9,30.8,0,0
2023-12-03 22:00:00,63.9,"[np.float64(900.3), np.float64(1046.6), np.float64(1012.0), np.float64(943.6), np.float64(982.7)]",light,95.6,2.7,480,450
2023-12-03 22:30:00,54.0,"[np.float64(984.5), np.float64(1051.7), np.float64(964.5), np.float64(1004.1), np.float64(995.0)]",light,96.0,2.3,480,450
2023-12-03 23:00:00,65.0,"[np.float64(965.2), np.float64(983.2), np.float64(1110.3), np.float64(902.2), np.float64(1014.0)]",light,95.4,5.2,480,450
2023-12-03 23:30:00,64.3,"[np.float64(962.8), np.float64(1050.3), np.float64(1026.9), np.float64(1081.9), np.float64(1039.8)]",light,96.1,7.5,480,450
2023-12-04 00:00:00,59.1,"[np.float64(1018.1), np.float64(977.9), np.float64(970.4), np.float64(981.7), np.float64(1018.0)]",deep,95.9,3.1,480,450
2023-12-04 00:30:00,58.5,"[np.float64(995.5), np.float64(899.3), np.float64(943.8), np.float64(965.5), np.float64(966.0)]",deep,96.9,6.2,480,450
2023-12-04 01:00:00,60.7,"[np.float64(1030.2), np.float64(958.1), np.float64(1005.4), np.float64(979.1), np.float64(1006.3)]",deep,95.8,7.4,480,450
2023-12-04 01:30:00,66.6,"[np.float64(956.1), np.float64(1006.6), np.float64(920.6), np.float64(920.8), np.float64(874.8)]",deep,95.2,4.7,480,450
2023-12-04 02:00:00,68.9,"[np.float64(981.5), np.float64(1002.8), np.float64(1027.8), np.float64(1091.8), np.float64(1015.8)]",rem,95.9,2.1,480,450
2023-12-04 02:30:00,64.7,"[np.float64(1012.9), np.float64(991.1), np.float64(938.8), np.float64(1140.7), np.float64(919.5)]",rem,96.0,0.6,480,450
2023-12-04 03:00:00,57.2,"[np.float64(1021.5), np.float64(951.0), np.float64(1032.1), np.float64(1068.9), np.float64(1093.2)]",rem,96.0,1.5,480,450
2023-12-04 03:30:00,63.1,"[np.float64(1043.2), np.float64(1009.1), np.float64(962.9), np.float64(961.0), np.float64(923.4)]",rem,95.2,5.1,480,450
2023-12-04 04:00:00,57.9,"[np.float64(935.4), np.float64(1019.1), np.float64(991.5), np.float64(931.7), np.float64(968.5)]",light,96.5,5.9,480,450
2023-12-04 04:30:00,70.0,"[np.float64(972.7), np.float64(940.7), np.float64(1025.3), np.float64(1065.6), np.float64(1050.0)]",light,96.9,7.0,480,450
2023-12-04 05:00:00,63.4,"[np.float64(999.3), np.float64(1033.7), np.float64(1024.8), np.float64(919.7), np.float64(1002.1)]",light,96.3,5.3,480,450
2023-12-04 05:30:00,57.4,"[np.float64(1054.6), np.float64(1032.2), np.float64(1018.7), np.float64(1078.0), np.float64(1008.6)]",light,96.6,3.4,480,450
2023-12-04 06:00:00,76.2,"[np.float64(772.4), np.float64(791.2), np.float64(850.4), np.float64(787.8), np.float64(761.4)]",awake,97.8,36.5,0,0
2023-12-04 06:30:00,83.9,"[np.float64(843.9), np.float64(782.4), np.float64(779.7), np.float64(761.3), np.float64(807.7)]",awake,98.3,14.6,0,0
2023-12-04 07:00:00,154.3,"[np.float64(403.4), np.float64(415.6), np.float64(419.1), np.float64(430.2), np.float64(389.4)]",awake,97.7,84.2,0,0
2023-12-04 07:30:00,144.3,"[np.float64(457.9), np.float64(468.6), np.float64(471.0), np.float64(459.1), np.float64(452.3)]",awake,98.5,89.1,0,0
2023-12-04 08:00:00,131.6,"[np.float64(445.7), np.float64(415.0), np.float64(431.0), np.float64(414.7), np.float64(425.7)]",awake,98.5,82.7,0,0
2023-12-04 08:30:00,141.1,"[np.float64(420.7), np.float64(451.8), np.float64(474.6), np.float64(412.0), np.float64(473.3)]",awake,98.4,88.5,0,0
2023-12-04 09:00:00,75.7,"[np.float64(767.1), np.float64(773.6), np.float64(904.2), np.float64(835.7), np.float64(817.0)]",awake,97.3,22.7,0,0
2023-12-04 09:30:00,71.6,"[np.float64(791.6), np.float64(790.4), np.float64(770.8), np.float64(795.1), np.float64(792.7)]",awake,98.4,9.5,0,0
2023-12-04 10:00:00,61.6,"[np.float64(787.7), np.float64(829.9), np.float64(780.7), np.float64(870.3), np.float64(765.4)]",awake,98.1,16.4,0,0
2023-12-04 10:30:00,68.3,"[np.float64(818.0), np.float64(825.7), np.float64(790.2), np.float64(897.5), np.float64(726.4)]",awake,97.4,8.0,0,0
2023-12-04 11:00:00,61.3,"[np.float64(813.7), np.float64(805.1), np.float64(815.6), np.float64(679.1), np.float64(858.6)]",awake,97.4,31.8,0,0
2023-12-04 11:30:00,84.5,"[np.float64(816.5), np.float64(788.8), np.float64(767.2), np.float64(825.3), np.float64(850.1)]",awake,97.0,27.2,0,0
2023-12-04 12:00:00,76.1,"[np.float64(870.2), np.float64(770.0), np.float64(857.8), np.float64(767.6), np.float64(804.4)]",awake,98.2,24.1,0,0
2023-12-04 12:30:00,82.3,"[np.float64(753.8), np.float64(838.7), np.float64(808.5), np.float64(766.2), np.float64(877.2)]",awake,97.5,23.0,0,0
2023-12-04 13:00:00,77.7,"[np.float64(798.9), np.float64(831.4), np.float64(717.1), np.float64(799.4), np.float64(835.6)]",awake,98.2,24.0,0,0
2023-12-04 13:30:00,79.9,"[np.float64(845.0), np.float64(839.9), np.float64(798.3), np.float64(837.1), np.float64(797.8)]",awake,98.4,7.7,0,0
2023-12-04 14:00:00,69.0,"[np.float64(770.3), np.float64(775.1), np.float64(794.5), np.float64(781.9), np.float64(774.4)]",awake,98.5,14.6,0,0
2023-12-04 14:30:00,78.9,"[np.float64(816.2), np.float64(776.0), np.float64(814.4), np.float64(737.3), np.float64(792.0)]",awake,98.4,28.5,0,0
2023-12-04 15:00:00,78.4,"[np.float64(825.3), np.float64(779.8), np.float64(794.2), np.float64(794.9), np.float64(791.0)]",awake,97.8,29.5,0,0
2023-12-04 15:30:00,77.8,"[np.float64(794.3), np.float64(867.9), np.float64(820.2), np.float64(838.5), np.float64(823.6)]",awake,98.4,13.9,0,0
2023-12-04 16:00:00,71.2,"[np.float64(766.3), np.float64(803.5), np.float64(843.5), np.float64(756.9), np.float64(820.0)]",awake,98.7,22.3,0,0
2023-12-04 16:30:00,72.1,"[np.float64(816.6), np.float64(722.8), np.float64(779.0), np.float64(812.3), np.float64(763.9)]",awake,98.5,21.7,0,0
2023-12-04 17:00:00,80.1,"[np.float64(726.5), np.float64(709.7), np.float64(905.2), np.float64(776.9), np.float64(758.0)]",awake,98.2,19.7,0,0
2023-12-04 17:30:00,79.6,"[np.float64(826.9), np.float64(787.4), np.float64(826.6), np.float64(759.2), np.float64(778.8)]",awake,97.9,17.0,0,0
2023-12-04 18:00:00,71.9,"[np.float64(849.3), np.float64(807.6), np.float64(813.6), np.float64(885.5), np.float64(808.9)]",awake,98.7,14.0,0,0
2023-12-04 18:30:00,67.4,"[np.float64(837.0), np.float64(815.9), np.float64(807.5), np.float64(849.9), np.float64(832.2)]",awake,97.8,16.2,0,0
2023-12-04 19:00:00,73.3,"[np.float64(815.0), np.float64(770.6), np.float64(772.2), np.float64(773.2), np.float64(735.8)]",awake,98.1,20.4,0,0
2023-12-04 19:30:00,79.5,"[np.float64(793.8), np.float64(797.6), np.float64(814.0), np.float64(835.9), np.float64(805.8)]",awake,97.5,15.5,0,0
2023-12-04 20:00:00,68.0,"[np.float64(885.4), np.float64(718.3), np.float64(841.4), np.float64(801.0), np.float64(790.8)]",awake,97.5,27.6,0,0
2023-12-04 20:30:00,82.3,"[np.float64(793.8), np.float64(715.7), np.float64(780.7), np.float64(673.3), np.float64(815.6)]",awake,97.7,18.6,0,0
2023-12-04 21:00:00,67.1,"[np.float64(816.2), np.float64(864.8), np.float64(784.5), np.float64(786.2), np.float64(776.4)]",awake,97.6,20.5,0,0
2023-12-04 21:30:00,59.4,"[np.float64(800.6), np.float64(716.2), np.float64(806.8), np.float64(833.4), np.float64(849.4)]",awake,98.6,19.3,0,0
2023-12-04 22:00:00,49.3,"[np.float64(937.8), np.float64(1113.1), np.float64(995.4), np.float64(899.5), np.float64(997.9)]",light,95.9,4.5,480,450
2023-12-04 22:30:00,62.3,"[np.float64(1033.7), np.float64(980.7), np.float64(1008.8), np.float64(907.2), np.float64(992.0)]",light,96.2,6.2,480,450
2023-12-04 23:00:00,55.4,"[np.float64(1024.4), np.float64(957.7), np.float64(982.6), np.float64(1069.9), np.float64(1027.6)]",light,95.6,5.7,480,450
2023-12-04 23:30:00,59.5,"[np.float64(1037.2), np.float64(1072.4), np.float64(996.1), np.float64(1022.4), np.float64(1028.4)]",light,95.6,6.1,480,450
2023-12-05 00:00:00,68.2,"[np.float64(949.1), np.float64(951.5), np.float64(1005.6), np.float64(921.1), np.float64(986.9)]",deep,96.0,3.9,480,450
2023-12-05 00:30:00,54.7,"[np.float64(980.1), np.float64(1044.8), np.float64(982.0), np.float64(936.9), np.float64(910.1)]",deep,95.1,6.2,480,450
2023-12-05 01:00:00,55.2,"[np.float64(1017.7), np.float64(954.1), np.float64(970.9), np.float64(1066.0), np.float64(1021.8)]",deep,95.5,4.5,480,450
2023-12-05 01:30:00,63.1,"[np.float64(984.0), np.float64(1012.7), np.float64(1030.3), np.float64(957.8), np.float64(990.6)]",deep,95.7,4.1,480,450
2023-12-05 02:00:00,57.1,"[np.float64(1046.1), np.float64(1051.1), np.float64(994.5), np.float64(1083.9), np.float64(931.2)]",rem,96.4,2.3,480,450
2023-12-05 02:30:00,60.7,"[np.float64(1037.7), np.float64(1040.0), np.float64(1056.8), np.float64(1041.0), np.float64(961.4)]",rem,96.0,7.3,480,450
2023-12-05 03:00:00,66.1,"[np.float64(1024.6), np.float64(1008.2), np.float64(1011.6), np.float64(1036.5), np.float64(1019.5)]",rem,95.6,7.0,480,450
2023-12-05 03:30:00,63.5,"[np.float64(1025.8), np.float64(949.4), np.float64(959.2), np.float64(969.7), np.float64(990.3)]",rem,96.2,5.1,480,450
2023-12-05 04:00:00,55.2,"[np.float64(968.1), np.float64(1010.1), np.float64(966.8), np.float64(1030.6), np.float64(1028.7)]",light,96.0,5.7,480,450
2023-12-05 04:30:00,62.1,"[np.float64(1001.3), np.float64(1038.8), np.float64(1131.1), np.float64(959.2), np.float64(1054.5)]",light,96.4,4.1,480,450
2023-12-05 05:00:00,61.1,"[np.float64(1025.8), np.float64(951.9), np.float64(984.1), np.float64(997.3), np.float64(1021.3)]",light,95.6,7.4,480,450
2023-12-05 05:30:00,62.7,"[np.float64(991.0), np.float64(981.7), np.float64(885.0), np.float64(939.5), np.float64(1004.0)]",light,95.7,3.4,480,450
2023-12-05 06:00:00,81.3,"[np.float64(742.7), np.float64(757.1), np.float64(751.2), np.float64(832.2), np.float64(837.4)]",awake,97.7,24.0,0,0
2023-12-05 06:30:00,98.7,"[np.float64(820.0), np.float64(833.4), np.float64(821.5), np.float64(747.0), np.float64(784.9)]",awake,98.3,32.3,0,0
2023-12-05 07:00:00,128.0,"[np.float64(418.8), np.float64(494.5), np.float64(385.8), np.float64(421.1), np.float64(462.2)]",awake,98.7,84.3,0,0
2023-12-05 07:30:00,134.9,"[np.float64(476.1), np.float64(404.2), np.float64(434.6), np.float64(381.7), np.float64(437.7)]",awake,98.6,79.6,0,0
2023-12-05 08:00:00,153.2,"[np.float64(460.1), np.float64(443.0), np.float64(397.7), np.float64(433.2), np.float64(387.4)]",awake,98.3,89.6,0,0
2023-12-05 08:30:00,140.2,"[np.float64(373.3), np.float64(418.7), np.float64(373.7), np.float64(429.7), np.float64(501.4)]",awake,98.1,90.3,0,0
2023-12-05 09:00:00,78.7,"[np.float64(799.7), np.float64(773.1), np.float64(734.6), np.float64(888.0), np.float64(885.3)]",awake,99.0,23.0,0,0
2023-12-05 09:30:00,75.6,"[np.float64(786.6), np.float64(880.1), np.float64(761.9), np.float64(850.7), np.float64(810.8)]",awake,98.3,40.9,0,0
2023-12-05 10:00:00,87.1,"[np.float64(779.1), np.float64(781.5), np.float64(818.0), np.float64(733.5), np.float64(829.9)]",awake,97.9,13.7,0,0
2023-12-05 10:30:00,76.1,"[np.float64(780.1), np.float64(834.6), np.float64(728.4), np.float64(794.9), np.float64(842.5)]",awake,97.7,11.7,0,0
2023-12-05 11:00:00,83.8,"[np.float64(791.8), np.float64(793.1), np.float64(829.7), np.float64(839.9), np.float64(843.6)]",awake,97.3,15.4,0,0
2023-12-05 11:30:00,82.1,"[np.float64(854.2), np.float64(801.1), np.float64(759.4), np.float64(731.4), np.float64(791.2)]",awake,97.9,6.4,0,0
2023-12-05 12:00:00,80.9,"[np.float64(769.3), np.float64(900.9), np.float64(817.3), np.float64(841.4), np.float64(705.6)]",awake,98.2,33.6,0,0
2023-12-05 12:30:00,72.2,"[np.float64(912.4), np.float64(761.2), np.float64(743.2), np.float64(767.8), np.float64(839.5)]",awake,97.9,28.3,0,0
2023-12-05 13:00:00,75.4,"[np.float64(841.7), np.float64(762.6), np.float64(766.9), np.float64(738.8), np.float64(768.9)]",awake,98.0,32.4,0,0
2023-12-05 13:30:00,72.7,"[np.float64(857.1), np.float64(749.1), np.float64(761.1), np.float64(820.4), np.float64(811.6)]",awake,98.1,0.0,0,0
2023-12-05 14:00:00,69.1,"[np.float64(791.7), np.float64(760.4), np.float64(752.3), np.float64(800.3), np.float64(740.2)]",awake,97.2,0.0,0,0
2023-12-05 14:30:00,60.0,"[np.float64(811.1), np.float64(893.1), np.float64(751.5), np.float64(814.5), np.float64(799.6)]",awake,98.3,28.3,0,0
2023-12-05 15:00:00,70.6,"[np.float64(838.3), np.float64(781.1), np.float64(815.1), np.float64(754.3), np.float64(739.7)]",awake,98.0,22.0,0,0
2023-12-05 15:30:00,80.5,"[np.float64(781.6), np.float64(816.5), np.float64(797.5), np.float64(785.5), np.float64(857.8)]",awake,97.2,25.6,0,0
2023-12-05 16:00:00,70.0,"[np.float64(833.0), np.float64(776.8), np.float64(803.7), np.float64(798.0), np.float64(866.5)]",awake,97.6,14.8,0,0
2023-12-05 16:30:00,78.5,"[np.float64(822.6), np.float64(719.7), np.float64(790.5), np.float64(836.9), np.float64(857.8)]",awake,97.7,42.2,0,0
2023-12-05 17:00:00,84.4,"[np.float64(868.8), np.float64(829.6), np.float64(842.6), np.float64(794.0), np.float64(814.4)]",awake,97.1,32.0,0,0
2023-12-05 17:30:00,68.1,"[np.float64(842.2), np.float64(879.1), np.float64(806.4), np.float64(806.1), np.float64(766.9)]",awake,97.8,20.4,0,0
2023-12-05 18:00:00,72.2,"[np.float64(760.7), np.float64(777.6), np.float64(856.7), np.float64(817.3), np.float64(757.1)]",awake,97.1,31.0,0,0
2023-12-05 18:30:00,74.3,"[np.float64(824.9), np.float64(769.6), np.float64(868.3), np.float64(853.4), np.float64(856.5)]",awake,97.8,20.0,0,0
2023-12-05 19:00:00,79.9,"[np.float64(729.9), np.float64(847.2), np.float64(804.2), np.float64(781.1), np.float64(909.7)]",awake,98.5,46.7,0,0
2023-12-05 19:30:00,74.5,"[np.float64(744.9), np.float64(822.1), np.float64(766.6), np.float64(821.3), np.float64(840.2)]",awake,99.0,31.8,0,0
2023-12-05 20:00:00,72.8,"[np.float64(819.0), np.float64(797.4), np.float64(796.2), np.float64(777.2), np.float64(816.0)]",awake,97.2,12.4,0,0
2023-12-05 20:30:00,75.3,"[np.float64(811.5), np.float64(815.4), np.float64(835.8), np.float64(819.7), np.float64(852.3)]",awake,98.1,33.1,0,0
2023-12-05 21:00:00,86.0,"[np.float64(765.4), np.float64(890.8), np.float64(793.7), np.float64(851.6), np.float64(806.9)]",awake,98.0,15.9,0,0
2023-12-05 21:30:00,77.7,"[np.float64(745.9), np.float64(798.9), np.float64(771.9), np.float64(782.9), np.float64(753.4)]",awake,98.6,39.9,0,0
2023-12-05 22:00:00,58.0,"[np.float64(966.4), np.float64(1028.3), np.float64(1019.5), np.float64(1027.1), np.float64(1061.6)]",light,95.2,5.5,480,450
2023-12-05 22:30:00,56.2,"[np.float64(1030.5), np.float64(1012.1), np.float64(1046.1), np.float64(1077.2), np.float64(974.9)]",light,95.1,3.1,480,450
2023-12-05 23:00:00,54.7,"[np.float64(961.6), np.float64(982.1), np.float64(947.1), np.float64(994.0), np.float64(956.9)]",light,96.1,8.0,480,450
2023-12-05 23:30:00,47.8,"[np.float64(963.8), np.float64(1039.2), np.float64(996.7), np.float64(1001.0), np.float64(985.6)]",light,95.9,4.2,480,450
2023-12-06 00:00:00,50.5,"[np.float64(982.4), np.float64(1078.3), np.float64(958.5), np.float64(981.1), np.float64(960.0)]",deep,96.2,8.6,480,450
2023-12-06 00:30:00,65.2,"[np.float64(969.4), np.float64(1102.4), np.float64(1086.4), np.float64(955.0), np.float64(966.3)]",deep,96.2,5.6,480,450
2023-12-06 01:00:00,64.2,"[np.float64(1015.7), np.float64(965.0), np.float64(1023.2), np.float64(991.8), np.float64(1062.5)]",deep,96.5,5.0,480,450
2023-12-06 01:30:00,63.5,"[np.float64(1020.9), np.float64(1073.0), np.float64(1036.0), np.float64(1023.7), np.float64(963.1)]",deep,95.1,7.6,480,450
2023-12-06 02:00:00,64.7,"[np.float64(936.7), np.float64(939.7), np.float64(1026.6), np.float64(1054.6), np.float64(989.7)]",rem,95.5,6.0,480,450
2023-12-06 02:30:00,61.5,"[np.float64(951.0), np.float64(955.6), np.float64(907.0), np.float64(994.7), np.float64(961.0)]",rem,96.1,5.1,480,450
2023-12-06 03:00:00,63.7,"[np.float64(1005.1), np.float64(978.4), np.float64(991.8), np.float64(905.5), np.float64(1036.7)]",rem,96.1,6.9,480,450
2023-12-06 03:30:00,56.0,"[np.float64(1046.9), np.float64(1043.8), np.float64(1046.8), np.float64(1033.3), np.float64(998.2)]",rem,96.5,3.5,480,450
2023-12-06 04:00:00,58.6,"[np.float64(1153.9), np.float64(943.4), np.float64(914.5), np.float64(983.2), np.float64(1017.6)]",light,95.7,3.7,480,450
2023-12-06 04:30:00,59.5,"[np.float64(977.6), np.float64(1034.9), np.float64(1030.9), np.float64(965.9), np.float64(970.7)]",light,96.4,5.0,480,450
2023-12-06 05:00:00,55.4,"[np.float64(998.4), np.float64(935.1), np.float64(1009.5), np.float64(1032.0), np.float64(1012.5)]",light,96.0,8.5,480,450
2023-12-06 05:30:00,58.8,"[np.float64(903.0), np.float64(933.8), np.float64(920.1), np.float64(1039.4), np.float64(1092.1)]",light,95.6,3.3,480,450
2023-12-06 06:00:00,78.8,"[np.float64(742.3), np.float64(806.4), np.float64(837.1), np.float64(758.8), np.float64(827.6)]",awake,98.1,2.9,0,0
2023-12-06 06:30:00,85.0,"[np.float64(792.6), np.float64(741.4), np.float64(785.5), np.float64(796.0), np.float64(786.3)]",awake,97.7,14.8,0,0
2023-12-06 07:00:00,151.4,"[np.float64(453.3), np.float64(444.6), np.float64(428.0), np.float64(392.5), np.float64(438.6)]",awake,98.9,84.4,0,0
2023-12-06 07:30:00,153.4,"[np.float64(429.4), np.float64(437.0), np.float64(428.1), np.float64(428.1), np.float64(386.3)]",awake,98.3,81.9,0,0
2023-12-06 08:00:00,128.4,"[np.float64(414.7), np.float64(416.6), np.float64(474.3), np.float64(394.8), np.float64(434.4)]",awake,98.9,79.7,0,0
2023-12-06 08:30:00,152.3,"[np.float64(432.0), np.float64(411.4), np.float64(435.8), np.float64(464.4), np.float64(466.9)]",awake,97.6,84.0,0,0
2023-12-06 09:00:00,88.3,"[np.float64(782.9), np.float64(791.5), np.float64(846.0), np.float64(812.8), np.float64(850.4)]",awake,95.9,11.2,0,0
2023-12-06 09:30:00,71.7,"[np.float64(866.5), np.float64(833.3), np.float64(818.4), np.float64(738.0), np.float64(794.3)]",awake,98.4,20.8,0,0
2023-12-06 10:00:00,82.9,"[np.float64(829.5), np.float64(799.4), np.float64(775.3), np.float64(813.1), np.float64(770.0)]",awake,98.6,14.9,0,0
2023-12-06 10:30:00,81.9,"[np.float64(842.7), np.float64(803.0), np.float64(805.7), np.float64(894.7), np.float64(770.0)]",awake,99.0,22.2,0,0
2023-12-06 11:00:00,75.8,"[np.float64(815.8), np.float64(836.9), np.float64(853.4), np.float64(771.4), np.float64(866.6)]",awake,98.1,42.2,0,0
2023-12-06 11:30:00,84.9,"[np.float64(870.5), np.float64(790.0), np.float64(812.3), np.float64(803.4), np.float64(826.4)]",awake,97.8,24.6,0,0
2023-12-06 12:00:00,70.8,"[np.float64(785.8), np.float64(847.5), np.float64(856.3), np.float64(854.5), np.float64(854.9)]",awake,98.2,13.3,0,0
2023-12-06 12:30:00,75.0,"[np.float64(823.6), np.float64(770.4), np.float64(777.7), np.float64(795.4), np.float64(808.0)]",awake,98.3,14.4,0,0
2023-12-06 13:00:00,75.2,"[np.float64(791.4), np.float64(802.9), np.float64(790.1), np.float64(787.1), np.float64(750.0)]",awake,97.9,17.3,0,0
2023-12-06 13:30:00,81.3,"[np.float64(862.0), np.float64(850.0), np.float64(791.3), np.float64(825.3), np.float64(817.4)]",awake,97.8,20.3,0,0
2023-12-06 14:00:00,58.2,"[np.float64(679.6), np.float64(824.0), np.float64(847.5), np.float64(770.6), np.float64(845.1)]",awake,98.8,10.5,0,0
2023-12-06 14:30:00,73.5,"[np.float64(733.5), np.float64(755.6), np.float64(790.0), np.float64(744.3), np.float64(751.2)]",awake,98.5,27.3,0,0
2023-12-06 15:00:00,65.5,"[np.float64(798.4), np.float64(792.0), np.float64(820.3), np.float64(775.9), np.float64(792.3)]",awake,97.8,12.5,0,0
2023-12-06 15:30:00,76.9,"[np.float64(769.7), np.float64(819.3), np.float64(763.4), np.float64(796.2), np.float64(815.9)]",awake,97.9,18.9,0,0
2023-12-06 16:00:00,70.7,"[np.float64(772.8), np.float64(755.0), np.float64(847.8), np.float64(845.7), np.float64(815.7)]",awake,97.2,5.3,0,0
2023-12-06 16:30:00,55.6,"[np.float64(804.0), np.float64(791.4), np.float64(830.2), np.float64(825.8), np.float64(734.4)]",awake,98.5,39.4,0,0
2023-12-06 17:00:00,82.2,"[np.float64(870.4), np.float64(822.3), np.float64(854.6), np.float64(748.7), np.float64(768.6)]",awake,98.2,24.7,0,0
2023-12-06 17:30:00,60.3,"[np.float64(738.9), np.float64(822.1), np.float64(822.5), np.float64(807.8), np.float64(801.7)]",awake,98.1,30.3,0,0
2023-12-06 18:00:00,54.7,"[np.float64(828.2), np.float64(829.5), np.float64(768.2), np.float64(800.0), np.float64(847.9)]",awake,97.4,23.4,0,0
2023-12-06 18:30:00,87.6,"[np.float64(857.6), np.float64(850.2), np.float64(856.2), np.float64(804.4), np.float64(848.0)]",awake,97.6,27.6,0,0
2023-12-06 19:00:00,72.2,"[np.float64(855.5), np.float64(872.6), np.float64(843.0), np.float64(714.4), np.float64(814.1)]",awake,98.0,14.8,0,0
2023-12-06 19:30:00,63.5,"[np.float64(857.1), np.float64(819.6), np.float64(747.6), np.float64(858.0), np.float64(821.7)]",awake,98.0,30.1,0,0
2023-12-06 20:00:00,91.5,"[np.float64(804.5), np.float64(816.6), np.float64(758.7), np.float64(798.6), np.float64(785.1)]",awake,97.2,29.2,0,0
2023-12-06 20:30:00,84.1,"[np.float64(790.2), np.float64(805.3), np.float64(809.6), np.float64(839.5), np.float64(761.7)]",awake,98.1,22.0,0,0
2023-12-06 21:00:00,82.9,"[np.float64(742.3), np.float64(888.4), np.float64(863.8), np.float64(828.0), np.float64(780.9)]",awake,98.4,9.7,0,0
2023-12-06 21:30:00,92.9,"[np.float64(842.6), np.float64(765.1), np.float64(773.0), np.float64(781.4), np.float64(786.3)]",awake,97.9,14.9,0,0
2023-12-06 22:00:00,61.5,"[np.float64(948.4), np.float64(996.2), np.float64(1020.2), np.float64(968.7), np.float64(1049.9)]",light,95.9,5.0,480,450
2023-12-06 22:30:00,58.2,"[np.float64(979.4), np.float64(1041.7), np.float64(1047.1), np.float64(1039.4), np.float64(985.5)]",light,95.7,4.2,480,450
2023-12-06 23:00:00,60.4,"[np.float64(1070.1), np.float64(907.2), np.float64(990.0), np.float64(1052.6), np.float64(970.7)]",light,95.7,4.5,480,450
2023-12-06 23:30:00,61.2,"[np.float64(963.4), np.float64(948.2), np.float64(957.0), np.float64(1006.0), np.float64(1077.1)]",light,95.9,6.9,480,450
2023-12-07 00:00:00,63.7,"[np.float64(1011.7), np.float64(1048.7), np.float64(1011.3), np.float64(1010.4), np.float64(1013.8)]",deep,95.6,3.4,480,450
2023-12-07 00:30:00,63.3,"[np.float64(972.6), np.float64(1082.0), np.float64(1007.7), np.float64(995.2), np.float64(994.6)]",deep,96.5,1.0,480,450
2023-12-07 01:00:00,56.7,"[np.float64(962.7), np.float64(1043.9), np.float64(965.5), np.float64(1019.8), np.float64(1076.6)]",deep,95.9,4.5,480,450
2023-12-07 01:30:00,66.5,"[np.float64(1041.2), np.float64(1006.1), np.float64(1013.4), np.float64(935.6), np.float64(997.2)]",deep,96.2,1.5,480,450
2023-12-07 02:00:00,64.3,"[np.float64(991.4), np.float64(982.5), np.float64(979.3), np.float64(1086.5), np.float64(1076.2)]",rem,96.2,5.8,480,450
2023-12-07 02:30:00,63.0,"[np.float64(1000.5), np.float64(1017.0), np.float64(970.5), np.float64(932.1), np.float64(957.3)]",rem,95.7,3.2,480,450
2023-12-07 03:00:00,60.1,"[np.float64(999.9), np.float64(994.6), np.float64(883.8), np.float64(1082.3), np.float64(903.5)]",rem,96.2,6.3,480,450
2023-12-07 03:30:00,54.8,"[np.float64(960.3), np.float64(990.7), np.float64(972.5), np.float64(998.9), np.float64(1061.5)]",rem,96.1,4.7,480,450
2023-12-07 04:00:00,58.3,"[np.float64(986.0), np.float64(958.0), np.float64(1028.5), np.float64(1040.3), np.float64(1079.1)]",light,95.5,5.0,480,450
2023-12-07 04:30:00,60.2,"[np.float64(1036.1), np.float64(971.0), np.float64(1017.4), np.float64(1082.9), np.float64(1035.9)]",light,96.1,4.5,480,450
2023-12-07 05:00:00,63.5,"[np.float64(1003.6), np.float64(976.5), np.float64(956.3), np.float64(939.5), np.float64(976.0)]",light,94.9,1.9,480,450
2023-12-07 05:30:00,62.1,"[np.float64(1095.1), np.float64(967.1), np.float64(996.3), np.float64(915.4), np.float64(1001.5)]",light,96.6,3.4,480,450
2023-12-07 06:00:00,74.5,"[np.float64(832.1), np.float64(871.4), np.float64(775.8), np.float64(881.9), np.float64(791.1)]",awake,97.9,4.3,0,0
2023-12-07 06:30:00,76.9,"[np.float64(850.5), np.float64(855.7), np.float64(833.3), np.float64(876.5), np.float64(784.0)]",awake,97.1,17.8,0,0
2023-12-07 07:00:00,145.2,"[np.float64(452.5), np.float64(458.3), np.float64(466.5), np.float64(423.0), np.float64(453.9)]",awake,98.0,89.1,0,0
2023-12-07 07:30:00,153.6,"[np.float64(350.6), np.float64(436.3), np.float64(438.0), np.float64(461.4), np.float64(435.4)]",awake,98.0,84.0,0,0
2023-12-07 08:00:00,144.9,"[np.float64(460.0), np.float64(462.3), np.float64(391.8), np.float64(457.9), np.float64(391.7)]",awake,97.7,78.6,0,0
2023-12-07 08:30:00,133.2,"[np.float64(402.7), np.float64(450.7), np.float64(487.2), np.float64(467.9), np.float64(447.2)]",awake,98.3,82.3,0,0
2023-12-07 09:00:00,63.3,"[np.float64(776.4), np.float64(774.0), np.float64(816.6), np.float64(740.6), np.float64(877.7)]",awake,97.8,0.0,0,0
2023-12-07 09:30:00,81.5,"[np.float64(751.9), np.float64(767.9), np.float64(840.4), np.float64(798.4), np.float64(802.9)]",awake,98.3,34.7,0,0
2023-12-07 10:00:00,100.3,"[np.float64(774.5), np.float64(776.4), np.float64(762.8), np.float64(745.3), np.float64(750.9)]",awake,97.5,20.4,0,0
2023-12-07 10:30:00,86.4,"[np.float64(816.8), np.float64(825.9), np.float64(776.9), np.float64(832.5), np.float64(830.4)]",awake,98.1,27.0,0,0
2023-12-07 11:00:00,96.0,"[np.float64(747.8), np.float64(821.1), np.float64(779.8), np.float64(784.7), np.float64(868.4)]",awake,98.2,18.9,0,0
2023-12-07 11:30:00,71.9,"[np.float64(864.5), np.float64(768.4), np.float64(841.5), np.float64(725.6), np.float64(775.3)]",awake,98.8,22.1,0,0
2023-12-07 12:00:00,73.3,"[np.float64(790.2), np.float64(747.7), np.float64(864.9), np.float64(791.1), np.float64(718.5)]",awake,98.9,28.5,0,0
2023-12-07 12:30:00,69.0,"[np.float64(848.1), np.float64(879.5), np.float64(849.4), np.float64(765.7), np.float64(750.4)]",awake,97.4,42.9,0,0
2023-12-07 13:00:00,59.0,"[np.float64(740.6), np.float64(804.8), np.float64(742.0), np.float64(745.8), np.float64(873.9)]",awake,97.6,18.5,0,0
2023-12-07 13:30:00,72.3,"[np.float64(720.8), np.float64(832.0), np.float64(748.4), np.float64(857.9), np.float64(837.6)]",awake,97.0,24.5,0,0
2023-12-07 14:00:00,78.1,"[np.float64(855.6), np.float64(765.1), np.float64(726.7), np.float64(753.0), np.float64(800.5)]",awake,97.9,12.3,0,0
2023-12-07 14:30:00,63.5,"[np.float64(786.5), np.float64(828.3), np.float64(758.3), np.float64(794.2), np.float64(767.3)]",awake,97.6,8.6,0,0
2023-12-07 15:00:00,83.9,"[np.float64(798.5), np.float64(888.8), np.float64(843.4), np.float64(737.1), np.float64(769.1)]",awake,98.0,23.9,0,0
2023-12-07 15:30:00,91.3,"[np.float64(770.5), np.float64(794.5), np.float64(805.3), np.float64(811.6), np.float64(874.1)]",awake,97.5,14.4,0,0
2023-12-07 16:00:00,89.8,"[np.float64(751.2), np.float64(812.7), np.float64(835.8), np.float64(834.0), np.float64(859.5)]",awake,98.5,35.3,0,0
2023-12-07 16:30:00,86.6,"[np.float64(799.1), np.float64(795.9), np.float64(811.5), np.float64(830.8), np.float64(881.5)]",awake,97.5,20.9,0,0
2023-12-07 17:00:00,66.6,"[np.float64(783.3), np.float64(835.6), np.float64(848.6), np.float64(820.5), np.float64(792.8)]",awake,98.2,26.6,0,0
2023-12-07 17:30:00,88.5,"[np.float64(815.1), np.float64(769.1), np.float64(816.7), np.float64(752.1), np.float64(795.8)]",awake,99.0,30.6,0,0
2023-12-07 18:00:00,62.8,"[np.float64(795.7), np.float64(830.9), np.float64(772.0), np.float64(799.3), np.float64(802.3)]",awake,97.3,19.5,0,0
2023-12-07 18:30:00,75.3,"[np.float64(794.6), np.float64(821.1), np.float64(747.8), np.float64(793.8), np.float64(794.6)]",awake,98.1,31.6,0,0
2023-12-07 19:00:00,83.0,"[np.float64(764.8), np.float64(732.6), np.float64(745.7), np.float64(893.9), np.float64(793.9)]",awake,98.2,37.8,0,0
2023-12-07 19:30:00,72.5,"[np.float64(832.7), np.float64(780.0), np.float64(795.1), np.float64(742.2), np.float64(817.9)]",awake,97.2,22.7,0,0
2023-12-07 20:00:00,72.1,"[np.float64(802.3), np.float64(805.9), np.float64(777.3), np.float64(729.8), np.float64(796.0)]",awake,97.7,26.6,0,0
2023-12-07 20:30:00,74.6,"[np.float64(736.2), np.float64(839.0), np.float64(783.0), np.float64(863.4), np.float64(861.0)]",awake,97.1,25.3,0,0
2023-12-07 21:00:00,68.3,"[np.float64(805.4), np.float64(786.0), np.float64(763.6), np.float64(821.9), np.float64(738.9)]",awake,97.7,28.0,0,0
2023-12-07 21:30:00,85.0,"[np.float64(813.9), np.float64(800.1), np.float64(780.9), np.float64(698.9), np.float64(790.6)]",awake,97.1,27.1,0,0
2023-12-07 22:00:00,66.9,"[np.float64(951.4), np.float64(1055.6), np.float64(968.5), np.float64(1021.0), np.float64(1082.4)]",light,96.6,4.1,480,450
2023-12-07 22:30:00,59.6,"[np.float64(1010.9), np.float64(1055.0), np.float64(998.1), np.float64(1022.3), np.float64(950.4)]",light,95.5,3.7,480,450
2023-12-07 23:00:00,52.3,"[np.float64(1011.2), np.float64(929.1), np.float64(1035.6), np.float64(1020.7), np.float64(906.8)]",light,96.2,2.0,480,450
2023-12-07 23:30:00,55.5,"[np.float64(946.5), np.float64(1002.0), np.float64(931.9), np.float64(996.5), np.float64(962.3)]",light,96.7,7.7,480,450
2023-12-08 00:00:00,68.0,"[np.float64(978.3), np.float64(1041.8), np.float64(1139.0), np.float64(997.5), np.float64(1072.7)]",deep,95.6,4.0,480,450
2023-12-08 00:30:00,53.5,"[np.float64(958.7), np.float64(979.6), np.float64(1092.7), np.float64(864.3), np.float64(1000.6)]",deep,96.8,3.7,480,450
2023-12-08 01:00:00,53.9,"[np.float64(943.4), np.float64(980.0), np.float64(1078.0), np.float64(995.7), np.float64(974.5)]",deep,96.0,5.8,480,450
2023-12-08 01:30:00,57.6,"[np.float64(948.7), np.float64(990.9), np.float64(1057.9), np.float64(953.4), np.float64(985.1)]",deep,95.8,5.0,480,450
2023-12-08 02:00:00,59.8,"[np.float64(1025.3), np.float64(978.2), np.float64(976.3), np.float64(1044.1), np.float64(1045.7)]",rem,95.9,10.2,480,450
2023-12-08 02:30:00,69.7,"[np.float64(999.2), np.float64(1004.1), np.float64(936.8), np.float64(959.5), np.float64(1103.4)]",rem,96.2,5.0,480,450
2023-12-08 03:00:00,59.5,"[np.float64(1003.8), np.float64(1040.5), np.float64(1018.2), np.float64(1039.0), np.float64(935.6)]",rem,95.7,8.2,480,450
2023-12-08 03:30:00,56.4,"[np.float64(1019.4), np.float64(988.0), np.float64(972.4), np.float64(961.1), np.float64(991.2)]",rem,95.7,4.2,480,450
2023-12-08 04:00:00,58.8,"[np.float64(986.5), np.float64(998.8), np.float64(947.6), np.float64(898.4), np.float64(1021.0)]",light,95.3,4.1,480,450
2023-12-08 04:30:00,62.0,"[np.float64(1009.3), np.float64(967.1), np.float64(971.7), np.float64(1054.9), np.float64(917.0)]",light,95.4,4.8,480,450
2023-12-08 05:00:00,56.0,"[np.float64(1018.2), np.float64(1061.9), np.float64(968.7), np.float64(941.0), np.float64(1038.5)]",light,96.7,7.1,480,450
2023-12-08 05:30:00,61.3,"[np.float64(1062.7), np.float64(975.2), np.float64(926.8), np.float64(943.3), np.float64(934.1)]",light,95.7,5.2,480,450
2023-12-08 06:00:00,77.5,"[np.float64(837.2), np.float64(832.0), np.float64(842.1), np.float64(794.0), np.float64(851.3)]",awake,98.2,12.6,0,0
2023-12-08 06:30:00,78.0,"[np.float64(828.5), np.float64(824.0), np.float64(819.9), np.float64(787.8), np.float64(769.0)]",awake,98.8,25.6,0,0
2023-12-08 07:00:00,125.8,"[np.float64(404.2), np.float64(403.2), np.float64(431.8), np.float64(419.1), np.float64(444.1)]",awake,97.0,80.9,0,0
2023-12-08 07:30:00,117.2,"[np.float64(445.3), np.float64(424.5), np.float64(449.6), np.float64(433.9), np.float64(410.2)]",awake,97.0,87.5,0,0
2023-12-08 08:00:00,134.0,"[np.float64(446.2), np.float64(440.7), np.float64(461.2), np.float64(415.2), np.float64(424.0)]",awake,98.2,91.9,0,0
2023-12-08 08:30:00,145.5,"[np.float64(407.5), np.float64(439.8), np.float64(411.6), np.float64(467.0), np.float64(421.1)]",awake,98.2,84.8,0,0
2023-12-08 09:00:00,89.0,"[np.float64(829.5), np.float64(850.4), np.float64(849.9), np.float64(835.5), np.float64(832.3)]",awake,98.3,20.2,0,0
2023-12-08 09:30:00,70.6,"[np.float64(810.9), np.float64(899.4), np.float64(816.0), np.float64(785.3), np.float64(817.2)]",awake,97.7,22.5,0,0
2023-12-08 10:00:00,57.2,"[np.float64(759.3), np.float64(798.9), np.float64(837.1), np.float64(772.1), np.float64(766.5)]",awake,98.6,16.6,0,0
2023-12-08 10:30:00,65.1,"[np.float64(764.1), np.float64(753.4), np.float64(805.0), np.float64(806.0), np.float64(813.9)]",awake,98.7,18.4,0,0
2023-12-08 11:00:00,70.3,"[np.float64(787.8), np.float64(836.1), np.float64(823.5), np.float64(782.1), np.float64(782.7)]",awake,97.8,18.7,0,0
2023-12-08 11:30:00,77.6,"[np.float64(761.5), np.float64(804.2), np.float64(824.7), np.float64(836.3), np.float64(770.8)]",awake,98.5,0.0,0,0
2023-12-08 12:00:00,83.3,"[np.float64(837.1), np.float64(789.9), np.float64(853.0), np.float64(698.5), np.float64(866.0)]",awake,99.0,9.8,0,0
2023-12-08 12:30:00,74.0,"[np.float64(850.9), np.float64(813.2), np.float64(872.3), np.float64(833.0), np.float64(751.0)]",awake,98.3,27.0,0,0
2023-12-08 13:00:00,71.0,"[np.float64(786.8), np.float64(808.4), np.float64(818.1), np.float64(761.8), np.float64(758.5)]",awake,98.1,23.4,0,0
2023-12-08 13:30:00,80.9,"[np.float64(741.9), np.float64(738.4), np.float64(762.8), np.float64(762.7), np.float64(769.7)]",awake,98.4,32.6,0,0
2023-12-08 14:00:00,78.4,"[np.float64(797.7), np.float64(801.0), np.float64(875.3), np.float64(809.6), np.float64(764.7)]",awake,98.4,21.4,0,0
2023-12-08 14:30:00,76.0,"[np.float64(819.9), np.float64(790.4), np.float64(840.1), np.float64(775.0), np.float64(803.5)]",awake,97.5,17.6,0,0
2023-12-08 15:00:00,91.6,"[np.float64(873.1), np.float64(741.3), np.float64(800.5), np.float64(767.4), np.float64(831.4)]",awake,97.5,22.7,0,0
2023-12-08 15:30:00,80.4,"[np.float64(823.3), np.float64(806.5), np.float64(898.6), np.float64(877.2), np.float64(786.8)]",awake,98.3,8.8,0,0
2023-12-08 16:00:00,85.6,"[np.float64(808.1), np.float64(804.2), np.float64(779.3), np.float64(852.4), np.float64(783.8)]",awake,98.9,29.7,0,0
2023-12-08 16:30:00,74.8,"[np.float64(819.8), np.float64(772.8), np.float64(789.5), np.float64(761.8), np.float64(793.6)]",awake,97.9,13.5,0,0
2023-12-08 17:00:00,76.5,"[np.float64(827.0), np.float64(724.7), np.float64(811.0), np.float64(750.5), np.float64(809.5)]",awake,97.7,4.4,0,0
2023-12-08 17:30:00,81.3,"[np.float64(797.5), np.float64(786.1), np.float64(865.6), np.float64(789.6), np.float64(789.7)]",awake,98.0,11.1,0,0
2023-12-08 18:00:00,77.4,"[np.float64(758.8), np.float64(816.4), np.float64(765.7), np.float64(844.2), np.float64(796.5)]",awake,97.7,13.4,0,0
2023-12-08 18:30:00,73.7,"[np.float64(767.8), np.float64(837.2), np.float64(800.2), np.float64(784.8), np.float64(859.0)]",awake,98.7,0.0,0,0
2023-12-08 19:00:00,69.1,"[np.float64(736.7), np.float64(765.6), np.float64(855.3), np.float64(823.1), np.float64(834.5)]",awake,98.3,32.1,0,0
2023-12-08 19:30:00,92.2,"[np.float64(863.4), np.float64(845.1), np.float64(825.5), np.float64(773.9), np.float64(813.9)]",awake,97.5,26.0,0,0
2023-12-08 20:00:00,92.0,"[np.float64(822.2), np.float64(788.0), np.float64(858.3), np.float64(829.4), np.float64(779.8)]",awake,98.4,33.6,0,0
2023-12-08 20:30:00,70.0,"[np.float64(728.1), np.float64(802.5), np.float64(779.1), np.float64(827.1), np.float64(765.7)]",awake,98.0,15.1,0,0
2023-12-08 21:00:00,68.6,"[np.float64(759.5), np.float64(785.0), np.float64(774.7), np.float64(790.3), np.float64(763.6)]",awake,97.5,19.6,0,0
2023-12-08 21:30:00,76.3,"[np.float64(739.6), np.float64(753.6), np.float64(746.4), np.float64(812.5), np.float64(833.7)]",awake,97.8,19.8,0,0
2023-12-08 22:00:00,62.3,"[np.float64(997.2), np.float64(974.9), np.float64(1039.3), np.float64(1039.7), np.float64(1017.5)]",light,95.9,7.4,480,450
2023-12-08 22:30:00,65.2,"[np.float64(992.1), np.float64(955.0), np.float64(1070.0), np.float64(918.9), np.float64(939.6)]",light,96.4,7.4,480,450
2023-12-08 23:00:00,50.1,"[np.float64(998.6), np.float64(1014.6), np.float64(923.0), np.float64(1053.3), np.float64(1004.5)]",light,94.8,4.1,480,450
2023-12-08 23:30:00,60.5,"[np.float64(997.3), np.float64(1010.9), np.float64(1022.1), np.float64(945.2), np.float64(1002.7)]",light,95.4,2.7,480,450
2023-12-09 00:00:00,58.6,"[np.float64(1071.1), np.float64(985.0), np.float64(1030.9), np.float64(991.8), np.float64(1000.3)]",deep,95.1,4.5,480,450
2023-12-09 00:30:00,51.6,"[np.float64(1002.6), np.float64(894.8), np.float64(1076.1), np.float64(1009.2), np.float64(1039.6)]",deep,96.5,3.0,480,450
2023-12-09 01:00:00,55.4,"[np.float64(987.9), np.float64(998.2), np.float64(970.0), np.float64(1040.2), np.float64(936.5)]",deep,95.8,9.6,480,450
2023-12-09 01:30:00,62.0,"[np.float64(1002.5), np.float64(936.3), np.float64(1025.8), np.float64(988.1), np.float64(1039.7)]",deep,95.6,2.2,480,450
2023-12-09 02:00:00,52.1,"[np.float64(1129.2), np.float64(1002.8), np.float64(1039.9), np.float64(880.6), np.float64(918.9)]",rem,95.8,8.3,480,450
2023-12-09 02:30:00,52.9,"[np.float64(1030.2), np.float64(909.3), np.float64(1010.2), np.float64(1053.3), np.float64(945.9)]",rem,94.7,5.7,480,450
2023-12-09 03:00:00,57.7,"[np.float64(981.5), np.float64(1109.6), np.float64(837.8), np.float64(984.0), np.float64(918.5)]",rem,96.6,4.0,480,450
2023-12-09 03:30:00,53.0,"[np.float64(1058.4), np.float64(1000.1), np.float64(984.5), np.float64(1010.2), np.float64(1099.1)]",rem,96.6,6.3,480,450
2023-12-09 04:00:00,67.5,"[np.float64(1014.8), np.float64(1143.2), np.float64(996.4), np.float64(1065.7), np.float64(1059.0)]",light,95.6,0.9,480,450
2023-12-09 04:30:00,58.6,"[np.float64(954.5), np.float64(964.8), np.float64(918.3), np.float64(1061.2), np.float64(976.6)]",light,95.8,3.1,480,450
2023-12-09 05:00:00,61.6,"[np.float64(988.2), np.float64(1005.7), np.float64(926.1), np.float64(975.2), np.float64(990.7)]",light,95.4,4.3,480,450
2023-12-09 05:30:00,64.5,"[np.float64(961.3), np.float64(1022.9), np.float64(1036.2), np.float64(1011.4), np.float64(1103.8)]",light,97.2,5.7,480,450
2023-12-09 06:00:00,72.2,"[np.float64(776.6), np.float64(853.9), np.float64(876.6), np.float64(759.9), np.float64(776.2)]",awake,97.7,12.2,0,0
2023-12-09 06:30:00,86.1,"[np.float64(736.9), np.float64(806.0), np.float64(756.6), np.float64(765.0), np.float64(766.9)]",awake,97.9,23.7,0,0
2023-12-09 07:00:00,72.0,"[np.float64(718.9), np.float64(822.9), np.float64(801.0), np.float64(865.0), np.float64(788.6)]",awake,98.3,18.9,0,0
2023-12-09 07:30:00,66.1,"[np.float64(740.2), np.float64(735.2), np.float64(834.3), np.float64(817.4), np.float64(760.1)]",awake,97.7,26.2,0,0
2023-12-09 08:00:00,71.4,"[np.float64(803.8), np.float64(813.1), np.float64(774.4), np.float64(780.9), np.float64(859.2)]",awake,98.0,16.6,0,0
2023-12-09 08:30:00,67.2,"[np.float64(875.5), np.float64(797.0), np.float64(815.5), np.float64(770.6), np.float64(787.0)]",awake,98.3,19.4,0,0
2023-12-09 09:00:00,76.4,"[np.float64(789.8), np.float64(796.2), np.float64(834.1), np.float64(788.7), np.float64(824.0)]",awake,98.2,40.7,0,0
2023-12-09 09:30:00,69.2,"[np.float64(804.4), np.float64(815.9), np.float64(807.5), np.float64(787.2), np.float64(789.1)]",awake,98.0,34.6,0,0
2023-12-09 10:00:00,73.2,"[np.float64(737.2), np.float64(822.2), np.float64(769.5), np.float64(794.4), np.float64(750.0)]",awake,98.3,24.2,0,0
2023-12-09 10:30:00,84.0,"[np.float64(866.4), np.float64(791.3), np.float64(745.8), np.float64(823.3), np.float64(811.8)]",awake,97.5,26.6,0,0
2023-12-09 11:00:00,81.8,"[np.float64(803.5), np.float64(781.9), np.float64(794.1), np.float64(676.4), np.float64(823.4)]",awake,97.1,36.6,0,0
2023-12-09 11:30:00,68.8,"[np.float64(767.5), np.float64(867.4), np.float64(790.1), np.float64(820.2), np.float64(781.9)]",awake,98.1,14.6,0,0
2023-12-09 12:00:00,69.5,"[np.float64(804.8), np.float64(781.3), np.float64(781.3), np.float64(825.7), np.float64(806.2)]",awake,98.8,27.0,0,0
2023-12-09 12:30:00,71.8,"[np.float64(846.3), np.float64(827.5), np.float64(845.8), np.float64(816.6), np.float64(772.9)]",awake,98.2,35.5,0,0
2023-12-09 13:00:00,79.8,"[np.float64(779.3), np.float64(816.7), np.float64(708.0), np.float64(731.0), np.float64(838.7)]",awake,97.7,26.7,0,0
2023-12-09 13:30:00,63.3,"[np.float64(817.5), np.float64(800.2), np.float64(845.7), np.float64(826.5), np.float64(757.4)]",awake,97.2,21.8,0,0
2023-12-09 14:00:00,79.8,"[np.float64(791.4), np.float64(740.7), np.float64(757.8), np.float64(782.2), np.float64(726.3)]",awake,98.1,5.5,0,0
2023-12-09 14:30:00,80.1,"[np.float64(747.0), np.float64(775.3), np.float64(791.6), np.float64(736.3), np.float64(845.0)]",awake,98.1,16.6,0,0
2023-12-09 15:00:00,74.3,"[np.float64(821.0), np.float64(788.6), np.float64(820.9), np.float64(836.2), np.float64(880.9)]",awake,97.3,16.5,0,0
2023-12-09 15:30:00,79.4,"[np.float64(668.8), np.float64(815.9), np.float64(732.1), np.float64(843.2), np.float64(760.0)]",awake,98.3,12.2,0,0
2023-12-09 16:00:00,90.0,"[np.float64(761.1), np.float64(812.3), np.float64(802.7), np.float64(770.1), np.float64(783.6)]",awake,98.8,20.0,0,0
2023-12-09 16:30:00,76.4,"[np.float64(731.3), np.float64(778.6), np.float64(747.2), np.float64(741.7), np.float64(823.9)]",awake,98.3,13.8,0,0
2023-12-09 17:00:00,73.5,"[np.float64(798.6), np.float64(819.1), np.float64(768.2), np.float64(852.4), np.float64(802.5)]",awake,99.0,25.2,0,0
2023-12-09 17:30:00,67.6,"[np.float64(757.8), np.float64(830.9), np.float64(824.1), np.float64(756.8), np.float64(811.5)]",awake,98.6,0.4,0,0
2023-12-09 18:00:00,70.4,"[np.float64(815.7), np.float64(730.1), np.float64(785.8), np.float64(804.2), np.float64(833.6)]",awake,98.4,13.7,0,0
2023-12-09 18:30:00,69.9,"[np.float64(858.3), np.float64(791.6), np.float64(796.7), np.float64(770.3), np.float64(867.5)]",awake,97.9,18.3,0,0
2023-12-09 19:00:00,69.3,"[np.float64(738.4), np.float64(748.7), np.float64(807.1), np.float64(829.4), np.float64(813.4)]",awake,97.1,9.0,0,0
2023-12-09 19:30:00,86.3,"[np.float64(885.5), np.float64(838.5), np.float64(812.6), np.float64(842.7), np.float64(729.5)]",awake,98.2,20.0,0,0
2023-12-09 20:00:00,78.8,"[np.float64(852.4), np.float64(717.6), np.float64(802.8), np.float64(805.0), np.float64(858.6)]",awake,98.3,0.0,0,0
2023-12-09 20:30:00,90.7,"[np.float64(829.4), np.float64(761.3), np.float64(815.7), np.float64(836.4), np.float64(783.2)]",awake,97.7,19.4,0,0
2023-12-09 21:00:00,74.9,"[np.float64(763.0), np.float64(787.7), np.float64(759.9), np.float64(844.4), np.float64(869.6)]",awake,97.3,14.6,0,0
2023-12-09 21:30:00,74.6,"[np.float64(848.0), np.float64(746.9), np.float64(805.2), np.float64(809.0), np.float64(760.6)]",awake,98.1,15.5,0,0
2023-12-09 22:00:00,50.8,"[np.float64(935.9), np.float64(979.6), np.float64(958.9), np.float64(974.0), np.float64(1087.6)]",light,95.7,6.9,480,450
2023-12-09 22:30:00,68.4,"[np.float64(1028.3), np.float64(913.8), np.float64(1064.7), np.float64(949.3), np.float64(1065.3)]",light,96.0,4.3,480,450
2023-12-09 23:00:00,64.1,"[np.float64(1059.5), np.float64(961.3), np.float64(988.7), np.float64(1017.9), np.float64(872.4)]",light,96.2,5.2,480,450
2023-12-09 23:30:00,68.1,"[np.float64(937.3), np.float64(1046.1), np.float64(1055.9), np.float64(1083.8), np.float64(994.3)]",light,95.3,5.9,480,450
2023-12-10 00:00:00,56.5,"[np.float64(1100.2), np.float64(1031.2), np.float64(988.5), np.float64(1016.4), np.float64(1004.2)]",deep,97.1,5.4,480,450
2023-12-10 00:30:00,63.3,"[np.float64(997.4), np.float64(1100.7), np.float64(1040.1), np.float64(1090.3), np.float64(987.1)]",deep,95.6,3.7,480,450
2023-12-10 01:00:00,59.1,"[np.float64(1028.7), np.float64(1103.4), np.float64(927.7), np.float64(1004.1), np.float64(1123.8)]",deep,96.1,5.5,480,450
2023-12-10 01:30:00,61.1,"[np.float64(1023.1), np.float64(972.9), np.float64(928.8), np.float64(1050.1), np.float64(1033.5)]",deep,96.4,4.3,480,450
2023-12-10 02:00:00,55.8,"[np.float64(1059.9), np.float64(1052.6), np.float64(1081.3), np.float64(1036.1), np.float64(984.7)]",rem,95.8,5.2,480,450
2023-12-10 02:30:00,63.7,"[np.float64(1010.5), np.float64(953.1), np.float64(998.9), np.float64(978.8), np.float64(1008.5)]",rem,96.3,7.3,480,450
2023-12-10 03:00:00,53.8,"[np.float64(955.6), np.float64(929.0), np.float64(947.4), np.float64(1000.0), np.float64(1036.6)]",rem,96.7,7.1,480,450
2023-12-10 03:30:00,51.7,"[np.float64(952.4), np.float64(1101.3), np.float64(964.8), np.float64(1017.1), np.float64(991.2)]",rem,96.3,5.4,480,450
2023-12-10 04:00:00,58.7,"[np.float64(1014.2), np.float64(1026.1), np.float64(1013.4), np.float64(1040.9), np.float64(966.7)]",light,96.3,6.5,480,450
2023-12-10 04:30:00,58.0,"[np.float64(933.0), np.float64(1138.8), np.float64(961.0), np.float64(970.5), np.float64(962.0)]",light,95.9,6.7,480,450
2023-12-10 05:00:00,59.8,"[np.float64(1010.5), np.float64(952.2), np.float64(943.5), np.float64(893.4), np.float64(961.7)]",light,95.6,6.4,480,450
2023-12-10 05:30:00,58.1,"[np.float64(1025.1), np.float64(1012.1), np.float64(1049.6), np.float64(955.7), np.float64(999.8)]",light,96.3,3.4,480,450
2023-12-10 06:00:00,85.4,"[np.float64(831.0), np.float64(722.8), np.float64(774.2), np.float64(808.5), np.float64(815.4)]",awake,98.0,5.6,0,0
2023-12-10 06:30:00,74.6,"[np.float64(776.1), np.float64(804.6), np.float64(845.9), np.float64(844.5), np.float64(786.9)]",awake,98.0,20.4,0,0
2023-12-10 07:00:00,81.4,"[np.float64(809.3), np.float64(800.3), np.float64(836.6), np.float64(792.3), np.float64(774.2)]",awake,97.4,9.0,0,0
2023-12-10 07:30:00,64.8,"[np.float64(862.3), np.float64(766.4), np.float64(796.6), np.float64(726.9), np.float64(797.4)]",awake,98.2,12.6,0,0
2023-12-10 08:00:00,76.7,"[np.float64(852.0), np.float64(788.8), np.float64(735.4), np.float64(767.1), np.float64(817.7)]",awake,97.3,23.1,0,0
2023-12-10 08:30:00,74.1,"[np.float64(799.0), np.float64(782.9), np.float64(800.1), np.float64(834.7), np.float64(815.5)]",awake,97.0,29.9,0,0
2023-12-10 09:00:00,79.8,"[np.float64(760.4), np.float64(837.2), np.float64(781.6), np.float64(809.6), np.float64(822.4)]",awake,97.8,17.8,0,0
2023-12-10 09:30:00,73.3,"[np.float64(796.6), np.float64(751.0), np.float64(777.4), np.float64(811.7), np.float64(841.3)]",awake,97.1,7.9,0,0
2023-12-10 10:00:00,66.4,"[np.float64(792.7), np.float64(769.8), np.float64(781.3), np.float64(711.2), np.float64(833.2)]",awake,98.0,44.7,0,0
2023-12-10 10:30:00,73.0,"[np.float64(780.3), np.float64(726.2), np.float64(751.0), np.float64(847.9), np.float64(807.8)]",awake,98.4,28.0,0,0
2023-12-10 11:00:00,80.4,"[np.float64(753.1), np.float64(770.5), np.float64(741.2), np.float64(806.6), np.float64(802.6)]",awake,98.3,30.6,0,0
2023-12-10 11:30:00,69.6,"[np.float64(824.2), np.float64(763.7), np.float64(801.2), np.float64(814.1), np.float64(825.1)]",awake,97.5,26.8,0,0
2023-12-10 12:00:00,62.5,"[np.float64(709.8), np.float64(770.5), np.float64(810.8), np.float64(914.9), np.float64(800.9)]",awake,98.1,5.5,0,0
2023-12-10 12:30:00,65.0,"[np.float64(743.7), np.float64(833.9), np.float64(814.3), np.float64(744.5), np.float64(733.2)]",awake,98.5,28.2,0,0
2023-12-10 13:00:00,75.5,"[np.float64(765.7), np.float64(799.3), np.float64(806.8), np.float64(728.8), np.float64(774.3)]",awake,97.6,15.6,0,0
2023-12-10 13:30:00,68.3,"[np.float64(804.7), np.float64(846.0), np.float64(763.6), np.float64(785.8), np.float64(772.7)]",awake,98.1,18.2,0,0
2023-12-10 14:00:00,78.1,"[np.float64(805.7), np.float64(825.3), np.float64(772.7), np.float64(849.4), np.float64(826.1)]",awake,98.1,24.9,0,0
2023-12-10 14:30:00,76.2,"[np.float64(796.9), np.float64(896.2), np.float64(841.7), np.float64(695.2), np.float64(815.0)]",awake,97.3,36.0,0,0
2023-12-10 15:00:00,67.7,"[np.float64(873.7), np.float64(766.5), np.float64(768.8), np.float64(755.8), np.float64(761.0)]",awake,97.6,25.1,0,0
2023-12-10 15:30:00,82.0,"[np.float64(782.6), np.float64(779.0), np.float64(763.7), np.float64(787.9), np.float64(837.7)]",awake,98.0,23.5,0,0
2023-12-10 16:00:00,60.6,"[np.float64(794.9), np.float64(752.9), np.float64(811.1), np.float64(809.2), np.float64(806.2)]",awake,97.8,32.9,0,0
2023-12-10 16:30:00,75.3,"[np.float64(774.0), np.float64(771.7), np.float64(803.2), np.float64(785.9), np.float64(836.2)]",awake,98.8,11.9,0,0
2023-12-10 17:00:00,73.4,"[np.float64(716.0), np.float64(807.1), np.float64(778.7), np.float64(751.6), np.float64(819.0)]",awake,97.7,17.5,0,0
2023-12-10 17:30:00,72.7,"[np.float64(781.1), np.float64(757.0), np.float64(747.3), np.float64(782.6), np.float64(806.6)]",awake,98.8,10.8,0,0
2023-12-10 18:00:00,86.6,"[np.float64(756.6), np.float64(825.7), np.float64(721.9), np.float64(756.9), np.float64(791.3)]",awake,97.4,36.0,0,0
2023-12-10 18:30:00,75.8,"[np.float64(846.8), np.float64(799.4), np.float64(857.5), np.float64(813.8), np.float64(798.3)]",awake,97.8,25.1,0,0
2023-12-10 19:00:00,97.3,"[np.float64(751.2), np.float64(809.9), np.float64(703.2), np.float64(752.1), np.float64(778.2)]",awake,97.5,28.9,0,0
2023-12-10 19:30:00,66.0,"[np.float64(807.4), np.float64(749.5), np.float64(739.5), np.float64(777.9), np.float64(801.1)]",awake,97.8,25.0,0,0
2023-12-10 20:00:00,66.5,"[np.float64(832.8), np.float64(834.0), np.float64(811.5), np.float64(770.4), np.float64(784.8)]",awake,97.7,23.6,0,0
2023-12-10 20:30:00,77.3,"[np.float64(699.3), np.float64(776.9), np.float64(815.1), np.float64(780.9), np.float64(855.8)]",awake,98.5,22.6,0,0
2023-12-10 21:00:00,69.9,"[np.float64(795.0), np.float64(802.0), np.float64(848.8), np.float64(798.6), np.float64(781.4)]",awake,97.9,2.3,0,0
2023-12-10 21:30:00,75.8,"[np.float64(772.4), np.float64(794.4), np.float64(836.1), np.float64(783.5), np.float64(828.8)]",awake,98.2,15.6,0,0
2023-12-10 22:00:00,57.5,"[np.float64(1061.9), np.float64(1091.0), np.float64(1011.8), np.float64(996.8), np.float64(1012.1)]",light,95.2,3.7,480,450
2023-12-10 22:30:00,61.2,"[np.float64(984.2), np.float64(986.0), np.float64(1020.1), np.float64(1069.5), np.float64(1069.1)]",light,95.2,5.5,480,450
2023-12-10 23:00:00,69.5,"[np.float64(969.1), np.float64(1019.0), np.float64(1045.9), np.float64(969.3), np.float64(952.6)]",light,95.1,6.6,480,450
2023-12-10 23:30:00,58.3,"[np.float64(1030.7), np.float64(1047.6), np.float64(931.9), np.float64(1009.3), np.float64(1019.1)]",light,96.2,2.7,480,450
2023-12-11 00:00:00,60.3,"[np.float64(960.3), np.float64(1001.9), np.float64(968.4), np.float64(998.0), np.float64(1038.3)]",deep,95.1,4.5,480,450
2023-12-11 00:30:00,64.9,"[np.float64(901.6), np.float64(921.1), np.float64(1126.0), np.float64(954.0), np.float64(915.6)]",deep,96.0,4.5,480,450
2023-12-11 01:00:00,58.4,"[np.float64(988.3), np.float64(1015.7), np.float64(1002.3), np.float64(973.0), np.float64(962.5)]",deep,95.9,4.5,480,450
2023-12-11 01:30:00,68.2,"[np.float64(1038.8), np.float64(996.5), np.float64(948.3), np.float64(974.6), np.float64(1042.8)]",deep,95.4,7.4,480,450
2023-12-11 02:00:00,57.7,"[np.float64(1073.5), np.float64(1082.6), np.float64(1011.6), np.float64(930.9), np.float64(1002.3)]",rem,95.3,4.8,480,450
2023-12-11 02:30:00,65.5,"[np.float64(1029.9), np.float64(973.1), np.float64(1007.1), np.float64(1095.5), np.float64(1012.0)]",rem,95.6,4.9,480,450
2023-12-11 03:00:00,63.0,"[np.float64(1056.0), np.float64(953.8), np.float64(1012.5), np.float64(968.6), np.float64(947.1)]",rem,95.8,5.7,480,450
2023-12-11 03:30:00,60.8,"[np.float64(907.1), np.float64(989.4), np.float64(964.7), np.float64(1075.5), np.float64(924.1)]",rem,95.9,4.2,480,450
2023-12-11 04:00:00,45.8,"[np.float64(1047.7), np.float64(1031.4), np.float64(934.1), np.float64(1042.3), np.float64(956.6)]",light,96.3,6.9,480,450
2023-12-11 04:30:00,59.5,"[np.float64(1040.7), np.float64(976.3), np.float64(991.0), np.float64(982.1), np.float64(1001.8)]",light,96.4,1.7,480,450
2023-12-11 05:00:00,61.2,"[np.float64(979.2), np.float64(997.5), np.float64(1041.1), np.float64(1003.2), np.float64(896.4)]",light,96.6,4.3,480,450
2023-12-11 05:30:00,66.2,"[np.float64(946.0), np.float64(1005.2), np.float64(1036.4), np.float64(963.8), np.float64(1023.0)]",light,96.6,2.2,480,450
2023-12-11 06:00:00,85.5,"[np.float64(856.3), np.float64(888.5), np.float64(814.4), np.float64(848.8), np.float64(795.8)]",awake,97.4,25.6,0,0
2023-12-11 06:30:00,80.8,"[np.float64(745.8), np.float64(799.1), np.float64(767.1), np.float64(794.2), np.float64(803.6)]",awake,97.8,17.2,0,0
2023-12-11 07:00:00,141.7,"[np.float64(509.2), np.float64(435.2), np.float64(456.4), np.float64(440.6), np.float64(457.0)]",awake,98.4,80.2,0,0
2023-12-11 07:30:00,159.2,"[np.float64(402.5), np.float64(406.6), np.float64(490.8), np.float64(410.3), np.float64(419.4)]",awake,98.3,82.9,0,0
2023-12-11 08:00:00,151.0,"[np.float64(415.6), np.float64(502.0), np.float64(417.9), np.float64(386.4), np.float64(416.2)]",awake,98.4,79.4,0,0
2023-12-11 08:30:00,132.3,"[np.float64(456.2), np.float64(412.2), np.float64(427.2), np.float64(396.1), np.float64(448.1)]",awake,99.0,92.3,0,0
2023-12-11 09:00:00,58.0,"[np.float64(807.6), np.float64(796.8), np.float64(834.2), np.float64(840.8), np.float64(857.4)]",awake,98.7,25.8,0,0
2023-12-11 09:30:00,79.6,"[np.float64(819.4), np.float64(739.2), np.float64(802.4), np.float64(770.1), np.float64(830.1)]",awake,98.8,30.9,0,0
2023-12-11 10:00:00,78.3,"[np.float64(854.9), np.float64(819.0), np.float64(757.9), np.float64(779.7), np.float64(753.4)]",awake,97.7,20.3,0,0
2023-12-11 10:30:00,73.9,"[np.float64(720.4), np.float64(752.1), np.float64(805.3), np.float64(824.3), np.float64(788.3)]",awake,98.3,18.4,0,0
2023-12-11 11:00:00,78.9,"[np.float64(865.7), np.float64(778.0), np.float64(845.2), np.float64(837.1), np.float64(703.4)]",awake,98.1,24.4,0,0
2023-12-11 11:30:00,86.2,"[np.float64(827.9), np.float64(843.4), np.float64(699.9), np.float64(813.3), np.float64(831.9)]",awake,97.5,37.4,0,0
2023-12-11 12:00:00,83.0,"[np.float64(767.9), np.float64(780.2), np.float64(769.7), np.float64(841.8), np.float64(795.3)]",awake,98.5,8.9,0,0
2023-12-11 12:30:00,78.3,"[np.float64(766.6), np.float64(817.4), np.float64(792.9), np.float64(782.5), np.float64(857.6)]",awake,97.1,18.5,0,0
2023-12-11 13:00:00,87.7,"[np.float64(833.2), np.float64(786.8), np.float64(868.4), np.float64(786.4), np.float64(781.7)]",awake,98.8,34.1,0,0
2023-12-11 13:30:00,69.7,"[np.float64(813.9), np.float64(786.0), np.float64(770.4), np.float64(773.6), np.float64(789.9)]",awake,98.6,17.5,0,0
2023-12-11 14:00:00,85.8,"[np.float64(802.9), np.float64(843.1), np.float64(820.0), np.float64(799.3), np.float64(729.7)]",awake,97.9,14.3,0,0
2023-12-11 14:30:00,81.9,"[np.float64(815.5), np.float64(777.5), np.float64(768.3), np.float64(803.3), np.float64(835.4)]",awake,97.3,1.6,0,0
2023-12-11 15:00:00,77.9,"[np.float64(811.7), np.float64(776.0), np.float64(771.5), np.float64(729.5), np.float64(785.0)]",awake,98.1,2.0,0,0
2023-12-11 15:30:00,82.3,"[np.float64(812.4), np.float64(738.2), np.float64(855.4), np.float64(825.7), np.float64(816.5)]",awake,97.5,23.0,0,0
2023-12-11 16:00:00,83.6,"[np.float64(768.9), np.float64(748.1), np.float64(811.1), np.float64(770.6), np.float64(741.1)]",awake,98.6,12.1,0,0
2023-12-11 16:30:00,82.7,"[np.float64(779.4), np.float64(781.6), np.float64(739.7), np.float64(803.7), np.float64(745.3)]",awake,97.3,11.6,0,0
2023-12-11 17:00:00,72.6,"[np.float64(795.2), np.float64(831.7), np.float64(818.1), np.float64(802.9), np.float64(835.4)]",awake,97.5,33.6,0,0
2023-12-11 17:30:00,72.9,"[np.float64(872.6), np.float64(827.3), np.float64(752.5), np.float64(782.0), np.float64(772.7)]",awake,98.0,34.2,0,0
2023-12-11 18:00:00,75.1,"[np.float64(889.7), np.float64(773.3), np.float64(803.1), np.float64(813.3), np.float64(729.1)]",awake,98.2,22.3,0,0
2023-12-11 18:30:00,62.4,"[np.float64(765.6), np.float64(853.4), np.float64(860.3), np.float64(726.4), np.float64(829.0)]",awake,98.1,30.6,0,0
2023-12-11 19:00:00,71.5,"[np.float64(760.5), np.float64(832.7), np.float64(778.9), np.float64(900.5), np.float64(801.9)]",awake,99.0,31.7,0,0
2023-12-11 19:30:00,70.0,"[np.float64(893.7), np.float64(809.0), np.float64(726.3), np.float64(871.7), np.float64(757.1)]",awake,98.3,2.7,0,0
2023-12-11 20:00:00,86.5,"[np.float64(806.5), np.float64(853.7), np.float64(794.5), np.float64(674.1), np.float64(775.7)]",awake,97.5,30.8,0,0
2023-12-11 20:30:00,78.0,"[np.float64(746.9), np.float64(818.0), np.float64(816.1), np.float64(796.9), np.float64(850.2)]",awake,97.7,27.9,0,0
2023-12-11 21:00:00,78.8,"[np.float64(864.6), np.float64(855.2), np.float64(797.2), np.float64(760.6), np.float64(790.8)]",awake,97.8,28.9,0,0
2023-12-11 21:30:00,69.0,"[np.float64(796.8), np.float64(804.8), np.float64(821.8), np.float64(837.5), np.float64(809.7)]",awake,98.2,20.7,0,0
2023-12-11 22:00:00,47.6,"[np.float64(908.1), np.float64(940.6), np.float64(1053.3), np.float64(976.3), np.float64(1073.8)]",light,96.3,4.7,480,450
2023-12-11 22:30:00,47.3,"[np.float64(968.6), np.float64(1018.9), np.float64(950.2), np.float64(1081.7), np.float64(1085.8)]",light,96.0,2.8,480,450
2023-12-11 23:00:00,58.0,"[np.float64(1041.7), np.float64(1046.9), np.float64(1082.2), np.float64(1005.4), np.float64(1042.9)]",light,96.3,3.5,480,450
2023-12-11 23:30:00,51.4,"[np.float64(979.8), np.float64(979.4), np.float64(971.3), np.float64(990.4), np.float64(1056.9)]",light,95.8,4.5,480,450
2023-12-12 00:00:00,54.6,"[np.float64(990.4), np.float64(1030.3), np.float64(1023.5), np.float64(934.3), np.float64(1024.6)]",deep,96.2,6.8,480,450
2023-12-12 00:30:00,66.3,"[np.float64(947.7), np.float64(986.5), np.float64(1027.1), np.float64(1037.4), np.float64(1074.0)]",deep,95.8,4.9,480,450
2023-12-12 01:00:00,58.3,"[np.float64(931.6), np.float64(1056.1), np.float64(974.3), np.float64(954.2), np.float64(1045.9)]",deep,95.9,2.2,480,450
2023-12-12 01:30:00,66.3,"[np.float64(923.8), np.float64(1041.1), np.float64(973.4), np.float64(980.6), np.float64(955.5)]",deep,95.6,3.7,480,450
2023-12-12 02:00:00,61.6,"[np.float64(993.5), np.float64(915.2), np.float64(1054.4), np.float64(1041.2), np.float64(936.5)]",rem,94.8,6.9,480,450
2023-12-12 02:30:00,61.3,"[np.float64(973.3), np.float64(1004.6), np.float64(903.8), np.float64(985.1), np.float64(1022.6)]",rem,95.8,1.4,480,450
2023-12-12 03:00:00,52.0,"[np.float64(940.8), np.float64(928.1), np.float64(1008.5), np.float64(897.8), np.float64(960.5)]",rem,96.3,4.4,480,450
2023-12-12 03:30:00,59.2,"[np.float64(1002.4), np.float64(1044.5), np.float64(1035.0), np.float64(964.1), np.float64(953.7)]",rem,95.8,3.7,480,450
2023-12-12 04:00:00,58.2,"[np.float64(1032.8), np.float64(968.1), np.float64(993.5), np.float64(913.2), np.float64(1035.3)]",light,96.5,8.9,480,450
2023-12-12 04:30:00,55.8,"[np.float64(884.3), np.float64(989.4), np.float64(1079.9), np.float64(1018.3), np.float64(1040.2)]",light,96.7,5.2,480,450
2023-12-12 05:00:00,51.4,"[np.float64(1074.8), np.float64(1068.2), np.float64(1073.3), np.float64(881.6), np.float64(1044.9)]",light,96.3,7.4,480,450
2023-12-12 05:30:00,67.7,"[np.float64(958.7), np.float64(1030.4), np.float64(1009.2), np.float64(1108.1), np.float64(1028.6)]",light,96.0,6.2,480,450
2023-12-12 06:00:00,68.1,"[np.float64(746.9), np.float64(822.8), np.float64(733.7), np.float64(785.0), np.float64(827.3)]",awake,98.0,12.0,0,0
2023-12-12 06:30:00,72.9,"[np.float64(916.3), np.float64(809.3), np.float64(814.8), np.float64(795.2), np.float64(804.0)]",awake,97.3,16.1,0,0
2023-12-12 07:00:00,127.6,"[np.float64(389.1), np.float64(446.4), np.float64(475.1), np.float64(398.9), np.float64(426.2)]",awake,97.0,83.7,0,0
2023-12-12 07:30:00,145.1,"[np.float64(428.0), np.float64(451.1), np.float64(379.6), np.float64(430.0), np.float64(416.7)]",awake,97.5,92.8,0,0
2023-12-12 08:00:00,140.6,"[np.float64(450.6), np.float64(406.2), np.float64(412.0), np.float64(429.5), np.float64(424.4)]",awake,98.4,86.9,0,0
2023-12-12 08:30:00,160.6,"[np.float64(410.4), np.float64(425.4), np.float64(421.5), np.float64(439.1), np.float64(454.1)]",awake,97.6,85.2,0,0
2023-12-12 09:00:00,78.5,"[np.float64(799.8), np.float64(801.5), np.float64(764.1), np.float64(851.5), np.float64(791.4)]",awake,97.7,12.8,0,0
2023-12-12 09:30:00,71.0,"[np.float64(794.8), np.float64(815.9), np.float64(817.1), np.float64(753.5), np.float64(825.7)]",awake,98.1,36.3,0,0
2023-12-12 10:00:00,76.2,"[np.float64(788.7), np.float64(773.9), np.float64(804.7), np.float64(841.4), np.float64(744.4)]",awake,98.0,28.0,0,0
2023-12-12 10:30:00,71.6,"[np.float64(847.1), np.float64(798.5), np.float64(917.5), np.float64(816.5), np.float64(790.2)]",awake,97.1,25.0,0,0
2023-12-12 11:00:00,96.3,"[np.float64(807.4), np.float64(801.0), np.float64(906.7), np.float64(830.3), np.float64(790.5)]",awake,98.0,21.8,0,0
2023-12-12 11:30:00,77.6,"[np.float64(801.9), np.float64(783.7), np.float64(799.7), np.float64(775.1), np.float64(814.3)]",awake,98.2,18.9,0,0
2023-12-12 12:00:00,73.4,"[np.float64(867.1), np.float64(798.5), np.float64(817.3), np.float64(787.1), np.float64(806.9)]",awake,97.9,11.5,0,0
2023-12-12 12:30:00,75.7,"[np.float64(837.3), np.float64(774.9), np.float64(746.5), np.float64(768.8), np.float64(777.0)]",awake,98.0,25.8,0,0
2023-12-12 13:00:00,75.1,"[np.float64(847.8), np.float64(767.4), np.float64(774.5), np.float64(795.1), np.float64(823.7)]",awake,98.0,36.9,0,0
2023-12-12 13:30:00,66.2,"[np.float64(794.4), np.float64(661.1), np.float64(832.0), np.float64(850.8), np.float64(747.7)]",awake,98.0,13.2,0,0
2023-12-12 14:00:00,67.8,"[np.float64(848.7), np.float64(771.2), np.float64(721.2), np.float64(698.7), np.float64(801.6)]",awake,97.6,22.6,0,0
2023-12-12 14:30:00,85.9,"[np.float64(753.8), np.float64(787.4), np.float64(806.5), np.float64(780.6), np.float64(768.7)]",awake,97.7,16.8,0,0
2023-12-12 15:00:00,66.1,"[np.float64(796.4), np.float64(806.5), np.float64(833.9), np.float64(876.9), np.float64(853.3)]",awake,98.2,21.0,0,0
2023-12-12 15:30:00,74.1,"[np.float64(857.0), np.float64(781.8), np.float64(738.3), np.float64(822.0), np.float64(785.3)]",awake,98.5,33.9,0,0
2023-12-12 16:00:00,74.9,"[np.float64(817.1), np.float64(798.0), np.float64(791.8), np.float64(809.2), np.float64(834.2)]",awake,98.5,50.0,0,0
2023-12-12 16:30:00,80.8,"[np.float64(788.4), np.float64(796.6), np.float64(779.5), np.float64(769.4), np.float64(744.9)]",awake,97.9,19.7,0,0
2023-12-12 17:00:00,79.0,"[np.float64(906.4), np.float64(790.0), np.float64(865.1), np.float64(775.4), np.float64(814.9)]",awake,97.7,35.4,0,0
2023-12-12 17:30:00,77.4,"[np.float64(776.6), np.float64(786.0), np.float64(760.4), np.float64(748.0), np.float64(775.1)]",awake,97.9,21.8,0,0
2023-12-12 18:00:00,81.6,"[np.float64(841.8), np.float64(782.8), np.float64(757.7), np.float64(810.6), np.float64(785.1)]",awake,98.0,29.4,0,0
2023-12-12 18:30:00,81.8,"[np.float64(852.7), np.float64(821.6), np.float64(802.0), np.float64(796.1), np.float64(742.5)]",awake,98.3,29.0,0,0
2023-12-12 19:00:00,89.3,"[np.float64(744.3), np.float64(873.0), np.float64(866.1), np.float64(860.6), np.float64(868.9)]",awake,99.0,11.7,0,0
2023-12-12 19:30:00,72.5,"[np.float64(695.6), np.float64(815.5), np.float64(785.0), np.float64(859.7), np.float64(817.3)]",awake,98.0,1.7,0,0
2023-12-12 20:00:00,68.8,"[np.float64(960.1), np.float64(703.1), np.float64(793.4), np.float64(736.7), np.float64(770.9)]",awake,97.8,2.9,0,0
2023-12-12 20:30:00,86.9,"[np.float64(762.4), np.float64(814.9), np.float64(837.9), np.float64(808.7), np.float64(761.7)]",awake,98.3,21.2,0,0
2023-12-12 21:00:00,69.8,"[np.float64(742.5), np.float64(828.3), np.float64(834.2), np.float64(786.6), np.float64(763.4)]",awake,97.4,29.3,0,0
2023-12-12 21:30:00,69.7,"[np.float64(765.7), np.float64(778.8), np.float64(794.3), np.float64(766.5), np.float64(837.2)]",awake,97.0,23.8,0,0
2023-12-12 22:00:00,53.9,"[np.float64(967.8), np.float64(1007.3), np.float64(933.8), np.float64(1014.2), np.float64(1034.2)]",light,96.2,0.0,480,450
2023-12-12 22:30:00,59.8,"[np.float64(1023.7), np.float64(900.7), np.float64(975.4), np.float64(1016.2), np.float64(1005.9)]",light,95.7,7.7,480,450
2023-12-12 23:00:00,59.7,"[np.float64(1045.3), np.float64(951.3), np.float64(948.3), np.float64(974.1), np.float64(1062.7)]",light,96.5,2.8,480,450
2023-12-12 23:30:00,63.3,"[np.float64(995.1), np.float64(1083.4), np.float64(970.8), np.float64(1032.8), np.float64(1056.1)]",light,94.6,5.0,480,450
2023-12-13 00:00:00,53.1,"[np.float64(981.7), np.float64(1001.8), np.float64(1050.4), np.float64(988.3), np.float64(965.5)]",deep,96.6,4.1,480,450
2023-12-13 00:30:00,61.9,"[np.float64(933.1), np.float64(987.4), np.float64(980.3), np.float64(1011.2), np.float64(1002.4)]",deep,96.1,7.0,480,450
2023-12-13 01:00:00,64.5,"[np.float64(1025.1), np.float64(1001.6), np.float64(1006.1), np.float64(975.7), np.float64(1013.1)]",deep,96.3,5.9,480,450
2023-12-13 01:30:00,64.7,"[np.float64(1028.4), np.float64(1036.3), np.float64(960.6), np.float64(960.9), np.float64(1029.8)]",deep,96.2,2.5,480,450
2023-12-13 02:00:00,60.9,"[np.float64(946.9), np.float64(954.7), np.float64(978.1), np.float64(952.7), np.float64(968.7)]",rem,96.1,4.3,480,450
2023-12-13 02:30:00,58.5,"[np.float64(1010.1), np.float64(1046.1), np.float64(938.9), np.float64(942.6), np.float64(975.2)]",rem,95.2,2.3,480,450
2023-12-13 03:00:00,58.5,"[np.float64(1010.6), np.float64(975.6), np.float64(978.9), np.float64(898.6), np.float64(997.1)]",rem,96.5,4.5,480,450
2023-12-13 03:30:00,61.5,"[np.float64(1138.4), np.float64(1082.0), np.float64(1017.8), np.float64(972.8), np.float64(1011.2)]",rem,96.1,8.2,480,450
2023-12-13 04:00:00,57.3,"[np.float64(966.4), np.float64(956.6), np.float64(932.8), np.float64(987.4), np.float64(946.2)]",light,95.2,4.2,480,450
2023-12-13 04:30:00,57.8,"[np.float64(942.5), np.float64(1027.1), np.float64(992.1), np.float64(1065.7), np.float64(910.7)]",light,95.7,4.5,480,450
2023-12-13 05:00:00,62.8,"[np.float64(1058.4), np.float64(1000.5), np.float64(1072.9), np.float64(964.6), np.float64(922.0)]",light,95.9,3.2,480,450
2023-12-13 05:30:00,61.0,"[np.float64(1025.1), np.float64(1080.3), np.float64(1021.3), np.float64(1033.6), np.float64(893.6)]",light,95.8,6.0,480,450
2023-12-13 06:00:00,92.3,"[np.float64(778.9), np.float64(787.8), np.float64(822.5), np.float64(754.9), np.float64(830.7)]",awake,97.8,20.4,0,0
2023-12-13 06:30:00,83.2,"[np.float64(844.5), np.float64(796.9), np.float64(751.9), np.float64(743.1), np.float64(756.4)]",awake,98.5,30.9,0,0
2023-12-13 07:00:00,128.2,"[np.float64(474.7), np.float64(432.0), np.float64(425.7), np.float64(364.4), np.float64(463.6)]",awake,99.0,87.6,0,0
2023-12-13 07:30:00,138.6,"[np.float64(422.1), np.float64(436.4), np.float64(409.5), np.float64(436.7), np.float64(458.9)]",awake,97.8,83.1,0,0
2023-12-13 08:00:00,136.2,"[np.float64(385.3), np.float64(463.1), np.float64(478.8), np.float64(402.1), np.float64(397.2)]",awake,98.2,85.9,0,0
2023-12-13 08:30:00,148.4,"[np.float64(453.4), np.float64(403.2), np.float64(400.2), np.float64(398.9), np.float64(406.8)]",awake,97.1,88.1,0,0
2023-12-13 09:00:00,75.2,"[np.float64(764.8), np.float64(794.1), np.float64(769.2), np.float64(802.7), np.float64(814.6)]",awake,97.4,24.3,0,0
2023-12-13 09:30:00,70.5,"[np.float64(748.6), np.float64(781.8), np.float64(765.2), np.float64(801.9), np.float64(787.9)]",awake,97.4,13.0,0,0
2023-12-13 10:00:00,71.0,"[np.float64(764.8), np.float64(786.2), np.float64(851.9), np.float64(815.1), np.float64(819.5)]",awake,97.6,0.8,0,0
2023-12-13 10:30:00,80.3,"[np.float64(781.1), np.float64(815.5), np.float64(815.3), np.float64(791.5), np.float64(865.2)]",awake,97.3,24.6,0,0
2023-12-13 11:00:00,66.6,"[np.float64(821.0), np.float64(769.7), np.float64(755.2), np.float64(757.2), np.float64(844.4)]",awake,97.4,13.5,0,0
2023-12-13 11:30:00,73.8,"[np.float64(712.0), np.float64(856.9), np.float64(743.1), np.float64(765.0), np.float64(833.9)]",awake,97.9,13.8,0,0
2023-12-13 12:00:00,73.1,"[np.float64(836.2), np.float64(821.1), np.float64(750.6), np.float64(749.7), np.float64(804.8)]",awake,98.0,25.9,0,0
2023-12-13 12:30:00,94.2,"[np.float64(782.2), np.float64(751.0), np.float64(785.7), np.float64(733.0), np.float64(872.4)]",awake,98.7,0.7,0,0
2023-12-13 13:00:00,71.5,"[np.float64(807.3), np.float64(829.6), np.float64(730.0), np.float64(770.9), np.float64(827.8)]",awake,97.7,16.6,0,0
2023-12-13 13:30:00,79.0,"[np.float64(786.1), np.float64(815.6), np.float64(806.9), np.float64(782.0), np.float64(758.9)]",awake,97.8,14.8,0,0
2023-12-13 14:00:00,77.4,"[np.float64(738.9), np.float64(853.5), np.float64(797.4), np.float64(785.8), np.float64(845.8)]",awake,98.4,15.3,0,0
2023-12-13 14:30:00,71.5,"[np.float64(777.1), np.float64(758.0), np.float64(802.5), np.float64(843.5), np.float64(808.2)]",awake,97.6,19.3,0,0
2023-12-13 15:00:00,65.0,"[np.float64(825.1), np.float64(809.2), np.float64(767.8), np.float64(767.6), np.float64(848.8)]",awake,99.0,19.5,0,0
2023-12-13 15:30:00,70.0,"[np.float64(816.9), np.float64(784.6), np.float64(827.2), np.float64(820.0), np.float64(822.8)]",awake,98.3,12.1,0,0
2023-12-13 16:00:00,77.2,"[np.float64(856.6), np.float64(811.3), np.float64(795.0), np.float64(771.6), np.float64(807.1)]",awake,97.6,23.1,0,0
2023-12-13 16:30:00,74.5,"[np.float64(752.3), np.float64(791.2), np.float64(768.4), np.float64(827.5), np.float64(784.0)]",awake,98.5,20.8,0,0
2023-12-13 17:00:00,76.9,"[np.float64(852.7), np.float64(820.8), np.float64(845.3), np.float64(773.3), np.float64(778.2)]",awake,98.4,40.4,0,0
2023-12-13 17:30:00,84.5,"[np.float64(831.8), np.float64(829.2), np.float64(816.9), np.float64(774.5), np.float64(796.0)]",awake,98.1,28.3,0,0
2023-12-13 18:00:00,80.7,"[np.float64(785.5), np.float64(751.7), np.float64(769.0), np.float64(790.1), np.float64(867.0)]",awake,97.6,22.4,0,0
2023-12-13 18:30:00,73.2,"[np.float64(828.8), np.float64(768.2), np.float64(779.3), np.float64(736.9), np.float64(771.5)]",awake,98.3,10.6,0,0
2023-12-13 19:00:00,70.8,"[np.float64(822.6), np.float64(790.7), np.float64(728.8), np.float64(844.0), np.float64(793.1)]",awake,98.6,19.3,0,0
2023-12-13 19:30:00,71.5,"[np.float64(763.5), np.float64(751.7), np.float64(844.9), np.float64(839.8), np.float64(728.2)]",awake,98.1,15.2,0,0
2023-12-13 20:00:00,60.4,"[np.float64(812.4), np.float64(790.6), np.float64(786.0), np.float64(841.5), np.float64(808.5)]",awake,97.5,24.5,0,0
2023-12-13 20:30:00,88.7,"[np.float64(848.5), np.float64(822.4), np.float64(792.4), np.float64(804.8), np.float64(801.3)]",awake,98.7,16.4,0,0
2023-12-13 21:00:00,83.7,"[np.float64(765.0), np.float64(814.3), np.float64(778.0), np.float64(779.4), np.float64(834.5)]",awake,97.5,0.0,0,0
2023-12-13 21:30:00,75.6,"[np.float64(803.8), np.float64(757.6), np.float64(827.3), np.float64(856.5), np.float64(807.1)]",awake,98.1,0.0,0,0
2023-12-13 22:00:00,59.2,"[np.float64(1011.9), np.float64(1042.8), np.float64(979.3), np.float64(1059.1), np.float64(929.3)]",light,95.3,7.1,480,450
2023-12-13 22:30:00,55.3,"[np.float64(1056.0), np.float64(1015.2), np.float64(920.6), np.float64(1073.6), np.float64(976.4)]",light,95.8,5.8,480,450
2023-12-13 23:00:00,54.6,"[np.float64(952.4), np.float64(902.1), np.float64(949.0), np.float64(1041.4), np.float64(1020.8)]",light,95.7,2.4,480,450
2023-12-13 23:30:00,62.8,"[np.float64(993.4), np.float64(923.9), np.float64(913.0), np.float64(1002.1), np.float64(927.4)]",light,96.3,7.2,480,450
2023-12-14 00:00:00,57.6,"[np.float64(970.2), np.float64(1017.7), np.float64(975.0), np.float64(956.3), np.float64(1023.8)]",deep,96.3,5.8,480,450
2023-12-14 00:30:00,54.5,"[np.float64(895.1), np.float64(983.5), np.float64(1052.9), np.float64(914.7), np.float64(976.3)]",deep,96.0,8.5,480,450
2023-12-14 01:00:00,54.7,"[np.float64(950.4), np.float64(1003.0), np.float64(851.1), np.float64(926.3), np.float64(1062.2)]",deep,95.5,6.7,480,450
2023-12-14 01:30:00,65.2,"[np.float64(947.2), np.float64(995.2), np.float64(991.4), np.float64(1038.7), np.float64(949.9)]",deep,96.4,7.0,480,450
2023-12-14 02:00:00,53.6,"[np.float64(869.9), np.float64(996.2), np.float64(1012.1), np.float64(1093.6), np.float64(979.1)]",rem,96.3,4.9,480,450
2023-12-14 02:30:00,54.4,"[np.float64(917.3), np.float64(1009.6), np.float64(882.1), np.float64(1030.1), np.float64(1006.3)]",rem,95.5,3.5,480,450
2023-12-14 03:00:00,60.8,"[np.float64(1116.0), np.float64(999.5), np.float64(1032.4), np.float64(973.4), np.float64(964.1)]",rem,96.1,4.5,480,450
2023-12-14 03:30:00,72.8,"[np.float64(984.4), np.float64(1014.0), np.float64(949.6), np.float64(978.5), np.float64(1046.1)]",rem,95.7,2.6,480,450
2023-12-14 04:00:00,61.5,"[np.float64(1020.2), np.float64(1037.8), np.float64(1017.6), np.float64(1039.0), np.float64(1043.3)]",light,96.3,7.7,480,450
2023-12-14 04:30:00,63.7,"[np.float64(1038.2), np.float64(1026.8), np.float64(1052.2), np.float64(1060.9), np.float64(1046.3)]",light,96.3,3.9,480,450
2023-12-14 05:00:00,55.1,"[np.float64(975.3), np.float64(880.2), np.float64(984.5), np.float64(991.3), np.float64(1028.1)]",light,95.5,4.7,480,450
2023-12-14 05:30:00,54.2,"[np.float64(1004.8), np.float64(944.5), np.float64(958.6), np.float64(1080.6), np.float64(1011.7)]",light,95.3,4.4,480,450
2023-12-14 06:00:00,66.6,"[np.float64(845.1), np.float64(789.9), np.float64(806.5), np.float64(826.8), np.float64(826.6)]",awake,97.7,21.6,0,0
2023-12-14 06:30:00,63.4,"[np.float64(749.1), np.float64(768.0), np.float64(846.4), np.float64(779.2), np.float64(754.2)]",awake,98.2,25.9,0,0
2023-12-14 07:00:00,146.1,"[np.float64(446.4), np.float64(465.8), np.float64(455.0), np.float64(418.7), np.float64(450.3)]",awake,97.9,84.0,0,0
2023-12-14 07:30:00,137.5,"[np.float64(413.7), np.float64(445.7), np.float64(460.0), np.float64(479.5), np.float64(459.8)]",awake,97.7,90.2,0,0
2023-12-14 08:00:00,133.8,"[np.float64(429.8), np.float64(472.7), np.float64(439.9), np.float64(411.0), np.float64(400.0)]",awake,98.3,78.4,0,0
2023-12-14 08:30:00,119.4,"[np.float64(425.4), np.float64(439.5), np.float64(454.6), np.float64(425.4), np.float64(437.9)]",awake,98.7,89.7,0,0
2023-12-14 09:00:00,80.4,"[np.float64(783.4), np.float64(770.8), np.float64(746.7), np.float64(788.2), np.float64(833.7)]",awake,98.0,21.0,0,0
2023-12-14 09:30:00,80.1,"[np.float64(825.2), np.float64(740.5), np.float64(849.9), np.float64(837.9), np.float64(758.6)]",awake,98.0,0.0,0,0
2023-12-14 10:00:00,74.0,"[np.float64(799.5), np.float64(754.5), np.float64(845.9), np.float64(758.3), np.float64(810.8)]",awake,98.4,11.8,0,0
2023-12-14 10:30:00,73.8,"[np.float64(851.9), np.float64(790.7), np.float64(766.0), np.float64(782.4), np.float64(885.8)]",awake,97.6,20.5,0,0
2023-12-14 11:00:00,65.9,"[np.float64(820.3), np.float64(729.3), np.float64(802.2), np.float64(859.4), np.float64(896.0)]",awake,98.2,12.3,0,0
2023-12-14 11:30:00,81.5,"[np.float64(838.6), np.float64(822.7), np.float64(841.0), np.float64(790.1), np.float64(774.5)]",awake,98.3,33.9,0,0
2023-12-14 12:00:00,66.8,"[np.float64(879.2), np.float64(833.8), np.float64(752.7), np.float64(815.7), np.float64(728.7)]",awake,97.6,27.3,0,0
2023-12-14 12:30:00,81.7,"[np.float64(746.0), np.float64(772.4), np.float64(865.8), np.float64(793.5), np.float64(844.0)]",awake,98.7,28.5,0,0
2023-12-14 13:00:00,74.5,"[np.float64(824.6), np.float64(813.0), np.float64(791.5), np.float64(782.1), np.float64(814.8)]",awake,99.0,13.6,0,0
2023-12-14 13:30:00,71.6,"[np.float64(753.6), np.float64(784.4), np.float64(758.2), np.float64(708.4), np.float64(894.2)]",awake,98.1,26.7,0,0
2023-12-14 14:00:00,79.2,"[np.float64(809.3), np.float64(795.9), np.float64(756.5), np.float64(716.6), np.float64(804.6)]",awake,97.9,9.3,0,0
2023-12-14 14:30:00,84.9,"[np.float64(795.3), np.float64(800.7), np.float64(773.9), np.float64(795.8), np.float64(810.1)]",awake,98.5,23.0,0,0
2023-12-14 15:00:00,92.6,"[np.float64(747.5), np.float64(742.1), np.float64(808.8), np.float64(842.3), np.float64(802.9)]",awake,98.5,19.7,0,0
2023-12-14 15:30:00,76.3,"[np.float64(738.8), np.float64(812.1), np.float64(828.8), np.float64(788.3), np.float64(714.9)]",awake,99.0,6.3,0,0
2023-12-14 16:00:00,82.2,"[np.float64(846.5), np.float64(759.8), np.float64(818.9), np.float64(859.7), np.float64(878.1)]",awake,98.5,21.9,0,0
2023-12-14 16:30:00,70.9,"[np.float64(864.8), np.float64(788.4), np.float64(747.6), np.float64(823.7), np.float64(764.9)]",awake,97.3,23.9,0,0
2023-12-14 17:00:00,55.3,"[np.float64(719.3), np.float64(851.2), np.float64(869.5), np.float64(785.8), np.float64(863.7)]",awake,98.0,14.9,0,0
2023-12-14 17:30:00,76.8,"[np.float64(860.4), np.float64(723.5), np.float64(802.1), np.float64(786.3), np.float64(901.7)]",awake,98.5,27.7,0,0
2023-12-14 18:00:00,67.9,"[np.float64(817.5), np.float64(854.2), np.float64(887.4), np.float64(798.2), np.float64(818.4)]",awake,97.8,5.1,0,0
2023-12-14 18:30:00,74.3,"[np.float64(789.8), np.float64(848.0), np.float64(807.6), np.float64(763.1), np.float64(844.9)]",awake,96.8,19.0,0,0
2023-12-14 19:00:00,81.1,"[np.float64(777.7), np.float64(816.3), np.float64(826.0), np.float64(827.2), np.float64(784.3)]",awake,97.3,25.7,0,0
2023-12-14 19:30:00,81.9,"[np.float64(757.2), np.float64(862.8), np.float64(717.0), np.float64(802.8), np.float64(842.0)]",awake,98.6,5.7,0,0
2023-12-14 20:00:00,71.8,"[np.float64(796.1), np.float64(821.3), np.float64(834.0), np.float64(804.8), np.float64(835.9)]",awake,98.1,16.2,0,0
2023-12-14 20:30:00,82.5,"[np.float64(894.9), np.float64(800.0), np.float64(766.7), np.float64(749.2), np.float64(709.9)]",awake,98.0,11.9,0,0
2023-12-14 21:00:00,69.8,"[np.float64(750.0), np.float64(856.5), np.float64(774.2), np.float64(819.7), np.float64(759.8)]",awake,97.4,28.3,0,0
2023-12-14 21:30:00,79.2,"[np.float64(806.9), np.float64(809.0), np.float64(768.3), np.float64(792.5), np.float64(772.1)]",awake,97.6,26.1,0,0
2023-12-14 22:00:00,63.6,"[np.float64(1025.2), np.float64(1023.0), np.float64(934.1), np.float64(973.9), np.float64(1030.5)]",light,94.7,4.3,480,450
2023-12-14 22:30:00,58.5,"[np.float64(985.9), np.float64(1007.0), np.float64(1023.5), np.float64(1020.6), np.float64(993.8)]",light,96.2,2.9,480,450
2023-12-14 23:00:00,58.6,"[np.float64(1039.1), np.float64(873.0), np.float64(1102.7), np.float64(1012.8), np.float64(1010.2)]",light,96.0,3.7,480,450
2023-12-14 23:30:00,51.9,"[np.float64(1046.3), np.float64(953.7), np.float64(1023.5), np.float64(1024.7), np.float64(983.0)]",light,96.2,8.6,480,450
2023-12-15 00:00:00,63.4,"[np.float64(1163.9), np.float64(970.8), np.float64(1004.1), np.float64(959.6), np.float64(970.4)]",deep,97.2,6.1,480,450
2023-12-15 00:30:00,62.9,"[np.float64(1002.4), np.float64(995.2), np.float64(891.1), np.float64(983.1), np.float64(1019.3)]",deep,94.9,7.4,480,450
2023-12-15 01:00:00,63.0,"[np.float64(1047.4), np.float64(924.4), np.float64(969.0), np.float64(1038.2), np.float64(971.5)]",deep,95.6,4.2,480,450
2023-12-15 01:30:00,51.3,"[np.float64(1033.1), np.float64(882.2), np.float64(1009.4), np.float64(934.4), np.float64(957.2)]",deep,96.7,3.4,480,450
2023-12-15 02:00:00,62.5,"[np.float64(917.3), np.float64(1016.9), np.float64(938.9), np.float64(978.3), np.float64(941.9)]",rem,94.8,0.0,480,450
2023-12-15 02:30:00,56.7,"[np.float64(975.7), np.float64(979.4), np.float64(1072.4), np.float64(996.9), np.float64(1079.9)]",rem,95.5,8.2,480,450
2023-12-15 03:00:00,66.6,"[np.float64(1021.0), np.float64(929.2), np.float64(967.9), np.float64(951.1), np.float64(973.6)]",rem,96.1,4.5,480,450
2023-12-15 03:30:00,51.6,"[np.float64(1008.2), np.float64(1033.3), np.float64(979.2), np.float64(1117.2), np.float64(963.2)]",rem,95.8,8.7,480,450
2023-12-15 04:00:00,66.4,"[np.float64(947.4), np.float64(1011.3), np.float64(992.0), np.float64(1024.0), np.float64(993.4)]",light,96.0,3.0,480,450
2023-12-15 04:30:00,70.3,"[np.float64(1075.2), np.float64(1069.6), np.float64(940.9), np.float64(1005.6), np.float64(875.2)]",light,95.7,6.6,480,450
2023-12-15 05:00:00,66.9,"[np.float64(1059.6), np.float64(970.2), np.float64(1009.5), np.float64(983.6), np.float64(1032.7)]",light,95.7,3.2,480,450
2023-12-15 05:30:00,59.2,"[np.float64(1027.2), np.float64(1055.8), np.float64(1074.2), np.float64(1010.9), np.float64(1011.3)]",light,96.2,3.2,480,450
2023-12-15 06:00:00,72.5,"[np.float64(774.0), np.float64(751.5), np.float64(854.4), np.float64(776.9), np.float64(772.9)]",awake,97.5,22.3,0,0
2023-12-15 06:30:00,90.3,"[np.float64(810.7), np.float64(758.4), np.float64(826.2), np.float64(826.1), np.float64(862.8)]",awake,98.5,20.1,0,0
2023-12-15 07:00:00,145.3,"[np.float64(457.1), np.float64(483.0), np.float64(442.1), np.float64(421.1), np.float64(413.9)]",awake,97.3,86.4,0,0
2023-12-15 07:30:00,165.6,"[np.float64(359.3), np.float64(374.6), np.float64(443.2), np.float64(466.1), np.float64(396.9)]",awake,98.3,81.8,0,0
2023-12-15 08:00:00,132.1,"[np.float64(434.5), np.float64(398.6), np.float64(468.8), np.float64(445.0), np.float64(445.1)]",awake,98.1,85.0,0,0
2023-12-15 08:30:00,160.3,"[np.float64(421.3), np.float64(512.9), np.float64(435.0), np.float64(484.3), np.float64(416.5)]",awake,98.7,77.6,0,0
2023-12-15 09:00:00,66.2,"[np.float64(861.1), np.float64(763.8), np.float64(835.7), np.float64(727.8), np.float64(756.0)]",awake,97.8,27.6,0,0
2023-12-15 09:30:00,81.0,"[np.float64(817.1), np.float64(795.3), np.float64(864.3), np.float64(766.1), np.float64(790.4)]",awake,99.0,24.4,0,0
2023-12-15 10:00:00,79.4,"[np.float64(832.7), np.float64(799.8), np.float64(790.0), np.float64(834.7), np.float64(811.2)]",awake,98.4,30.0,0,0
2023-12-15 10:30:00,80.3,"[np.float64(787.6), np.float64(718.8), np.float64(766.9), np.float64(799.5), np.float64(809.9)]",awake,97.7,19.1,0,0
2023-12-15 11:00:00,87.7,"[np.float64(789.1), np.float64(801.8), np.float64(801.5), np.float64(827.8), np.float64(823.3)]",awake,98.9,33.1,0,0
2023-12-15 11:30:00,74.0,"[np.float64(788.0), np.float64(745.9), np.float64(755.1), np.float64(847.1), np.float64(747.7)]",awake,98.0,22.2,0,0
2023-12-15 12:00:00,67.4,"[np.float64(832.7), np.float64(818.5), np.float64(812.5), np.float64(746.5), np.float64(794.2)]",awake,97.4,23.1,0,0
2023-12-15 12:30:00,70.3,"[np.float64(798.8), np.float64(808.6), np.float64(847.6), np.float64(840.7), np.float64(821.2)]",awake,98.8,20.5,0,0
2023-12-15 13:00:00,69.2,"[np.float64(751.6), np.float64(770.9), np.float64(718.0), np.float64(867.9), np.float64(816.9)]",awake,98.8,25.1,0,0
2023-12-15 13:30:00,94.9,"[np.float64(771.3), np.float64(791.5), np.float64(773.2), np.float64(843.3), np.float64(823.2)]",awake,98.6,8.8,0,0
2023-12-15 14:00:00,66.5,"[np.float64(819.8), np.float64(820.1), np.float64(792.2), np.float64(798.0), np.float64(745.6)]",awake,98.4,23.3,0,0
2023-12-15 14:30:00,72.2,"[np.float64(810.9), np.float64(844.7), np.float64(825.1), np.float64(735.2), np.float64(778.3)]",awake,97.7,32.1,0,0
2023-12-15 15:00:00,70.1,"[np.float64(789.4), np.float64(837.8), np.float64(774.2), np.float64(801.9), np.float64(841.2)]",awake,98.8,22.4,0,0
2023-12-15 15:30:00,79.4,"[np.float64(805.5), np.float64(871.6), np.float64(851.6), np.float64(809.2), np.float64(799.8)]",awake,98.0,22.9,0,0
2023-12-15 16:00:00,73.6,"[np.float64(773.1), np.float64(763.7), np.float64(842.6), np.float64(878.2), np.float64(807.9)]",awake,98.5,34.0,0,0
2023-12-15 16:30:00,71.9,"[np.float64(796.5), np.float64(804.4), np.float64(785.9), np.float64(752.4), np.float64(715.4)]",awake,98.2,11.2,0,0
2023-12-15 17:00:00,70.3,"[np.float64(816.7), np.float64(829.0), np.float64(792.8), np.float64(772.0), np.float64(831.0)]",awake,97.8,40.3,0,0
2023-12-15 17:30:00,72.8,"[np.float64(782.3), np.float64(833.2), np.float64(774.7), np.float64(813.8), np.float64(785.6)]",awake,97.5,15.5,0,0
2023-12-15 18:00:00,82.0,"[np.float64(801.4), np.float64(823.9), np.float64(801.6), np.float64(813.4), np.float64(778.0)]",awake,98.5,8.2,0,0
2023-12-15 18:30:00,80.4,"[np.float64(789.7), np.float64(765.2), np.float64(802.4), np.float64(758.7), np.float64(789.5)]",awake,98.3,11.2,0,0
2023-12-15 19:00:00,80.6,"[np.float64(804.3), np.float64(845.1), np.float64(764.5), np.float64(792.3), np.float64(804.7)]",awake,99.0,20.1,0,0
2023-12-15 19:30:00,75.3,"[np.float64(817.0), np.float64(778.8), np.float64(840.3), np.float64(770.6), np.float64(844.3)]",awake,96.8,13.7,0,0
2023-12-15 20:00:00,71.7,"[np.float64(757.3), np.float64(854.5), np.float64(766.4), np.float64(790.4), np.float64(795.6)]",awake,97.8,35.3,0,0
2023-12-15 20:30:00,66.3,"[np.float64(776.3), np.float64(827.7), np.float64(860.9), np.float64(739.8), np.float64(819.6)]",awake,98.4,15.2,0,0
2023-12-15 21:00:00,79.3,"[np.float64(780.0), np.float64(743.9), np.float64(811.1), np.float64(709.2), np.float64(853.3)]",awake,98.3,37.0,0,0
2023-12-15 21:30:00,86.9,"[np.float64(757.5), np.float64(830.0), np.float64(725.2), np.float64(800.0), np.float64(799.5)]",awake,98.6,31.5,0,0
2023-12-15 22:00:00,57.1,"[np.float64(996.4), np.float64(978.4), np.float64(969.4), np.float64(948.3), np.float64(937.4)]",light,95.7,2.5,480,450
2023-12-15 22:30:00,59.4,"[np.float64(932.9), np.float64(995.7), np.float64(992.9), np.float64(1015.4), np.float64(937.9)]",light,96.1,7.5,480,450
2023-12-15 23:00:00,48.6,"[np.float64(1017.3), np.float64(982.4), np.float64(934.2), np.float64(1088.2), np.float64(1118.8)]",light,96.7,4.9,480,450
2023-12-15 23:30:00,66.7,"[np.float64(1065.9), np.float64(1026.8), np.float64(1045.9), np.float64(1010.4), np.float64(991.0)]",light,96.5,7.2,480,450
2023-12-16 00:00:00,56.0,"[np.float64(912.7), np.float64(1047.8), np.float64(961.3), np.float64(966.0), np.float64(989.4)]",deep,95.9,2.6,480,450
2023-12-16 00:30:00,63.3,"[np.float64(930.1), np.float64(1009.2), np.float64(1047.1), np.float64(1003.3), np.float64(985.5)]",deep,95.6,6.1,480,450
2023-12-16 01:00:00,62.7,"[np.float64(1025.1), np.float64(970.8), np.float64(1018.3), np.float64(1010.0), np.float64(1015.6)]",deep,96.1,4.9,480,450
2023-12-16 01:30:00,69.8,"[np.float64(1003.9), np.float64(1076.1), np.float64(1023.8), np.float64(1006.7), np.float64(1052.7)]",deep,96.4,2.5,480,450
2023-12-16 02:00:00,65.9,"[np.float64(1010.9), np.float64(1116.7), np.float64(923.6), np.float64(994.9), np.float64(982.6)]",rem,96.8,7.2,480,450
2023-12-16 02:30:00,58.6,"[np.float64(1013.4), np.float64(1023.0), np.float64(961.4), np.float64(1121.6), np.float64(1031.2)]",rem,96.0,8.4,480,450
2023-12-16 03:00:00,78.7,"[np.float64(1038.3), np.float64(1123.3), np.float64(969.4), np.float64(949.6), np.float64(1133.0)]",rem,95.9,7.0,480,450
2023-12-16 03:30:00,52.9,"[np.float64(1010.9), np.float64(949.3), np.float64(960.3), np.float64(959.9), np.float64(965.4)]",rem,95.9,3.7,480,450
2023-12-16 04:00:00,61.5,"[np.float64(996.0), np.float64(953.3), np.float64(987.9), np.float64(1000.7), np.float64(1091.7)]",light,95.8,4.8,480,450
2023-12-16 04:30:00,56.2,"[np.float64(946.6), np.float64(976.1), np.float64(1005.6), np.float64(986.3), np.float64(937.6)]",light,96.7,7.5,480,450
2023-12-16 05:00:00,68.8,"[np.float64(984.0), np.float64(964.2), np.float64(942.7), np.float64(1006.6), np.float64(1086.9)]",light,95.7,3.9,480,450
2023-12-16 05:30:00,63.4,"[np.float64(1040.8), np.float64(980.5), np.float64(1003.1), np.float64(924.3), np.float64(974.7)]",light,96.5,6.6,480,450
2023-12-16 06:00:00,70.8,"[np.float64(800.8), np.float64(730.2), np.float64(750.5), np.float64(819.6), np.float64(814.8)]",awake,97.9,33.3,0,0
2023-12-16 06:30:00,76.8,"[np.float64(873.9), np.float64(816.5), np.float64(845.4), np.float64(803.7), np.float64(797.6)]",awake,98.1,17.6,0,0
2023-12-16 07:00:00,73.3,"[np.float64(787.4), np.float64(757.2), np.float64(796.3), np.float64(759.8), np.float64(828.5)]",awake,97.3,40.5,0,0
2023-12-16 07:30:00,60.7,"[np.float64(769.6), np.float64(829.6), np.float64(834.9), np.float64(770.1), np.float64(800.2)]",awake,97.5,10.1,0,0
2023-12-16 08:00:00,74.6,"[np.float64(863.1), np.float64(714.8), np.float64(810.1), np.float64(811.1), np.float64(810.0)]",awake,98.2,14.5,0,0
2023-12-16 08:30:00,83.5,"[np.float64(795.9), np.float64(847.1), np.float64(797.3), np.float64(805.5), np.float64(773.1)]",awake,98.1,20.7,0,0
2023-12-16 09:00:00,71.7,"[np.float64(821.9), np.float64(788.6), np.float64(823.8), np.float64(703.8), np.float64(856.9)]",awake,97.8,23.3,0,0
2023-12-16 09:30:00,74.3,"[np.float64(889.6), np.float64(783.2), np.float64(771.9), np.float64(813.8), np.float64(808.4)]",awake,98.1,26.2,0,0
2023-12-16 10:00:00,94.7,"[np.float64(817.9), np.float64(773.8), np.float64(822.9), np.float64(842.9), np.float64(810.0)]",awake,98.1,22.6,0,0
2023-12-16 10:30:00,81.1,"[np.float64(739.4), np.float64(883.0), np.float64(782.9), np.float64(758.0), np.float64(868.3)]",awake,98.2,16.3,0,0
2023-12-16 11:00:00,82.1,"[np.float64(749.8), np.float64(798.0), np.float64(791.7), np.float64(830.8), np.float64(807.9)]",awake,98.4,21.6,0,0
2023-12-16 11:30:00,64.5,"[np.float64(762.8), np.float64(802.6), np.float64(806.8), np.float64(806.0), np.float64(883.4)]",awake,98.1,13.4,0,0
2023-12-16 12:00:00,56.7,"[np.float64(733.4), np.float64(688.7), np.float64(792.6), np.float64(786.0), np.float64(764.4)]",awake,97.2,0.0,0,0
2023-12-16 12:30:00,77.4,"[np.float64(801.6), np.float64(807.8), np.float64(820.6), np.float64(767.7), np.float64(815.6)]",awake,98.1,4.3,0,0
2023-12-16 13:00:00,85.9,"[np.float64(793.8), np.float64(815.3), np.float64(831.8), np.float64(825.0), np.float64(738.7)]",awake,97.8,11.8,0,0
2023-12-16 13:30:00,69.0,"[np.float64(803.5), np.float64(765.3), np.float64(811.9), np.float64(765.8), np.float64(809.2)]",awake,97.9,17.4,0,0
2023-12-16 14:00:00,72.2,"[np.float64(794.7), np.float64(809.4), np.float64(753.5), np.float64(830.4), np.float64(752.2)]",awake,99.0,32.5,0,0
2023-12-16 14:30:00,58.9,"[np.float64(771.7), np.float64(802.0), np.float64(768.7), np.float64(832.9), np.float64(758.1)]",awake,97.4,26.5,0,0
2023-12-16 15:00:00,64.2,"[np.float64(808.1), np.float64(837.7), np.float64(807.6), np.float64(795.7), np.float64(780.4)]",awake,97.4,14.5,0,0
2023-12-16 15:30:00,63.4,"[np.float64(826.7), np.float64(785.6), np.float64(798.7), np.float64(864.2), np.float64(817.2)]",awake,96.9,18.6,0,0
2023-12-16 16:00:00,69.1,"[np.float64(796.0), np.float64(783.6), np.float64(830.2), np.float64(791.2), np.float64(828.6)]",awake,97.6,20.3,0,0
2023-12-16 16:30:00,79.7,"[np.float64(796.5), np.float64(760.9), np.float64(784.0), np.float64(852.9), np.float64(834.8)]",awake,98.5,21.0,0,0
2023-12-16 17:00:00,80.4,"[np.float64(789.4), np.float64(886.9), np.float64(788.7), np.float64(837.0), np.float64(763.5)]",awake,97.5,13.7,0,0
2023-12-16 17:30:00,76.2,"[np.float64(816.2), np.float64(797.5), np.float64(802.0), np.float64(811.9), np.float64(745.3)]",awake,97.1,16.7,0,0
2023-12-16 18:00:00,68.7,"[np.float64(717.3), np.float64(802.2), np.float64(756.3), np.float64(819.2), np.float64(832.1)]",awake,97.9,14.7,0,0
2023-12-16 18:30:00,68.7,"[np.float64(835.8), np.float64(839.7), np.float64(766.4), np.float64(732.7), np.float64(812.8)]",awake,97.4,32.7,0,0
2023-12-16 19:00:00,69.5,"[np.float64(813.9), np.float64(790.7), np.float64(803.4), np.float64(736.4), np.float64(778.1)]",awake,98.3,27.6,0,0
2023-12-16 19:30:00,82.5,"[np.float64(786.5), np.float64(841.1), np.float64(839.0), np.float64(854.8), np.float64(833.2)]",awake,97.6,8.8,0,0
2023-12-16 20:00:00,78.7,"[np.float64(817.1), np.float64(838.5), np.float64(769.2), np.float64(907.9), np.float64(806.4)]",awake,97.6,24.1,0,0
2023-12-16 20:30:00,73.1,"[np.float64(816.2), np.float64(719.1), np.float64(776.4), np.float64(779.3), np.float64(786.9)]",awake,97.6,32.3,0,0
2023-12-16 21:00:00,85.9,"[np.float64(774.3), np.float64(730.5), np.float64(817.3), np.float64(787.5), np.float64(821.0)]",awake,97.7,13.8,0,0
2023-12-16 21:30:00,77.3,"[np.float64(818.3), np.float64(784.6), np.float64(769.6), np.float64(748.6), np.float64(808.1)]",awake,98.3,20.4,0,0
2023-12-16 22:00:00,65.2,"[np.float64(946.2), np.float64(903.6), np.float64(1017.2), np.float64(967.0), np.float64(1003.2)]",light,96.9,2.3,480,450
2023-12-16 22:30:00,59.1,"[np.float64(1027.5), np.float64(934.7), np.float64(915.7), np.float64(1045.9), np.float64(929.7)]",light,94.9,2.6,480,450
2023-12-16 23:00:00,66.5,"[np.float64(988.4), np.float64(996.3), np.float64(966.9), np.float64(1018.4), np.float64(963.2)]",light,95.7,3.7,480,450
2023-12-16 23:30:00,60.9,"[np.float64(1099.5), np.float64(953.6), np.float64(1066.6), np.float64(998.8), np.float64(1051.6)]",light,96.1,7.3,480,450
2023-12-17 00:00:00,61.1,"[np.float64(1031.8), np.float64(1000.1), np.float64(1028.7), np.float64(1024.0), np.float64(999.4)]",deep,95.2,4.8,480,450
2023-12-17 00:30:00,61.4,"[np.float64(1037.7), np.float64(1046.3), np.float64(1018.4), np.float64(924.1), np.float64(1001.6)]",deep,96.8,3.8,480,450
2023-12-17 01:00:00,55.1,"[np.float64(1098.2), np.float64(1070.0), np.float64(951.2), np.float64(995.0), np.float64(964.3)]",deep,96.1,3.2,480,450
2023-12-17 01:30:00,61.9,"[np.float64(1000.1), np.float64(982.2), np.float64(957.2), np.float64(1074.1), np.float64(986.8)]",deep,95.7,4.8,480,450
2023-12-17 02:00:00,56.7,"[np.float64(1073.4), np.float64(1010.4), np.float64(895.7), np.float64(1000.3), np.float64(921.2)]",rem,96.1,3.4,480,450
2023-12-17 02:30:00,55.8,"[np.float64(1051.1), np.float64(1043.3), np.float64(1029.6), np.float64(1014.9), np.float64(969.5)]",rem,96.1,4.8,480,450
2023-12-17 03:00:00,51.2,"[np.float64(1017.2), np.float64(956.1), np.float64(975.3), np.float64(1015.1), np.float64(938.9)]",rem,96.7,8.2,480,450
2023-12-17 03:30:00,56.7,"[np.float64(1001.7), np.float64(943.3), np.float64(963.0), np.float64(1071.3), np.float64(1031.4)]",rem,96.0,4.5,480,450
2023-12-17 04:00:00,58.6,"[np.float64(1004.2), np.float64(985.5), np.float64(1002.3), np.float64(1022.3), np.float64(1040.0)]",light,96.5,6.9,480,450
2023-12-17 04:30:00,53.7,"[np.float64(1061.2), np.float64(1019.8), np.float64(968.3), np.float64(941.3), np.float64(1024.6)]",light,95.5,6.7,480,450
2023-12-17 05:00:00,56.8,"[np.float64(903.5), np.float64(1061.9), np.float64(972.4), np.float64(980.6), np.float64(1017.7)]",light,95.9,3.9,480,450
2023-12-17 05:30:00,62.0,"[np.float64(1006.3), np.float64(1028.8), np.float64(1005.5), np.float64(941.1), np.float64(1045.1)]",light,96.6,3.3,480,450
2023-12-17 06:00:00,80.9,"[np.float64(804.7), np.float64(796.1), np.float64(788.3), np.float64(768.3), np.float64(824.2)]",awake,98.0,18.1,0,0
2023-12-17 06:30:00,87.1,"[np.float64(848.5), np.float64(808.1), np.float64(834.4), np.float64(850.8), np.float64(783.6)]",awake,97.9,9.1,0,0
2023-12-17 07:00:00,67.0,"[np.float64(746.2), np.float64(865.7), np.float64(731.5), np.float64(789.1), np.float64(843.0)]",awake,97.5,19.4,0,0
2023-12-17 07:30:00,77.6,"[np.float64(820.8), np.float64(816.1), np.float64(911.5), np.float64(856.2), np.float64(735.2)]",awake,97.3,6.8,0,0
2023-12-17 08:00:00,72.2,"[np.float64(802.2), np.float64(752.7), np.float64(832.4), np.float64(733.1), np.float64(783.8)]",awake,98.6,10.5,0,0
2023-12-17 08:30:00,77.6,"[np.float64(749.3), np.float64(763.5), np.float64(782.2), np.float64(798.8), np.float64(804.2)]",awake,97.9,26.9,0,0
2023-12-17 09:00:00,83.0,"[np.float64(776.6), np.float64(869.9), np.float64(776.4), np.float64(829.6), np.float64(839.7)]",awake,98.2,6.9,0,0
2023-12-17 09:30:00,72.3,"[np.float64(778.8), np.float64(832.3), np.float64(781.3), np.float64(795.0), np.float64(820.6)]",awake,98.8,34.5,0,0
2023-12-17 10:00:00,78.7,"[np.float64(750.5), np.float64(836.8), np.float64(778.7), np.float64(811.8), np.float64(792.4)]",awake,97.5,15.3,0,0
2023-12-17 10:30:00,77.9,"[np.float64(779.9), np.float64(779.6), np.float64(789.3), np.float64(784.8), np.float64(765.7)]",awake,98.0,38.4,0,0
2023-12-17 11:00:00,82.8,"[np.float64(748.4), np.float64(872.8), np.float64(768.1), np.float64(743.7), np.float64(879.4)]",awake,97.8,41.4,0,0
2023-12-17 11:30:00,76.3,"[np.float64(783.4), np.float64(812.0), np.float64(755.7), np.float64(886.4), np.float64(740.7)]",awake,97.8,0.9,0,0
2023-12-17 12:00:00,87.3,"[np.float64(800.5), np.float64(846.6), np.float64(791.5), np.float64(776.7), np.float64(793.3)]",awake,98.1,32.0,0,0
2023-12-17 12:30:00,77.6,"[np.float64(804.7), np.float64(819.5), np.float64(765.5), np.float64(728.8), np.float64(776.1)]",awake,99.0,8.0,0,0
2023-12-17 13:00:00,72.8,"[np.float64(764.8), np.float64(729.4), np.float64(783.3), np.float64(768.1), np.float64(701.9)]",awake,98.1,27.1,0,0
2023-12-17 13:30:00,76.9,"[np.float64(815.0), np.float64(763.4), np.float64(828.0), np.float64(811.5), np.float64(816.1)]",awake,98.1,34.6,0,0
2023-12-17 14:00:00,77.5,"[np.float64(750.8), np.float64(807.2), np.float64(810.8), np.float64(825.1), np.float64(805.8)]",awake,98.7,23.4,0,0
2023-12-17 14:30:00,63.1,"[np.float64(874.8), np.float64(822.6), np.float64(846.5), np.float64(801.2), np.float64(861.9)]",awake,97.7,9.4,0,0
2023-12-17 15:00:00,71.9,"[np.float64(818.5), np.float64(786.7), np.float64(744.3), np.float64(860.3), np.float64(792.4)]",awake,97.7,33.1,0,0
2023-12-17 15:30:00,74.9,"[np.float64(769.8), np.float64(796.2), np.float64(728.2), np.float64(827.0), np.float64(837.2)]",awake,98.3,13.9,0,0
2023-12-17 16:00:00,73.3,"[np.float64(762.4), np.float64(768.1), np.float64(796.0), np.float64(730.5), np.float64(767.7)]",awake,98.0,25.3,0,0
2023-12-17 16:30:00,68.6,"[np.float64(736.3), np.float64(782.1), np.float64(781.2), np.float64(873.3), np.float64(805.7)]",awake,98.4,12.2,0,0
2023-12-17 17:00:00,82.9,"[np.float64(765.3), np.float64(819.7), np.float64(770.2), np.float64(770.4), np.float64(755.4)]",awake,97.8,35.6,0,0
2023-12-17 17:30:00,76.4,"[np.float64(782.7), np.float64(736.4), np.float64(847.3), np.float64(831.4), np.float64(880.9)]",awake,97.5,18.9,0,0
2023-12-17 18:00:00,73.4,"[np.float64(811.5), np.float64(808.5), np.float64(816.1), np.float64(782.0), np.float64(852.1)]",awake,97.9,13.8,0,0
2023-12-17 18:30:00,81.0,"[np.float64(769.2), np.float64(853.1), np.float64(766.9), np.float64(788.3), np.float64(809.2)]",awake,98.3,28.0,0,0
2023-12-17 19:00:00,77.1,"[np.float64(794.7), np.float64(767.5), np.float64(767.4), np.float64(770.5), np.float64(745.0)]",awake,97.9,15.7,0,0
2023-12-17 19:30:00,80.4,"[np.float64(786.2), np.float64(759.5), np.float64(875.7), np.float64(796.2), np.float64(748.7)]",awake,98.2,23.6,0,0
2023-12-17 20:00:00,72.8,"[np.float64(893.3), np.float64(736.3), np.float64(836.3), np.float64(818.2), np.float64(786.8)]",awake,98.2,10.1,0,0
2023-12-17 20:30:00,73.8,"[np.float64(746.2), np.float64(815.2), np.float64(842.6), np.float64(877.5), np.float64(791.7)]",awake,97.9,22.3,0,0
2023-12-17 21:00:00,80.0,"[np.float64(813.1), np.float64(781.6), np.float64(813.4), np.float64(778.2), np.float64(798.1)]",awake,98.3,11.8,0,0
2023-12-17 21:30:00,70.9,"[np.float64(802.4), np.float64(796.1), np.float64(830.3), np.float64(710.6), np.float64(785.2)]",awake,98.8,27.3,0,0
2023-12-17 22:00:00,62.9,"[np.float64(948.9), np.float64(1029.1), np.float64(932.8), np.float64(1023.8), np.float64(970.8)]",light,95.9,1.8,480,450
2023-12-17 22:30:00,64.3,"[np.float64(1039.8), np.float64(996.6), np.float64(963.0), np.float64(959.5), np.float64(998.6)]",light,96.4,1.7,480,450
2023-12-17 23:00:00,70.9,"[np.float64(1028.2), np.float64(965.9), np.float64(1007.1), np.float64(1079.5), np.float64(962.7)]",light,96.6,4.1,480,450
2023-12-17 23:30:00,57.3,"[np.float64(1065.4), np.float64(1021.4), np.float64(980.7), np.float64(908.9), np.float64(1049.1)]",light,95.8,8.5,480,450
2023-12-18 00:00:00,68.8,"[np.float64(984.1), np.float64(1074.7), np.float64(1012.2), np.float64(888.9), np.float64(1059.9)]",deep,95.8,6.7,480,450
2023-12-18 00:30:00,61.1,"[np.float64(904.6), np.float64(1093.4), np.float64(1031.5), np.float64(995.8), np.float64(1017.1)]",deep,96.2,2.2,480,450
2023-12-18 01:00:00,56.0,"[np.float64(1000.1), np.float64(951.5), np.float64(984.6), np.float64(981.0), np.float64(953.6)]",deep,95.6,4.6,480,450
2023-12-18 01:30:00,50.4,"[np.float64(1023.2), np.float64(1009.4), np.float64(1070.7), np.float64(933.1), np.float64(992.1)]",deep,96.8,5.3,480,450
2023-12-18 02:00:00,64.2,"[np.float64(1135.6), np.float64(1009.7), np.float64(964.4), np.float64(1052.0), np.float64(955.1)]",rem,97.2,4.5,480,450
2023-12-18 02:30:00,60.1,"[np.float64(971.3), np.float64(930.6), np.float64(1068.7), np.float64(1002.9), np.float64(983.3)]",rem,96.1,3.6,480,450
2023-12-18 03:00:00,55.7,"[np.float64(1018.5), np.float64(1059.7), np.float64(1048.8), np.float64(1070.6), np.float64(939.3)]",rem,95.6,3.4,480,450
2023-12-18 03:30:00,61.0,"[np.float64(974.3), np.float64(997.2), np.float64(938.2), np.float64(1100.8), np.float64(984.0)]",rem,96.1,3.1,480,450
2023-12-18 04:00:00,50.5,"[np.float64(983.4), np.float64(973.9), np.float64(932.8), np.float64(990.1), np.float64(997.1)]",light,96.3,1.4,480,450
2023-12-18 04:30:00,63.6,"[np.float64(968.6), np.float64(929.2), np.float64(999.6), np.float64(965.4), np.float64(1017.2)]",light,96.3,8.3,480,450
2023-12-18 05:00:00,65.1,"[np.float64(997.5), np.float64(1015.9), np.float64(966.2), np.float64(997.5), np.float64(1084.0)]",light,95.4,7.1,480,450
2023-12-18 05:30:00,63.8,"[np.float64(964.7), np.float64(1019.4), np.float64(1058.8), np.float64(935.7), np.float64(937.1)]",light,95.5,6.2,480,450
2023-12-18 06:00:00,71.9,"[np.float64(745.7), np.float64(829.5), np.float64(718.7), np.float64(765.9), np.float64(792.2)]",awake,97.4,42.2,0,0
2023-12-18 06:30:00,72.7,"[np.float64(840.2), np.float64(789.2), np.float64(783.5), np.float64(899.0), np.float64(823.1)]",awake,98.2,25.1,0,0
2023-12-18 07:00:00,136.6,"[np.float64(452.4), np.float64(442.0), np.float64(366.6), np.float64(403.8), np.float64(454.1)]",awake,98.4,87.4,0,0
2023-12-18 07:30:00,138.1,"[np.float64(409.0), np.float64(422.7), np.float64(484.7), np.float64(424.7), np.float64(381.8)]",awake,98.4,74.9,0,0
2023-12-18 08:00:00,133.3,"[np.float64(441.4), np.float64(402.4), np.float64(422.2), np.float64(413.0), np.float64(382.4)]",awake,97.9,91.3,0,0
2023-12-18 08:30:00,151.4,"[np.float64(444.3), np.float64(477.9), np.float64(444.7), np.float64(433.9), np.float64(477.3)]",awake,98.6,82.2,0,0
2023-12-18 09:00:00,75.9,"[np.float64(749.4), np.float64(802.4), np.float64(826.7), np.float64(826.9), np.float64(778.2)]",awake,97.1,17.5,0,0
2023-12-18 09:30:00,78.5,"[np.float64(753.5), np.float64(778.1), np.float64(783.7), np.float64(810.9), np.float64(793.7)]",awake,98.1,35.7,0,0
2023-12-18 10:00:00,77.5,"[np.float64(842.6), np.float64(790.0), np.float64(749.0), np.float64(772.9), np.float64(765.9)]",awake,98.1,12.2,0,0
2023-12-18 10:30:00,82.3,"[np.float64(730.1), np.float64(789.4), np.float64(833.8), np.float64(851.3), np.float64(819.9)]",awake,98.7,44.2,0,0
2023-12-18 11:00:00,83.7,"[np.float64(765.9), np.float64(800.7), np.float64(849.9), np.float64(791.2), np.float64(796.7)]",awake,98.6,23.1,0,0
2023-12-18 11:30:00,74.3,"[np.float64(777.4), np.float64(742.4), np.float64(804.6), np.float64(809.6), np.float64(769.2)]",awake,97.8,21.3,0,0
2023-12-18 12:00:00,73.5,"[np.float64(787.4), np.float64(782.3), np.float64(836.6), np.float64(828.7), np.float64(790.3)]",awake,98.2,9.2,0,0
2023-12-18 12:30:00,69.5,"[np.float64(775.8), np.float64(823.1), np.float64(883.8), np.float64(808.1), np.float64(730.2)]",awake,98.8,26.3,0,0
2023-12-18 13:00:00,97.3,"[np.float64(817.1), np.float64(780.8), np.float64(832.0), np.float64(804.2), np.float64(753.2)]",awake,98.0,15.8,0,0
2023-12-18 13:30:00,59.6,"[np.float64(890.5), np.float64(770.0), np.float64(773.3), np.float64(853.3), np.float64(704.7)]",awake,97.6,21.6,0,0
2023-12-18 14:00:00,82.6,"[np.float64(747.9), np.float64(785.3), np.float64(814.1), np.float64(794.0), np.float64(856.3)]",awake,97.6,26.7,0,0
2023-12-18 14:30:00,70.9,"[np.float64(823.0), np.float64(739.3), np.float64(813.2), np.float64(807.2), np.float64(831.8)]",awake,97.4,24.1,0,0
2023-12-18 15:00:00,70.1,"[np.float64(801.8), np.float64(787.1), np.float64(817.6), np.float64(810.3), np.float64(790.8)]",awake,98.4,0.1,0,0
2023-12-18 15:30:00,77.2,"[np.float64(813.9), np.float64(739.1), np.float64(773.4), np.float64(740.6), np.float64(806.6)]",awake,97.6,10.1,0,0
2023-12-18 16:00:00,73.3,"[np.float64(781.6), np.float64(718.1), np.float64(769.7), np.float64(841.9), np.float64(774.3)]",awake,96.5,25.3,0,0
2023-12-18 16:30:00,68.0,"[np.float64(797.9), np.float64(702.6), np.float64(803.5), np.float64(760.8), np.float64(829.9)]",awake,97.6,26.1,0,0
2023-12-18 17:00:00,75.7,"[np.float64(845.8), np.float64(796.6), np.float64(807.9), np.float64(785.9), np.float64(836.8)]",awake,98.1,8.8,0,0
2023-12-18 17:30:00,69.3,"[np.float64(839.2), np.float64(855.8), np.float64(734.8), np.float64(857.6), np.float64(838.9)]",awake,97.8,17.3,0,0
2023-12-18 18:00:00,81.8,"[np.float64(765.7), np.float64(773.5), np.float64(731.0), np.float64(892.0), np.float64(838.8)]",awake,97.8,28.6,0,0
2023-12-18 18:30:00,85.2,"[np.float64(811.6), np.float64(861.4), np.float64(862.7), np.float64(807.7), np.float64(844.6)]",awake,98.0,40.3,0,0
2023-12-18 19:00:00,67.4,"[np.float64(754.1), np.float64(763.0), np.float64(788.9), np.float64(772.8), np.float64(786.8)]",awake,97.3,13.6,0,0
2023-12-18 19:30:00,92.0,"[np.float64(838.2), np.float64(831.9), np.float64(828.7), np.float64(763.8), np.float64(694.8)]",awake,98.1,37.4,0,0
2023-12-18 20:00:00,82.3,"[np.float64(760.5), np.float64(829.5), np.float64(855.6), np.float64(858.2), np.float64(885.6)]",awake,98.1,15.8,0,0
2023-12-18 20:30:00,74.7,"[np.float64(835.2), np.float64(820.4), np.float64(780.7), np.float64(776.6), np.float64(892.0)]",awake,96.8,19.0,0,0
2023-12-18 21:00:00,72.2,"[np.float64(843.4), np.float64(714.3), np.float64(781.6), np.float64(795.1), np.float64(761.2)]",awake,97.9,14.5,0,0
2023-12-18 21:30:00,67.2,"[np.float64(864.1), np.float64(802.0), np.float64(766.1), np.float64(809.8), np.float64(804.8)]",awake,98.0,26.3,0,0
2023-12-18 22:00:00,62.7,"[np.float64(1067.1), np.float64(943.8), np.float64(1043.7), np.float64(1066.2), np.float64(1003.9)]",light,96.7,6.0,480,450
2023-12-18 22:30:00,60.4,"[np.float64(1052.1), np.float64(1002.7), np.float64(1075.1), np.float64(945.3), np.float64(950.1)]",light,95.7,6.7,480,450
2023-12-18 23:00:00,63.4,"[np.float64(967.8), np.float64(1043.3), np.float64(1019.8), np.float64(1044.6), np.float64(1078.3)]",light,96.5,7.8,480,450
2023-12-18 23:30:00,61.9,"[np.float64(969.1), np.float64(1050.8), np.float64(1047.8), np.float64(980.3), np.float64(962.1)]",light,96.3,8.2,480,450
2023-12-19 00:00:00,52.4,"[np.float64(970.4), np.float64(1055.6), np.float64(1121.8), np.float64(1032.5), np.float64(992.2)]",deep,96.5,3.7,480,450
2023-12-19 00:30:00,66.6,"[np.float64(1019.5), np.float64(1041.9), np.float64(976.7), np.float64(998.9), np.float64(982.0)]",deep,96.2,6.5,480,450
2023-12-19 01:00:00,40.3,"[np.float64(1001.3), np.float64(937.7), np.float64(973.3), np.float64(977.4), np.float64(1090.5)]",deep,95.9,4.7,480,450
2023-12-19 01:30:00,62.7,"[np.float64(984.8), np.float64(1053.3), np.float64(953.9), np.float64(1102.2), np.float64(933.0)]",deep,96.1,3.9,480,450
2023-12-19 02:00:00,56.8,"[np.float64(959.3), np.float64(994.4), np.float64(920.4), np.float64(966.8), np.float64(951.3)]",rem,95.8,8.5,480,450
2023-12-19 02:30:00,57.8,"[np.float64(1017.1), np.float64(1033.9), np.float64(1048.6), np.float64(1009.4), np.float64(965.7)]",rem,96.7,4.0,480,450
2023-12-19 03:00:00,64.4,"[np.float64(944.3), np.float64(983.2), np.float64(1039.4), np.float64(957.1), np.float64(975.6)]",rem,95.9,3.9,480,450
2023-12-19 03:30:00,69.9,"[np.float64(919.6), np.float64(1061.6), np.float64(936.4), np.float64(961.2), np.float64(1049.3)]",rem,96.4,4.0,480,450
2023-12-19 04:00:00,53.9,"[np.float64(966.1), np.float64(1062.6), np.float64(1001.5), np.float64(952.2), np.float64(997.7)]",light,96.1,4.5,480,450
2023-12-19 04:30:00,59.5,"[np.float64(1026.1), np.float64(1009.5), np.float64(904.0), np.float64(983.7), np.float64(1043.7)]",light,95.8,2.4,480,450
2023-12-19 05:00:00,67.1,"[np.float64(1106.9), np.float64(1007.2), np.float64(929.4), np.float64(939.7), np.float64(971.6)]",light,95.5,3.0,480,450
2023-12-19 05:30:00,62.3,"[np.float64(1059.0), np.float64(1051.4), np.float64(986.5), np.float64(1006.9), np.float64(1039.8)]",light,95.4,5.7,480,450
2023-12-19 06:00:00,74.3,"[np.float64(811.0), np.float64(821.5), np.float64(825.6), np.float64(811.0), np.float64(777.8)]",awake,98.2,17.1,0,0
2023-12-19 06:30:00,66.2,"[np.float64(765.9), np.float64(854.6), np.float64(751.8), np.float64(789.5), np.float64(796.0)]",awake,98.2,28.9,0,0
2023-12-19 07:00:00,132.9,"[np.float64(450.7), np.float64(358.8), np.float64(430.7), np.float64(392.6), np.float64(448.6)]",awake,97.6,86.5,0,0
2023-12-19 07:30:00,147.8,"[np.float64(465.1), np.float64(423.3), np.float64(450.3), np.float64(464.1), np.float64(458.6)]",awake,98.0,84.4,0,0
2023-12-19 08:00:00,141.8,"[np.float64(396.5), np.float64(475.9), np.float64(416.8), np.float64(423.1), np.float64(402.2)]",awake,98.1,83.4,0,0
2023-12-19 08:30:00,148.2,"[np.float64(478.5), np.float64(426.2), np.float64(414.7), np.float64(429.7), np.float64(472.8)]",awake,98.4,89.2,0,0
2023-12-19 09:00:00,74.1,"[np.float64(764.1), np.float64(761.8), np.float64(768.6), np.float64(762.1), np.float64(802.6)]",awake,98.4,19.2,0,0
2023-12-19 09:30:00,82.0,"[np.float64(801.5), np.float64(770.3), np.float64(782.6), np.float64(760.9), np.float64(770.8)]",awake,97.7,10.6,0,0
2023-12-19 10:00:00,77.1,"[np.float64(787.8), np.float64(812.4), np.float64(797.8), np.float64(850.3), np.float64(801.1)]",awake,97.5,15.3,0,0
2023-12-19 10:30:00,71.3,"[np.float64(814.3), np.float64(777.5), np.float64(793.3), np.float64(845.9), np.float64(793.6)]",awake,98.4,12.1,0,0
2023-12-19 11:00:00,65.5,"[np.float64(805.2), np.float64(812.4), np.float64(825.2), np.float64(818.2), np.float64(752.6)]",awake,98.5,22.2,0,0
2023-12-19 11:30:00,64.9,"[np.float64(758.9), np.float64(874.1), np.float64(846.7), np.float64(821.8), np.float64(748.2)]",awake,97.6,0.1,0,0
2023-12-19 12:00:00,88.4,"[np.float64(796.9), np.float64(822.6), np.float64(794.4), np.float64(761.8), np.float64(771.5)]",awake,98.6,30.1,0,0
2023-12-19 12:30:00,68.0,"[np.float64(804.8), np.float64(733.5), np.float64(768.8), np.float64(811.9), np.float64(806.5)]",awake,98.1,20.8,0,0
2023-12-19 13:00:00,68.7,"[np.float64(820.6), np.float64(857.7), np.float64(925.4), np.float64(785.1), np.float64(855.1)]",awake,97.0,27.4,0,0
2023-12-19 13:30:00,72.4,"[np.float64(769.5), np.float64(800.9), np.float64(747.5), np.float64(844.4), np.float64(715.9)]",awake,98.6,22.4,0,0
2023-12-19 14:00:00,68.1,"[np.float64(770.1), np.float64(771.4), np.float64(811.9), np.float64(821.1), np.float64(791.6)]",awake,98.1,23.1,0,0
2023-12-19 14:30:00,65.2,"[np.float64(767.2), np.float64(794.7), np.float64(753.4), np.float64(793.2), np.float64(755.2)]",awake,96.8,17.5,0,0
2023-12-19 15:00:00,56.3,"[np.float64(796.4), np.float64(800.8), np.float64(841.2), np.float64(801.3), np.float64(762.2)]",awake,98.5,12.0,0,0
2023-12-19 15:30:00,78.0,"[np.float64(722.0), np.float64(816.3), np.float64(783.9), np.float64(798.3), np.float64(754.9)]",awake,98.4,36.4,0,0
2023-12-19 16:00:00,75.8,"[np.float64(766.3), np.float64(768.8), np.float64(844.9), np.float64(741.5), np.float64(768.5)]",awake,97.4,20.5,0,0
2023-12-19 16:30:00,72.8,"[np.float64(812.1), np.float64(816.5), np.float64(866.9), np.float64(859.6), np.float64(758.3)]",awake,98.2,7.7,0,0
2023-12-19 17:00:00,79.4,"[np.float64(806.0), np.float64(784.2), np.float64(793.6), np.float64(747.4), np.float64(733.3)]",awake,98.3,14.1,0,0
2023-12-19 17:30:00,60.7,"[np.float64(810.8), np.float64(849.9), np.float64(783.1), np.float64(833.2), np.float64(813.5)]",awake,97.6,13.3,0,0
2023-12-19 18:00:00,76.5,"[np.float64(805.8), np.float64(829.7), np.float64(804.9), np.float64(887.9), np.float64(855.7)]",awake,97.3,32.5,0,0
2023-12-19 18:30:00,80.1,"[np.float64(774.3), np.float64(753.5), np.float64(797.2), np.float64(758.7), np.float64(846.9)]",awake,98.0,0.0,0,0
2023-12-19 19:00:00,81.6,"[np.float64(746.7), np.float64(758.7), np.float64(790.3), np.float64(772.8), np.float64(877.7)]",awake,98.2,30.2,0,0
2023-12-19 19:30:00,75.8,"[np.float64(794.7), np.float64(834.7), np.float64(796.0), np.float64(823.3), np.float64(775.2)]",awake,97.6,16.6,0,0
2023-12-19 20:00:00,85.5,"[np.float64(922.7), np.float64(774.8), np.float64(751.5), np.float64(852.6), np.float64(780.0)]",awake,97.8,23.5,0,0
2023-12-19 20:30:00,59.5,"[np.float64(821.3), np.float64(881.1), np.float64(733.4), np.float64(753.5), np.float64(772.7)]",awake,98.2,14.0,0,0
2023-12-19 21:00:00,60.8,"[np.float64(747.9), np.float64(869.9), np.float64(843.8), np.float64(779.5), np.float64(803.3)]",awake,98.3,15.2,0,0
2023-12-19 21:30:00,76.1,"[np.float64(868.1), np.float64(806.9), np.float64(856.2), np.float64(789.6), np.float64(773.0)]",awake,97.7,26.9,0,0
2023-12-19 22:00:00,59.0,"[np.float64(985.7), np.float64(936.4), np.float64(1026.0), np.float64(1052.4), np.float64(977.9)]",light,96.1,5.2,480,450
2023-12-19 22:30:00,61.3,"[np.float64(1007.0), np.float64(1068.6), np.float64(985.7), np.float64(1012.3), np.float64(976.3)]",light,95.8,6.1,480,450
2023-12-19 23:00:00,57.9,"[np.float64(1008.6), np.float64(951.7), np.float64(853.8), np.float64(956.6), np.float64(1077.8)]",light,95.2,7.3,480,450
2023-12-19 23:30:00,58.6,"[np.float64(1002.0), np.float64(985.2), np.float64(968.5), np.float64(938.5), np.float64(1029.6)]",light,96.0,4.2,480,450
2023-12-20 00:00:00,55.8,"[np.float64(1021.4), np.float64(936.6), np.float64(1005.8), np.float64(961.6), np.float64(950.3)]",deep,97.0,5.2,480,450
2023-12-20 00:30:00,61.3,"[np.float64(929.8), np.float64(1019.1), np.float64(986.2), np.float64(1102.5), np.float64(954.8)]",deep,96.2,6.8,480,450
2023-12-20 01:00:00,59.3,"[np.float64(980.5), np.float64(1014.5), np.float64(1030.2), np.float64(1021.2), np.float64(929.4)]",deep,97.1,5.6,480,450
2023-12-20 01:30:00,64.5,"[np.float64(997.7), np.float64(1054.1), np.float64(907.7), np.float64(973.7), np.float64(995.1)]",deep,96.0,3.4,480,450
2023-12-20 02:00:00,62.7,"[np.float64(998.9), np.float64(1038.5), np.float64(976.9), np.float64(1013.4), np.float64(1023.9)]",rem,96.6,5.7,480,450
2023-12-20 02:30:00,58.6,"[np.float64(989.1), np.float64(840.4), np.float64(975.2), np.float64(959.6), np.float64(1009.0)]",rem,95.3,3.7,480,450
2023-12-20 03:00:00,74.1,"[np.float64(1030.4), np.float64(1014.8), np.float64(996.3), np.float64(943.5), np.float64(936.8)]",rem,95.9,8.0,480,450
2023-12-20 03:30:00,55.9,"[np.float64(937.7), np.float64(965.1), np.float64(942.8), np.float64(957.8), np.float64(1036.8)]",rem,96.0,6.4,480,450
2023-12-20 04:00:00,54.5,"[np.float64(1049.1), np.float64(1053.9), np.float64(1072.2), np.float64(1010.5), np.float64(1080.4)]",light,96.4,7.2,480,450
2023-12-20 04:30:00,59.2,"[np.float64(1024.3), np.float64(921.8), np.float64(943.8), np.float64(963.0), np.float64(958.4)]",light,96.9,5.5,480,450
2023-12-20 05:00:00,65.2,"[np.float64(1043.3), np.float64(995.7), np.float64(884.0), np.float64(921.3), np.float64(950.3)]",light,95.3,4.4,480,450
2023-12-20 05:30:00,61.8,"[np.float64(987.1), np.float64(1036.3), np.float64(980.8), np.float64(1118.5), np.float64(1035.2)]",light,96.3,7.4,480,450
2023-12-20 06:00:00,81.9,"[np.float64(711.7), np.float64(850.2), np.float64(827.8), np.float64(760.0), np.float64(819.7)]",awake,98.1,1.6,0,0
2023-12-20 06:30:00,79.8,"[np.float64(885.1), np.float64(873.0), np.float64(819.6), np.float64(845.2), np.float64(789.2)]",awake,98.6,6.8,0,0
2023-12-20 07:00:00,139.2,"[np.float64(464.1), np.float64(449.3), np.float64(397.2), np.float64(381.3), np.float64(394.1)]",awake,97.6,71.2,0,0
2023-12-20 07:30:00,129.6,"[np.float64(419.9), np.float64(374.7), np.float64(410.8), np.float64(419.2), np.float64(392.1)]",awake,98.3,86.4,0,0
2023-12-20 08:00:00,139.8,"[np.float64(368.8), np.float64(455.9), np.float64(371.0), np.float64(435.0), np.float64(446.8)]",awake,97.8,80.3,0,0
2023-12-20 08:30:00,146.5,"[np.float64(438.1), np.float64(440.9), np.float64(401.1), np.float64(423.7), np.float64(460.7)]",awake,98.5,81.4,0,0
2023-12-20 09:00:00,77.8,"[np.float64(768.0), np.float64(767.5), np.float64(787.7), np.float64(781.6), np.float64(815.2)]",awake,98.0,24.6,0,0
2023-12-20 09:30:00,60.4,"[np.float64(794.0), np.float64(800.6), np.float64(829.5), np.float64(816.2), np.float64(772.5)]",awake,97.5,24.1,0,0
2023-12-20 10:00:00,84.1,"[np.float64(706.8), np.float64(751.8), np.float64(756.7), np.float64(867.9), np.float64(863.7)]",awake,99.0,31.9,0,0
2023-12-20 10:30:00,54.8,"[np.float64(793.4), np.float64(815.0), np.float64(820.2), np.float64(795.5), np.float64(760.3)]",awake,97.9,20.2,0,0
2023-12-20 11:00:00,66.2,"[np.float64(865.6), np.float64(806.2), np.float64(804.4), np.float64(875.0), np.float64(788.2)]",awake,98.4,12.4,0,0
2023-12-20 11:30:00,61.8,"[np.float64(737.8), np.float64(791.0), np.float64(742.0), np.float64(804.6), np.float64(757.4)]",awake,97.1,45.0,0,0
2023-12-20 12:00:00,79.2,"[np.float64(785.5), np.float64(759.7), np.float64(762.5), np.float64(810.6), np.float64(701.6)]",awake,98.7,27.3,0,0
2023-12-20 12:30:00,66.2,"[np.float64(832.1), np.float64(850.4), np.float64(833.8), np.float64(785.8), np.float64(811.4)]",awake,98.2,19.1,0,0
2023-12-20 13:00:00,64.0,"[np.float64(775.4), np.float64(832.5), np.float64(775.3), np.float64(864.5), np.float64(819.9)]",awake,98.5,0.0,0,0
2023-12-20 13:30:00,85.6,"[np.float64(805.5), np.float64(805.4), np.float64(781.2), np.float64(784.4), np.float64(776.9)]",awake,98.0,5.3,0,0
2023-12-20 14:00:00,57.5,"[np.float64(823.8), np.float64(791.4), np.float64(725.3), np.float64(834.4), np.float64(854.9)]",awake,98.4,3.1,0,0
2023-12-20 14:30:00,73.9,"[np.float64(759.1), np.float64(782.5), np.float64(821.5), np.float64(796.6), np.float64(779.2)]",awake,97.8,7.9,0,0
2023-12-20 15:00:00,75.2,"[np.float64(746.5), np.float64(747.5), np.float64(758.0), np.float64(756.0), np.float64(787.2)]",awake,97.9,27.2,0,0
2023-12-20 15:30:00,93.4,"[np.float64(767.5), np.float64(880.4), np.float64(825.8), np.float64(791.3), np.float64(781.0)]",awake,97.3,22.2,0,0
2023-12-20 16:00:00,75.1,"[np.float64(893.3), np.float64(758.1), np.float64(710.6), np.float64(828.5), np.float64(778.1)]",awake,97.7,10.1,0,0
2023-12-20 16:30:00,75.8,"[np.float64(767.1), np.float64(802.4), np.float64(845.5), np.float64(839.2), np.float64(739.7)]",awake,98.0,14.5,0,0
2023-12-20 17:00:00,78.4,"[np.float64(878.8), np.float64(757.9), np.float64(755.9), np.float64(808.4), np.float64(807.7)]",awake,97.7,21.8,0,0
2023-12-20 17:30:00,70.0,"[np.float64(858.0), np.float64(853.1), np.float64(907.1), np.float64(747.9), np.float64(796.4)]",awake,98.2,16.3,0,0
2023-12-20 18:00:00,86.4,"[np.float64(859.7), np.float64(815.0), np.float64(743.0), np.float64(758.0), np.float64(787.3)]",awake,98.4,21.1,0,0
2023-12-20 18:30:00,74.9,"[np.float64(827.3), np.float64(786.7), np.float64(782.3), np.float64(867.4), np.float64(816.3)]",awake,97.9,13.3,0,0
2023-12-20 19:00:00,65.7,"[np.float64(801.5), np.float64(761.8), np.float64(799.3), np.float64(793.7), np.float64(794.5)]",awake,97.9,3.5,0,0
2023-12-20 19:30:00,99.3,"[np.float64(808.7), np.float64(832.6), np.float64(788.1), np.float64(832.7), np.float64(755.1)]",awake,98.2,27.6,0,0
2023-12-20 20:00:00,62.6,"[np.float64(773.2), np.float64(777.9), np.float64(813.5), np.float64(851.3), np.float64(762.5)]",awake,98.8,25.2,0,0
2023-12-20 20:30:00,72.5,"[np.float64(768.3), np.float64(778.9), np.float64(811.5), np.float64(748.5), np.float64(783.8)]",awake,98.3,28.3,0,0
2023-12-20 21:00:00,82.1,"[np.float64(780.9), np.float64(805.4), np.float64(760.7), np.float64(756.5), np.float64(777.6)]",awake,97.9,14.7,0,0
2023-12-20 21:30:00,72.7,"[np.float64(796.9), np.float64(811.7), np.float64(766.7), np.float64(863.4), np.float64(806.3)]",awake,99.0,21.7,0,0
2023-12-20 22:00:00,55.0,"[np.float64(983.0), np.float64(976.7), np.float64(1055.2), np.float64(932.9), np.float64(990.4)]",light,96.2,8.4,480,450
2023-12-20 22:30:00,67.1,"[np.float64(961.0), np.float64(1010.2), np.float64(1006.3), np.float64(915.4), np.float64(1013.1)]",light,95.7,3.9,480,450
2023-12-20 23:00:00,68.6,"[np.float64(1037.1), np.float64(1066.0), np.float64(1062.4), np.float64(921.8), np.float64(1061.2)]",light,96.4,3.3,480,450
2023-12-20 23:30:00,50.2,"[np.float64(1030.9), np.float64(1027.3), np.float64(925.4), np.float64(981.2), np.float64(1000.6)]",light,96.9,6.2,480,450
2023-12-21 00:00:00,53.1,"[np.float64(1033.8), np.float64(1072.1), np.float64(1078.9), np.float64(1024.2), np.float64(989.4)]",deep,95.9,5.9,480,450
2023-12-21 00:30:00,55.6,"[np.float64(888.2), np.float64(948.1), np.float64(1025.5), np.float64(1058.5), np.float64(1020.2)]",deep,96.3,2.4,480,450
2023-12-21 01:00:00,53.0,"[np.float64(1017.6), np.float64(1015.9), np.float64(1012.0), np.float64(985.3), np.float64(1040.4)]",deep,95.7,8.5,480,450
2023-12-21 01:30:00,59.4,"[np.float64(940.0), np.float64(974.6), np.float64(1047.6), np.float64(1045.3), np.float64(981.4)]",deep,95.5,3.7,480,450
2023-12-21 02:00:00,64.7,"[np.float64(984.8), np.float64(1052.2), np.float64(997.9), np.float64(1001.8), np.float64(993.3)]",rem,96.4,2.8,480,450
2023-12-21 02:30:00,62.0,"[np.float64(1019.0), np.float64(982.8), np.float64(1021.4), np.float64(1006.2), np.float64(941.0)]",rem,96.1,5.8,480,450
2023-12-21 03:00:00,63.9,"[np.float64(934.3), np.float64(966.9), np.float64(968.0), np.float64(1016.1), np.float64(979.5)]",rem,95.0,7.6,480,450
2023-12-21 03:30:00,67.2,"[np.float64(1102.9), np.float64(1033.1), np.float64(1041.6), np.float64(967.9), np.float64(1046.5)]",rem,95.9,5.7,480,450
2023-12-21 04:00:00,58.0,"[np.float64(935.5), np.float64(1003.1), np.float64(1006.0), np.float64(1023.6), np.float64(1037.0)]",light,96.8,4.4,480,450
2023-12-21 04:30:00,55.0,"[np.float64(1017.3), np.float64(955.1), np.float64(1012.7), np.float64(1035.3), np.float64(972.1)]",light,96.3,2.4,480,450
2023-12-21 05:00:00,70.2,"[np.float64(995.0), np.float64(990.6), np.float64(1007.4), np.float64(1053.8), np.float64(1003.6)]",light,96.5,6.0,480,450
2023-12-21 05:30:00,54.1,"[np.float64(1012.7), np.float64(1047.2), np.float64(1083.7), np.float64(1051.8), np.float64(987.6)]",light,95.5,7.1,480,450
2023-12-21 06:00:00,86.7,"[np.float64(778.8), np.float64(823.2), np.float64(764.2), np.float64(842.0), np.float64(797.2)]",awake,98.3,20.4,0,0
2023-12-21 06:30:00,72.5,"[np.float64(751.6), np.float64(845.5), np.float64(862.9), np.float64(752.8), np.float64(843.2)]",awake,97.7,15.9,0,0
2023-12-21 07:00:00,150.3,"[np.float64(419.0), np.float64(403.7), np.float64(419.3), np.float64(408.6), np.float64(450.5)]",awake,98.4,84.3,0,0
2023-12-21 07:30:00,142.1,"[np.float64(424.3), np.float64(406.6), np.float64(431.8), np.float64(440.9), np.float64(429.1)]",awake,97.2,83.9,0,0
2023-12-21 08:00:00,144.9,"[np.float64(474.8), np.float64(428.4), np.float64(468.3), np.float64(407.9), np.float64(385.6)]",awake,97.6,94.5,0,0
2023-12-21 08:30:00,137.2,"[np.float64(460.2), np.float64(403.5), np.float64(419.9), np.float64(438.0), np.float64(380.8)]",awake,98.3,94.3,0,0
2023-12-21 09:00:00,70.4,"[np.float64(833.7), np.float64(846.0), np.float64(795.1), np.float64(778.9), np.float64(842.3)]",awake,97.7,26.9,0,0
2023-12-21 09:30:00,75.8,"[np.float64(844.6), np.float64(782.9), np.float64(760.0), np.float64(657.7), np.float64(807.2)]",awake,99.0,22.8,0,0
2023-12-21 10:00:00,74.1,"[np.float64(817.9), np.float64(816.4), np.float64(782.5), np.float64(728.5), np.float64(859.4)]",awake,98.0,26.2,0,0
2023-12-21 10:30:00,75.1,"[np.float64(799.0), np.float64(819.0), np.float64(838.1), np.float64(747.8), np.float64(809.0)]",awake,98.5,25.8,0,0
2023-12-21 11:00:00,86.3,"[np.float64(931.4), np.float64(819.7), np.float64(789.8), np.float64(776.4), np.float64(775.5)]",awake,97.8,8.8,0,0
2023-12-21 11:30:00,67.6,"[np.float64(755.9), np.float64(854.4), np.float64(839.1), np.float64(823.2), np.float64(785.1)]",awake,98.0,17.2,0,0
2023-12-21 12:00:00,90.4,"[np.float64(837.8), np.float64(775.4), np.float64(853.5), np.float64(721.6), np.float64(738.1)]",awake,98.0,16.4,0,0
2023-12-21 12:30:00,69.2,"[np.float64(780.7), np.float64(785.3), np.float64(808.0), np.float64(731.3), np.float64(820.9)]",awake,98.0,0.4,0,0
2023-12-21 13:00:00,82.3,"[np.float64(817.0), np.float64(809.8), np.float64(808.1), np.float64(810.3), np.float64(770.8)]",awake,98.5,20.0,0,0
2023-12-21 13:30:00,64.2,"[np.float64(873.8), np.float64(844.6), np.float64(739.3), np.float64(774.2), np.float64(778.9)]",awake,98.5,19.4,0,0
2023-12-21 14:00:00,76.8,"[np.float64(768.8), np.float64(808.6), np.float64(789.3), np.float64(857.7), np.float64(779.7)]",awake,98.6,30.3,0,0
2023-12-21 14:30:00,77.8,"[np.float64(743.9), np.float64(778.8), np.float64(787.1), np.float64(766.0), np.float64(888.9)]",awake,97.9,0.0,0,0
2023-12-21 15:00:00,82.3,"[np.float64(830.4), np.float64(856.8), np.float64(797.1), np.float64(793.6), np.float64(875.8)]",awake,97.7,11.8,0,0
2023-12-21 15:30:00,79.9,"[np.float64(789.2), np.float64(843.5), np.float64(830.1), np.float64(743.3), np.float64(825.1)]",awake,98.5,31.9,0,0
2023-12-21 16:00:00,90.6,"[np.float64(859.8), np.float64(836.1), np.float64(847.7), np.float64(759.7), np.float64(812.1)]",awake,97.7,18.1,0,0
2023-12-21 16:30:00,73.1,"[np.float64(758.3), np.float64(775.5), np.float64(822.4), np.float64(806.5), np.float64(751.1)]",awake,97.7,17.4,0,0
2023-12-21 17:00:00,73.8,"[np.float64(821.0), np.float64(754.5), np.float64(824.7), np.float64(705.1), np.float64(752.2)]",awake,97.7,37.1,0,0
2023-12-21 17:30:00,70.5,"[np.float64(858.0), np.float64(846.4), np.float64(773.8), np.float64(796.2), np.float64(772.2)]",awake,98.8,30.2,0,0
2023-12-21 18:00:00,76.9,"[np.float64(776.4), np.float64(762.2), np.float64(821.4), np.float64(830.8), np.float64(798.4)]",awake,98.0,21.4,0,0
2023-12-21 18:30:00,78.9,"[np.float64(861.9), np.float64(817.7), np.float64(764.4), np.float64(817.9), np.float64(832.0)]",awake,97.2,38.5,0,0
2023-12-21 19:00:00,79.0,"[np.float64(849.5), np.float64(807.0), np.float64(802.2), np.float64(840.4), np.float64(730.4)]",awake,97.6,0.2,0,0
2023-12-21 19:30:00,55.3,"[np.float64(816.6), np.float64(744.0), np.float64(789.1), np.float64(778.1), np.float64(811.6)]",awake,98.6,31.2,0,0
2023-12-21 20:00:00,74.5,"[np.float64(811.5), np.float64(874.2), np.float64(796.8), np.float64(830.2), np.float64(826.0)]",awake,98.9,28.3,0,0
2023-12-21 20:30:00,79.9,"[np.float64(889.5), np.float64(778.0), np.float64(826.7), np.float64(854.3), np.float64(827.7)]",awake,97.7,22.3,0,0
2023-12-21 21:00:00,76.9,"[np.float64(823.4), np.float64(839.3), np.float64(806.5), np.float64(797.1), np.float64(793.1)]",awake,98.0,26.1,0,0
2023-12-21 21:30:00,79.5,"[np.float64(831.8), np.float64(789.2), np.float64(790.1), np.float64(762.6), np.float64(836.7)]",awake,97.4,18.0,0,0
2023-12-21 22:00:00,55.0,"[np.float64(1049.5), np.float64(1030.8), np.float64(1061.1), np.float64(1000.4), np.float64(989.6)]",light,95.3,3.3,480,450
2023-12-21 22:30:00,68.7,"[np.float64(949.6), np.float64(972.2), np.float64(954.0), np.float64(991.4), np.float64(1062.3)]",light,96.3,7.2,480,450
2023-12-21 23:00:00,57.8,"[np.float64(895.8), np.float64(987.7), np.float64(1018.9), np.float64(1041.5), np.float64(944.7)]",light,96.2,4.5,480,450
2023-12-21 23:30:00,70.5,"[np.float64(871.1), np.float64(948.6), np.float64(999.3), np.float64(974.0), np.float64(1040.0)]",light,96.9,6.3,480,450
2023-12-22 00:00:00,66.0,"[np.float64(975.3), np.float64(994.6), np.float64(1036.2), np.float64(970.0), np.float64(984.6)]",deep,95.0,2.9,480,450
2023-12-22 00:30:00,65.2,"[np.float64(1037.2), np.float64(1009.4), np.float64(934.4), np.float64(989.4), np.float64(1001.0)]",deep,95.1,6.4,480,450
2023-12-22 01:00:00,59.1,"[np.float64(969.4), np.float64(1021.4), np.float64(1062.1), np.float64(999.3), np.float64(932.4)]",deep,96.4,4.4,480,450
2023-12-22 01:30:00,56.3,"[np.float64(976.7), np.float64(1056.0), np.float64(962.4), np.float64(983.4), np.float64(1073.7)]",deep,95.5,2.4,480,450
2023-12-22 02:00:00,58.5,"[np.float64(977.6), np.float64(1104.9), np.float64(1061.5), np.float64(949.6), np.float64(953.7)]",rem,95.2,3.4,480,450
2023-12-22 02:30:00,67.1,"[np.float64(1084.9), np.float64(1003.3), np.float64(941.2), np.float64(991.3), np.float64(1026.0)]",rem,97.3,3.8,480,450
2023-12-22 03:00:00,60.3,"[np.float64(1009.9), np.float64(1055.4), np.float64(1066.9), np.float64(963.4), np.float64(944.9)]",rem,95.2,8.0,480,450
2023-12-22 03:30:00,62.3,"[np.float64(1030.8), np.float64(1004.3), np.float64(1020.9), np.float64(974.1), np.float64(1118.3)]",rem,96.7,6.8,480,450
2023-12-22 04:00:00,58.4,"[np.float64(1072.0), np.float64(1086.9), np.float64(987.8), np.float64(1031.7), np.float64(1116.6)]",light,97.5,5.7,480,450
2023-12-22 04:30:00,53.6,"[np.float64(966.1), np.float64(942.0), np.float64(962.9), np.float64(983.4), np.float64(936.1)]",light,96.0,6.4,480,450
2023-12-22 05:00:00,68.0,"[np.float64(1062.5), np.float64(896.8), np.float64(976.9), np.float64(982.4), np.float64(961.3)]",light,95.9,6.5,480,450
2023-12-22 05:30:00,63.8,"[np.float64(1030.1), np.float64(965.2), np.float64(1023.3), np.float64(980.8), np.float64(1014.1)]",light,96.4,7.8,480,450
2023-12-22 06:00:00,65.9,"[np.float64(776.0), np.float64(800.9), np.float64(809.8), np.float64(814.6), np.float64(755.9)]",awake,97.4,24.4,0,0
2023-12-22 06:30:00,69.3,"[np.float64(837.4), np.float64(755.6), np.float64(771.5), np.float64(772.0), np.float64(809.0)]",awake,97.3,6.3,0,0
2023-12-22 07:00:00,153.9,"[np.float64(464.7), np.float64(423.1), np.float64(425.6), np.float64(475.4), np.float64(399.2)]",awake,98.0,96.9,0,0
2023-12-22 07:30:00,148.4,"[np.float64(416.9), np.float64(371.3), np.float64(441.1), np.float64(407.3), np.float64(456.2)]",awake,98.6,86.1,0,0
2023-12-22 08:00:00,146.9,"[np.float64(454.5), np.float64(441.0), np.float64(432.8), np.float64(404.8), np.float64(491.8)]",awake,98.1,95.2,0,0
2023-12-22 08:30:00,133.6,"[np.float64(467.3), np.float64(392.4), np.float64(434.2), np.float64(450.5), np.float64(414.0)]",awake,97.8,91.9,0,0
2023-12-22 09:00:00,77.6,"[np.float64(796.0), np.float64(805.8), np.float64(733.0), np.float64(848.1), np.float64(881.5)]",awake,98.4,8.1,0,0
2023-12-22 09:30:00,71.0,"[np.float64(790.0), np.float64(783.7), np.float64(827.2), np.float64(759.6), np.float64(811.5)]",awake,98.0,10.2,0,0
2023-12-22 10:00:00,73.2,"[np.float64(805.9), np.float64(710.3), np.float64(767.1), np.float64(817.6), np.float64(863.8)]",awake,98.0,21.2,0,0
2023-12-22 10:30:00,81.8,"[np.float64(767.0), np.float64(798.6), np.float64(811.0), np.float64(740.1), np.float64(800.3)]",awake,98.4,8.7,0,0
2023-12-22 11:00:00,65.6,"[np.float64(798.9), np.float64(780.7), np.float64(799.3), np.float64(752.3), np.float64(812.7)]",awake,97.8,36.5,0,0
2023-12-22 11:30:00,81.1,"[np.float64(826.6), np.float64(825.0), np.float64(809.5), np.float64(767.4), np.float64(778.7)]",awake,97.5,18.6,0,0
2023-12-22 12:00:00,77.3,"[np.float64(914.5), np.float64(845.9), np.float64(751.0), np.float64(819.5), np.float64(833.3)]",awake,97.4,29.9,0,0
2023-12-22 12:30:00,71.4,"[np.float64(754.7), np.float64(808.9), np.float64(843.0), np.float64(747.7), np.float64(779.7)]",awake,98.3,44.7,0,0
2023-12-22 13:00:00,62.4,"[np.float64(845.2), np.float64(813.0), np.float64(804.0), np.float64(758.4), np.float64(827.4)]",awake,98.5,19.6,0,0
2023-12-22 13:30:00,74.5,"[np.float64(765.8), np.float64(833.6), np.float64(758.8), np.float64(811.9), np.float64(819.8)]",awake,98.3,13.9,0,0
2023-12-22 14:00:00,82.8,"[np.float64(818.5), np.float64(842.8), np.float64(797.5), np.float64(786.2), np.float64(792.3)]",awake,99.0,9.1,0,0
2023-12-22 14:30:00,74.3,"[np.float64(849.9), np.float64(752.2), np.float64(753.6), np.float64(760.3), np.float64(773.6)]",awake,98.6,5.1,0,0
2023-12-22 15:00:00,71.8,"[np.float64(842.2), np.float64(745.0), np.float64(724.2), np.float64(725.6), np.float64(840.7)]",awake,97.8,12.7,0,0
2023-12-22 15:30:00,63.2,"[np.float64(720.1), np.float64(826.6), np.float64(870.3), np.float64(783.1), np.float64(763.9)]",awake,97.7,17.0,0,0
2023-12-22 16:00:00,65.5,"[np.float64(807.6), np.float64(778.0), np.float64(719.5), np.float64(795.9), np.float64(768.9)]",awake,97.9,19.8,0,0
2023-12-22 16:30:00,76.1,"[np.float64(799.2), np.float64(824.8), np.float64(800.7), np.float64(804.3), np.float64(791.2)]",awake,97.5,22.7,0,0
2023-12-22 17:00:00,75.9,"[np.float64(814.3), np.float64(817.5), np.float64(853.2), np.float64(783.0), np.float64(808.4)]",awake,97.6,16.9,0,0
2023-12-22 17:30:00,63.5,"[np.float64(818.0), np.float64(806.2), np.float64(820.9), np.float64(746.9), np.float64(801.7)]",awake,98.5,27.6,0,0
2023-12-22 18:00:00,53.3,"[np.float64(885.4), np.float64(826.4), np.float64(754.4), np.float64(805.6), np.float64(847.8)]",awake,97.2,13.9,0,0
2023-12-22 18:30:00,88.8,"[np.float64(797.8), np.float64(812.2), np.float64(744.8), np.float64(799.0), np.float64(756.3)]",awake,97.9,8.8,0,0
2023-12-22 19:00:00,74.4,"[np.float64(869.3), np.float64(813.7), np.float64(747.0), np.float64(798.0), np.float64(806.2)]",awake,97.2,14.7,0,0
2023-12-22 19:30:00,67.5,"[np.float64(822.1), np.float64(826.7), np.float64(823.4), np.float64(837.9), np.float64(891.1)]",awake,98.2,35.7,0,0
2023-12-22 20:00:00,69.1,"[np.float64(848.5), np.float64(832.1), np.float64(814.0), np.float64(823.8), np.float64(775.9)]",awake,97.9,9.3,0,0
2023-12-22 20:30:00,72.6,"[np.float64(839.7), np.float64(822.8), np.float64(818.3), np.float64(858.8), np.float64(853.7)]",awake,98.9,15.2,0,0
2023-12-22 21:00:00,77.8,"[np.float64(759.9), np.float64(810.3), np.float64(774.0), np.float64(827.4), np.float64(840.7)]",awake,98.2,29.7,0,0
2023-12-22 21:30:00,75.3,"[np.float64(808.0), np.float64(797.0), np.float64(806.1), np.float64(856.9), np.float64(804.6)]",awake,99.0,7.4,0,0
2023-12-22 22:00:00,49.0,"[np.float64(969.4), np.float64(1008.4), np.float64(1077.2), np.float64(995.8), np.float64(954.1)]",light,95.2,5.7,480,450
2023-12-22 22:30:00,61.0,"[np.float64(992.7), np.float64(969.3), np.float64(1040.8), np.float64(1011.9), np.float64(1019.9)]",light,96.1,6.3,480,450
2023-12-22 23:00:00,53.9,"[np.float64(984.1), np.float64(1007.9), np.float64(990.5), np.float64(948.2), np.float64(997.9)]",light,96.4,5.8,480,450
2023-12-22 23:30:00,47.6,"[np.float64(938.1), np.float64(998.1), np.float64(998.2), np.float64(986.7), np.float64(1032.2)]",light,96.6,6.7,480,450
2023-12-23 00:00:00,58.3,"[np.float64(933.9), np.float64(941.2), np.float64(1049.0), np.float64(950.4), np.float64(944.0)]",deep,96.3,5.7,480,450
2023-12-23 00:30:00,63.2,"[np.float64(1043.3), np.float64(1052.6), np.float64(949.0), np.float64(1035.5), np.float64(928.6)]",deep,96.1,5.1,480,450
2023-12-23 01:00:00,62.0,"[np.float64(1016.6), np.float64(984.4), np.float64(925.9), np.float64(990.8), np.float64(964.4)]",deep,95.7,3.1,480,450
2023-12-23 01:30:00,58.6,"[np.float64(1038.7), np.float64(994.5), np.float64(1030.5), np.float64(967.3), np.float64(970.1)]",deep,95.5,6.0,480,450
2023-12-23 02:00:00,60.1,"[np.float64(1025.6), np.float64(1042.6), np.float64(1079.4), np.float64(975.0), np.float64(1039.9)]",rem,96.1,3.0,480,450
2023-12-23 02:30:00,65.9,"[np.float64(1048.8), np.float64(951.2), np.float64(1022.7), np.float64(1055.4), np.float64(1086.9)]",rem,95.7,1.5,480,450
2023-12-23 03:00:00,54.6,"[np.float64(1002.0), np.float64(981.4), np.float64(1006.9), np.float64(992.5), np.float64(1053.7)]",rem,96.1,5.1,480,450
2023-12-23 03:30:00,64.3,"[np.float64(907.4), np.float64(940.6), np.float64(1015.7), np.float64(1057.3), np.float64(988.2)]",rem,95.9,4.3,480,450
2023-12-23 04:00:00,55.8,"[np.float64(968.9), np.float64(996.6), np.float64(970.5), np.float64(948.6), np.float64(950.5)]",light,96.1,5.1,480,450
2023-12-23 04:30:00,61.2,"[np.float64(869.2), np.float64(822.2), np.float64(997.3), np.float64(1038.7), np.float64(1041.8)]",light,95.9,0.9,480,450
2023-12-23 05:00:00,58.3,"[np.float64(1062.8), np.float64(1083.9), np.float64(1008.0), np.float64(933.8), np.float64(1002.4)]",light,96.1,2.8,480,450
2023-12-23 05:30:00,63.8,"[np.float64(971.9), np.float64(911.6), np.float64(1048.2), np.float64(1063.9), np.float64(1038.2)]",light,96.2,6.5,480,450
2023-12-23 06:00:00,72.3,"[np.float64(775.4), np.float64(892.3), np.float64(834.5), np.float64(878.9), np.float64(786.2)]",awake,98.4,29.7,0,0
2023-12-23 06:30:00,74.3,"[np.float64(841.1), np.float64(776.3), np.float64(824.5), np.float64(794.8), np.float64(769.6)]",awake,98.6,23.9,0,0
2023-12-23 07:00:00,58.1,"[np.float64(775.1), np.float64(815.3), np.float64(811.4), np.float64(796.9), np.float64(764.4)]",awake,97.6,20.3,0,0
2023-12-23 07:30:00,67.1,"[np.float64(841.9), np.float64(789.8), np.float64(793.4), np.float64(804.6), np.float64(767.2)]",awake,97.9,27.6,0,0
2023-12-23 08:00:00,88.1,"[np.float64(740.5), np.float64(793.9), np.float64(802.2), np.float64(820.1), np.float64(821.6)]",awake,98.4,16.6,0,0
2023-12-23 08:30:00,80.4,"[np.float64(806.4), np.float64(795.2), np.float64(750.2), np.float64(808.0), np.float64(779.4)]",awake,98.3,5.5,0,0
2023-12-23 09:00:00,84.2,"[np.float64(807.7), np.float64(823.3), np.float64(796.6), np.float64(790.8), np.float64(766.9)]",awake,98.7,35.1,0,0
2023-12-23 09:30:00,82.4,"[np.float64(831.8), np.float64(816.2), np.float64(817.7), np.float64(787.3), np.float64(817.6)]",awake,98.7,28.5,0,0
2023-12-23 10:00:00,79.4,"[np.float64(760.1), np.float64(751.2), np.float64(781.3), np.float64(727.8), np.float64(761.6)]",awake,97.7,13.2,0,0
2023-12-23 10:30:00,90.9,"[np.float64(870.5), np.float64(797.2), np.float64(822.3), np.float64(843.8), np.float64(805.9)]",awake,97.7,33.7,0,0
2023-12-23 11:00:00,66.5,"[np.float64(773.9), np.float64(886.0), np.float64(795.9), np.float64(787.4), np.float64(762.3)]",awake,97.9,7.3,0,0
2023-12-23 11:30:00,86.4,"[np.float64(856.3), np.float64(801.5), np.float64(814.4), np.float64(810.5), np.float64(814.7)]",awake,98.8,19.1,0,0
2023-12-23 12:00:00,69.9,"[np.float64(805.0), np.float64(784.0), np.float64(813.2), np.float64(829.5), np.float64(780.3)]",awake,98.2,24.9,0,0
2023-12-23 12:30:00,66.1,"[np.float64(729.4), np.float64(829.8), np.float64(816.3), np.float64(809.7), np.float64(805.8)]",awake,97.5,29.6,0,0
2023-12-23 13:00:00,76.3,"[np.float64(844.2), np.float64(852.7), np.float64(846.6), np.float64(702.5), np.float64(808.4)]",awake,97.7,16.4,0,0
2023-12-23 13:30:00,81.5,"[np.float64(833.3), np.float64(809.5), np.float64(792.7), np.float64(867.4), np.float64(790.7)]",awake,98.6,22.0,0,0
2023-12-23 14:00:00,67.1,"[np.float64(762.7), np.float64(836.9), np.float64(785.0), np.float64(834.6), np.float64(822.9)]",awake,98.0,24.5,0,0
2023-12-23 14:30:00,74.6,"[np.float64(744.8), np.float64(806.2), np.float64(828.3), np.float64(737.9), np.float64(752.8)]",awake,97.4,39.9,0,0
2023-12-23 15:00:00,61.8,"[np.float64(814.4), np.float64(805.8), np.float64(716.1), np.float64(825.3), np.float64(823.1)]",awake,97.3,21.0,0,0
2023-12-23 15:30:00,75.2,"[np.float64(757.5), np.float64(825.7), np.float64(779.1), np.float64(879.1), np.float64(825.1)]",awake,98.2,24.8,0,0
2023-12-23 16:00:00,72.9,"[np.float64(756.6), np.float64(776.1), np.float64(765.1), np.float64(723.3), np.float64(776.9)]",awake,98.1,7.0,0,0
2023-12-23 16:30:00,76.2,"[np.float64(799.2), np.float64(765.2), np.float64(813.3), np.float64(760.2), np.float64(864.4)]",awake,97.6,11.9,0,0
2023-12-23 17:00:00,77.8,"[np.float64(820.5), np.float64(812.8), np.float64(844.9), np.float64(822.8), np.float64(791.3)]",awake,98.0,11.2,0,0
2023-12-23 17:30:00,79.9,"[np.float64(769.6), np.float64(816.6), np.float64(743.7), np.float64(775.0), np.float64(830.5)]",awake,97.0,35.5,0,0
2023-12-23 18:00:00,92.1,"[np.float64(875.4), np.float64(816.7), np.float64(756.7), np.float64(760.1), np.float64(808.3)]",awake,97.9,5.2,0,0
2023-12-23 18:30:00,57.3,"[np.float64(784.6), np.float64(815.0), np.float64(771.9), np.float64(740.4), np.float64(770.5)]",awake,97.9,11.6,0,0
2023-12-23 19:00:00,70.0,"[np.float64(795.2), np.float64(798.5), np.float64(805.4), np.float64(830.5), np.float64(796.8)]",awake,98.6,29.9,0,0
2023-12-23 19:30:00,70.4,"[np.float64(879.6), np.float64(768.2), np.float64(845.9), np.float64(751.1), np.float64(799.9)]",awake,98.9,0.0,0,0
2023-12-23 20:00:00,62.4,"[np.float64(808.7), np.float64(800.1), np.float64(797.4), np.float64(734.7), np.float64(784.7)]",awake,98.1,20.6,0,0
2023-12-23 20:30:00,75.1,"[np.float64(775.1), np.float64(818.5), np.float64(767.4), np.float64(743.6), np.float64(743.6)]",awake,97.4,16.7,0,0
2023-12-23 21:00:00,70.8,"[np.float64(882.4), np.float64(827.3), np.float64(820.9), np.float64(768.8), np.float64(789.3)]",awake,97.8,18.4,0,0
2023-12-23 21:30:00,75.4,"[np.float64(760.0), np.float64(854.0), np.float64(751.5), np.float64(769.8), np.float64(774.1)]",awake,98.2,17.8,0,0
2023-12-23 22:00:00,55.2,"[np.float64(961.8), np.float64(1000.6), np.float64(1067.1), np.float64(942.1), np.float64(1034.7)]",light,95.6,5.5,480,450
2023-12-23 22:30:00,63.6,"[np.float64(953.6), np.float64(1029.9), np.float64(1041.7), np.float64(1103.1), np.float64(905.9)]",light,95.6,5.1,480,450
2023-12-23 23:00:00,56.0,"[np.float64(946.1), np.float64(1046.0), np.float64(948.5), np.float64(1109.1), np.float64(949.8)]",light,95.8,8.5,480,450
2023-12-23 23:30:00,56.0,"[np.float64(983.4), np.float64(935.9), np.float64(972.6), np.float64(1102.5), np.float64(1018.2)]",light,97.0,8.4,480,450
2023-12-24 00:00:00,63.5,"[np.float64(975.1), np.float64(1031.8), np.float64(1044.3), np.float64(1045.0), np.float64(944.5)]",deep,95.8,5.1,480,450
2023-12-24 00:30:00,56.6,"[np.float64(1072.1), np.float64(1003.4), np.float64(1003.7), np.float64(1021.1), np.float64(1064.7)]",deep,95.8,4.4,480,450
2023-12-24 01:00:00,68.5,"[np.float64(858.5), np.float64(1029.5), np.float64(1059.9), np.float64(1035.9), np.float64(1078.2)]",deep,95.9,5.9,480,450
2023-12-24 01:30:00,57.8,"[np.float64(1022.3), np.float64(943.2), np.float64(989.0), np.float64(1029.5), np.float64(991.6)]",deep,96.9,5.3,480,450
2023-12-24 02:00:00,61.5,"[np.float64(1003.7), np.float64(1001.7), np.float64(1030.6), np.float64(915.1), np.float64(970.4)]",rem,96.7,5.6,480,450
2023-12-24 02:30:00,62.2,"[np.float64(960.3), np.float64(995.1), np.float64(1000.0), np.float64(1012.8), np.float64(1003.8)]",rem,96.3,8.7,480,450
2023-12-24 03:00:00,56.7,"[np.float64(941.2), np.float64(1025.2), np.float64(1016.7), np.float64(982.4), np.float64(1035.9)]",rem,96.5,5.7,480,450
2023-12-24 03:30:00,63.0,"[np.float64(1105.7), np.float64(989.5), np.float64(925.6), np.float64(973.0), np.float64(963.6)]",rem,96.6,4.7,480,450
2023-12-24 04:00:00,54.1,"[np.float64(1018.2), np.float64(1009.5), np.float64(920.5), np.float64(1003.4), np.float64(1046.9)]",light,96.8,5.9,480,450
2023-12-24 04:30:00,63.3,"[np.float64(1010.2), np.float64(1037.8), np.float64(1080.1), np.float64(1031.8), np.float64(950.9)]",light,96.0,2.9,480,450
2023-12-24 05:00:00,64.1,"[np.float64(999.9), np.float64(1063.0), np.float64(1085.7), np.float64(1006.9), np.float64(1067.8)]",light,96.3,3.6,480,450
2023-12-24 05:30:00,55.4,"[np.float64(1014.9), np.float64(946.0), np.float64(1081.6), np.float64(913.8), np.float64(965.8)]",light,96.0,6.8,480,450
2023-12-24 06:00:00,73.2,"[np.float64(771.7), np.float64(760.1), np.float64(786.8), np.float64(854.2), np.float64(805.2)]",awake,98.0,15.8,0,0
2023-12-24 06:30:00,84.5,"[np.float64(731.8), np.float64(888.7), np.float64(804.3), np.float64(816.7), np.float64(773.0)]",awake,97.7,24.3,0,0
2023-12-24 07:00:00,88.3,"[np.float64(743.9), np.float64(826.2), np.float64(867.9), np.float64(820.9), np.float64(774.3)]",awake,97.4,10.2,0,0
2023-12-24 07:30:00,75.5,"[np.float64(806.3), np.float64(822.4), np.float64(879.2), np.float64(827.0), np.float64(772.2)]",awake,97.4,6.7,0,0
2023-12-24 08:00:00,66.4,"[np.float64(815.5), np.float64(842.7), np.float64(828.4), np.float64(777.2), np.float64(751.3)]",awake,98.5,0.0,0,0
2023-12-24 08:30:00,89.9,"[np.float64(745.8), np.float64(789.5), np.float64(781.9), np.float64(793.4), np.float64(906.6)]",awake,98.5,22.1,0,0
2023-12-24 09:00:00,76.6,"[np.float64(762.6), np.float64(731.9), np.float64(747.2), np.float64(774.0), np.float64(825.6)]",awake,97.8,32.7,0,0
2023-12-24 09:30:00,83.4,"[np.float64(784.7), np.float64(839.2), np.float64(724.4), np.float64(780.9), np.float64(799.9)]",awake,96.9,20.5,0,0
2023-12-24 10:00:00,61.9,"[np.float64(691.0), np.float64(795.9), np.float64(852.8), np.float64(796.6), np.float64(819.9)]",awake,98.4,25.7,0,0
2023-12-24 10:30:00,57.3,"[np.float64(780.6), np.float64(885.5), np.float64(839.0), np.float64(805.0), np.float64(774.9)]",awake,97.9,14.3,0,0
2023-12-24 11:00:00,63.5,"[np.float64(852.8), np.float64(806.9), np.float64(811.3), np.float64(786.9), np.float64(775.1)]",awake,97.9,21.0,0,0
2023-12-24 11:30:00,76.3,"[np.float64(818.9), np.float64(850.6), np.float64(772.1), np.float64(792.9), np.float64(832.6)]",awake,98.3,11.1,0,0
2023-12-24 12:00:00,74.8,"[np.float64(831.9), np.float64(771.2), np.float64(796.3), np.float64(858.4), np.float64(817.5)]",awake,98.3,29.6,0,0
2023-12-24 12:30:00,84.3,"[np.float64(751.5), np.float64(816.0), np.float64(744.5), np.float64(754.3), np.float64(753.7)]",awake,98.1,28.5,0,0
2023-12-24 13:00:00,74.5,"[np.float64(818.7), np.float64(897.6), np.float64(821.5), np.float64(834.3), np.float64(843.7)]",awake,97.5,23.3,0,0
2023-12-24 13:30:00,78.0,"[np.float64(784.3), np.float64(836.1), np.float64(786.0), np.float64(786.6), np.float64(724.0)]",awake,98.1,18.0,0,0
2023-12-24 14:00:00,70.7,"[np.float64(792.6), np.float64(755.5), np.float64(892.5), np.float64(852.5), np.float64(797.5)]",awake,99.0,15.5,0,0
2023-12-24 14:30:00,82.7,"[np.float64(787.7), np.float64(835.6), np.float64(824.9), np.float64(768.8), np.float64(754.7)]",awake,97.6,17.8,0,0
2023-12-24 15:00:00,83.2,"[np.float64(792.6), np.float64(748.6), np.float64(768.6), np.float64(800.9), np.float64(837.3)]",awake,97.4,12.8,0,0
2023-12-24 15:30:00,80.1,"[np.float64(797.9), np.float64(754.3), np.float64(819.3), np.float64(822.0), np.float64(811.5)]",awake,97.9,6.1,0,0
2023-12-24 16:00:00,73.4,"[np.float64(728.2), np.float64(720.9), np.float64(920.8), np.float64(802.3), np.float64(683.3)]",awake,98.9,38.1,0,0
2023-12-24 16:30:00,76.6,"[np.float64(784.0), np.float64(777.5), np.float64(754.2), np.float64(770.5), np.float64(789.8)]",awake,97.3,16.6,0,0
2023-12-24 17:00:00,88.1,"[np.float64(789.2), np.float64(803.1), np.float64(742.9), np.float64(843.6), np.float64(756.8)]",awake,98.4,21.8,0,0
2023-12-24 17:30:00,62.9,"[np.float64(849.7), np.float64(823.2), np.float64(772.5), np.float64(739.2), np.float64(747.8)]",awake,97.6,33.8,0,0
2023-12-24 18:00:00,78.7,"[np.float64(775.3), np.float64(797.7), np.float64(830.6), np.float64(819.8), np.float64(809.2)]",awake,98.1,31.4,0,0
2023-12-24 18:30:00,84.1,"[np.float64(827.0), np.float64(791.8), np.float64(795.3), np.float64(820.3), np.float64(832.9)]",awake,98.8,23.6,0,0
2023-12-24 19:00:00,79.0,"[np.float64(829.7), np.float64(770.2), np.float64(843.9), np.float64(803.0), np.float64(725.9)]",awake,98.4,3.5,0,0
2023-12-24 19:30:00,64.9,"[np.float64(861.7), np.float64(808.7), np.float64(791.5), np.float64(776.4), np.float64(788.4)]",awake,97.1,9.1,0,0
2023-12-24 20:00:00,53.9,"[np.float64(852.4), np.float64(783.0), np.float64(892.1), np.float64(854.2), np.float64(856.4)]",awake,97.6,11.1,0,0
2023-12-24 20:30:00,72.3,"[np.float64(778.1), np.float64(771.7), np.float64(802.7), np.float64(804.0), np.float64(824.3)]",awake,97.2,22.7,0,0
2023-12-24 21:00:00,84.6,"[np.float64(736.7), np.float64(781.9), np.float64(820.6), np.float64(785.4), np.float64(811.3)]",awake,98.1,12.1,0,0
2023-12-24 21:30:00,73.3,"[np.float64(820.1), np.float64(748.7), np.float64(844.0), np.float64(786.3), np.float64(796.7)]",awake,98.2,29.3,0,0
2023-12-24 22:00:00,66.4,"[np.float64(1027.7), np.float64(1034.2), np.float64(1127.5), np.float64(1016.4), np.float64(1005.3)]",light,95.8,7.6,480,450
2023-12-24 22:30:00,61.8,"[np.float64(969.4), np.float64(987.2), np.float64(1090.6), np.float64(1066.1), np.float64(960.3)]",light,95.6,6.6,480,450
2023-12-24 23:00:00,61.5,"[np.float64(997.1), np.float64(1041.4), np.float64(908.4), np.float64(970.5), np.float64(957.9)]",light,96.3,3.8,480,450
2023-12-24 23:30:00,65.2,"[np.float64(1037.3), np.float64(1006.3), np.float64(919.4), np.float64(1059.5), np.float64(1144.1)]",light,95.5,3.3,480,450
2023-12-25 00:00:00,59.5,"[np.float64(957.4), np.float64(988.9), np.float64(1025.9), np.float64(919.2), np.float64(1035.3)]",deep,96.3,6.9,480,450
2023-12-25 00:30:00,56.6,"[np.float64(1037.2), np.float64(1010.3), np.float64(928.3), np.float64(968.6), np.float64(944.8)]",deep,96.4,3.7,480,450
2023-12-25 01:00:00,66.9,"[np.float64(982.1), np.float64(1004.8), np.float64(1029.3), np.float64(973.7), np.float64(1022.0)]",deep,96.0,5.2,480,450
2023-12-25 01:30:00,62.7,"[np.float64(967.1), np.float64(993.2), np.float64(993.4), np.float64(899.0), np.float64(898.8)]",deep,96.0,0.0,480,450
2023-12-25 02:00:00,56.6,"[np.float64(986.5), np.float64(1004.5), np.float64(1089.1), np.float64(972.0), np.float64(1040.1)]",rem,96.1,4.4,480,450
2023-12-25 02:30:00,47.1,"[np.float64(1015.4), np.float64(883.9), np.float64(953.5), np.float64(1048.9), np.float64(1005.7)]",rem,96.7,5.9,480,450
2023-12-25 03:00:00,57.3,"[np.float64(911.1), np.float64(927.0), np.float64(979.6), np.float64(969.1), np.float64(961.0)]",rem,96.4,4.9,480,450
2023-12-25 03:30:00,63.2,"[np.float64(980.4), np.float64(981.1), np.float64(901.1), np.float64(1015.8), np.float64(1050.8)]",rem,95.8,4.1,480,450
2023-12-25 04:00:00,58.0,"[np.float64(1010.0), np.float64(1026.4), np.float64(977.6), np.float64(964.4), np.float64(1000.4)]",light,96.0,9.5,480,450
2023-12-25 04:30:00,56.0,"[np.float64(988.1), np.float64(1032.8), np.float64(1003.3), np.float64(1066.3), np.float64(1029.8)]",light,96.4,5.8,480,450
2023-12-25 05:00:00,54.7,"[np.float64(955.1), np.float64(901.4), np.float64(987.6), np.float64(997.6), np.float64(1038.8)]",light,95.8,6.4,480,450
2023-12-25 05:30:00,54.0,"[np.float64(981.3), np.float64(1073.2), np.float64(930.3), np.float64(1083.5), np.float64(1018.4)]",light,95.5,3.0,480,450
2023-12-25 06:00:00,80.3,"[np.float64(835.7), np.float64(758.1), np.float64(844.7), np.float64(790.0), np.float64(794.9)]",awake,98.2,6.8,0,0
2023-12-25 06:30:00,73.8,"[np.float64(789.1), np.float64(788.9), np.float64(710.4), np.float64(812.3), np.float64(791.6)]",awake,98.0,23.6,0,0
2023-12-25 07:00:00,146.7,"[np.float64(440.6), np.float64(401.8), np.float64(410.4), np.float64(483.4), np.float64(372.8)]",awake,97.8,80.7,0,0
2023-12-25 07:30:00,150.0,"[np.float64(379.7), np.float64(455.7), np.float64(426.7), np.float64(462.5), np.float64(430.5)]",awake,98.0,87.0,0,0
2023-12-25 08:00:00,146.2,"[np.float64(474.1), np.float64(369.9), np.float64(387.4), np.float64(428.7), np.float64(499.8)]",awake,97.6,85.0,0,0
2023-12-25 08:30:00,144.7,"[np.float64(470.2), np.float64(428.4), np.float64(401.7), np.float64(459.0), np.float64(365.8)]",awake,96.7,78.1,0,0
2023-12-25 09:00:00,62.5,"[np.float64(791.4), np.float64(887.8), np.float64(807.8), np.float64(800.2), np.float64(762.9)]",awake,97.3,17.2,0,0
2023-12-25 09:30:00,66.3,"[np.float64(716.9), np.float64(829.4), np.float64(850.2), np.float64(737.1), np.float64(808.2)]",awake,98.6,26.9,0,0
2023-12-25 10:00:00,79.0,"[np.float64(852.1), np.float64(809.8), np.float64(826.6), np.float64(855.6), np.float64(828.1)]",awake,98.1,14.5,0,0
2023-12-25 10:30:00,59.3,"[np.float64(770.8), np.float64(850.7), np.float64(733.3), np.float64(802.8), np.float64(807.1)]",awake,97.9,20.1,0,0
2023-12-25 11:00:00,71.0,"[np.float64(782.8), np.float64(785.7), np.float64(814.4), np.float64(910.4), np.float64(755.1)]",awake,97.6,21.6,0,0
2023-12-25 11:30:00,79.2,"[np.float64(764.0), np.float64(809.1), np.float64(806.4), np.float64(766.7), np.float64(797.8)]",awake,98.0,28.7,0,0
2023-12-25 12:00:00,99.3,"[np.float64(789.5), np.float64(773.0), np.float64(760.1), np.float64(807.6), np.float64(785.0)]",awake,98.6,14.8,0,0
2023-12-25 12:30:00,67.4,"[np.float64(737.8), np.float64(832.4), np.float64(728.6), np.float64(808.3), np.float64(750.8)]",awake,98.3,15.6,0,0
2023-12-25 13:00:00,64.0,"[np.float64(839.3), np.float64(830.3), np.float64(837.4), np.float64(738.9), np.float64(724.9)]",awake,98.7,26.9,0,0
2023-12-25 13:30:00,71.4,"[np.float64(791.2), np.float64(801.0), np.float64(850.5), np.float64(803.2), np.float64(816.6)]",awake,97.3,29.2,0,0
2023-12-25 14:00:00,76.3,"[np.float64(804.8), np.float64(797.5), np.float64(777.3), np.float64(778.6), np.float64(776.3)]",awake,98.5,16.2,0,0
2023-12-25 14:30:00,77.0,"[np.float64(737.5), np.float64(866.2), np.float64(858.8), np.float64(728.8), np.float64(784.0)]",awake,98.1,6.9,0,0
2023-12-25 15:00:00,74.8,"[np.float64(819.8), np.float64(777.1), np.float64(796.9), np.float64(793.1), np.float64(828.8)]",awake,98.0,24.2,0,0
2023-12-25 15:30:00,73.3,"[np.float64(823.3), np.float64(806.9), np.float64(776.1), np.float64(820.0), np.float64(773.6)]",awake,98.8,17.1,0,0
2023-12-25 16:00:00,81.5,"[np.float64(784.7), np.float64(876.7), np.float64(752.8), np.float64(783.3), np.float64(767.9)]",awake,98.0,0.0,0,0
2023-12-25 16:30:00,63.7,"[np.float64(802.5), np.float64(860.5), np.float64(798.9), np.float64(802.8), np.float64(761.1)]",awake,98.2,24.9,0,0
2023-12-25 17:00:00,79.8,"[np.float64(868.4), np.float64(778.7), np.float64(768.0), np.float64(849.0), np.float64(842.4)]",awake,97.7,29.1,0,0
2023-12-25 17:30:00,87.4,"[np.float64(796.2), np.float64(762.5), np.float64(766.7), np.float64(747.1), np.float64(710.8)]",awake,98.4,14.0,0,0
2023-12-25 18:00:00,71.4,"[np.float64(801.9), np.float64(694.3), np.float64(792.0), np.float64(793.1), np.float64(781.5)]",awake,97.7,23.6,0,0
2023-12-25 18:30:00,85.1,"[np.float64(736.7), np.float64(797.3), np.float64(747.9), np.float64(834.9), np.float64(845.1)]",awake,98.2,0.0,0,0
2023-12-25 19:00:00,68.4,"[np.float64(837.2), np.float64(779.0), np.float64(797.3), np.float64(895.5), np.float64(783.4)]",awake,98.3,26.4,0,0
2023-12-25 19:30:00,91.6,"[np.float64(839.6), np.float64(796.2), np.float64(847.8), np.float64(758.0), np.float64(805.1)]",awake,98.1,19.7,0,0
2023-12-25 20:00:00,61.5,"[np.float64(813.2), np.float64(803.2), np.float64(816.4), np.float64(823.5), np.float64(839.9)]",awake,98.3,19.7,0,0
2023-12-25 20:30:00,67.6,"[np.float64(834.8), np.float64(761.9), np.float64(853.4), np.float64(818.0), np.float64(841.9)]",awake,98.0,22.8,0,0
2023-12-25 21:00:00,72.7,"[np.float64(837.0), np.float64(834.9), np.float64(760.1), np.float64(854.3), np.float64(799.7)]",awake,98.0,0.0,0,0
2023-12-25 21:30:00,85.9,"[np.float64(778.8), np.float64(841.2), np.float64(832.3), np.float64(801.5), np.float64(834.7)]",awake,97.3,24.5,0,0
2023-12-25 22:00:00,57.8,"[np.float64(1010.2), np.float64(1041.9), np.float64(964.2), np.float64(907.9), np.float64(939.1)]",light,96.1,8.2,480,450
2023-12-25 22:30:00,53.8,"[np.float64(941.7), np.float64(1059.0), np.float64(952.6), np.float64(1006.5), np.float64(918.2)]",light,95.7,2.0,480,450
2023-12-25 23:00:00,70.1,"[np.float64(1006.4), np.float64(971.8), np.float64(1053.7), np.float64(1105.3), np.float64(986.1)]",light,95.9,4.7,480,450
2023-12-25 23:30:00,63.4,"[np.float64(1001.2), np.float64(962.8), np.float64(934.8), np.float64(918.2), np.float64(1015.5)]",light,96.1,6.9,480,450
2023-12-26 00:00:00,56.5,"[np.float64(944.5), np.float64(1005.1), np.float64(948.3), np.float64(1003.5), np.float64(876.4)]",deep,96.0,6.4,480,450
2023-12-26 00:30:00,55.2,"[np.float64(1084.7), np.float64(1087.4), np.float64(1025.2), np.float64(999.6), np.float64(1005.7)]",deep,96.2,6.0,480,450
2023-12-26 01:00:00,55.7,"[np.float64(968.9), np.float64(1030.3), np.float64(1067.7), np.float64(951.8), np.float64(1036.9)]",deep,95.0,7.0,480,450
2023-12-26 01:30:00,61.3,"[np.float64(988.8), np.float64(973.4), np.float64(1032.4), np.float64(1019.9), np.float64(1005.5)]",deep,96.3,3.7,480,450
2023-12-26 02:00:00,52.4,"[np.float64(907.0), np.float64(940.7), np.float64(1008.0), np.float64(1028.1), np.float64(1007.3)]",rem,95.5,3.8,480,450
2023-12-26 02:30:00,48.1,"[np.float64(973.4), np.float64(1081.7), np.float64(968.9), np.float64(981.6), np.float64(968.9)]",rem,95.3,6.8,480,450
2023-12-26 03:00:00,65.9,"[np.float64(991.5), np.float64(951.7), np.float64(1000.4), np.float64(919.6), np.float64(978.6)]",rem,95.2,7.6,480,450
2023-12-26 03:30:00,52.7,"[np.float64(1054.7), np.float64(962.9), np.float64(990.5), np.float64(1039.4), np.float64(1024.6)]",rem,95.6,7.1,480,450
2023-12-26 04:00:00,59.0,"[np.float64(1050.2), np.float64(943.3), np.float64(1012.0), np.float64(977.6), np.float64(966.4)]",light,96.6,3.8,480,450
2023-12-26 04:30:00,68.6,"[np.float64(1007.5), np.float64(1070.4), np.float64(1048.7), np.float64(997.7), np.float64(1048.7)]",light,96.4,4.6,480,450
2023-12-26 05:00:00,59.8,"[np.float64(949.4), np.float64(1054.8), np.float64(1018.6), np.float64(951.8), np.float64(985.8)]",light,96.2,6.9,480,450
2023-12-26 05:30:00,62.9,"[np.float64(1014.3), np.float64(889.0), np.float64(1124.2), np.float64(1010.5), np.float64(930.9)]",light,95.7,6.6,480,450
2023-12-26 06:00:00,77.8,"[np.float64(824.1), np.float64(820.1), np.float64(915.3), np.float64(795.4), np.float64(776.4)]",awake,98.1,11.8,0,0
2023-12-26 06:30:00,77.7,"[np.float64(770.4), np.float64(777.6), np.float64(821.0), np.float64(807.9), np.float64(784.0)]",awake,98.1,17.0,0,0
2023-12-26 07:00:00,144.1,"[np.float64(449.1), np.float64(496.9), np.float64(491.1), np.float64(410.7), np.float64(441.9)]",awake,97.5,83.3,0,0
2023-12-26 07:30:00,151.9,"[np.float64(404.9), np.float64(422.0), np.float64(467.6), np.float64(374.9), np.float64(432.7)]",awake,98.1,81.0,0,0
2023-12-26 08:00:00,125.0,"[np.float64(403.7), np.float64(433.5), np.float64(437.2), np.float64(410.2), np.float64(428.2)]",awake,97.2,83.8,0,0
2023-12-26 08:30:00,146.6,"[np.float64(400.4), np.float64(452.0), np.float64(442.3), np.float64(425.4), np.float64(456.7)]",awake,98.0,91.1,0,0
2023-12-26 09:00:00,68.5,"[np.float64(753.5), np.float64(767.3), np.float64(770.7), np.float64(776.5), np.float64(803.7)]",awake,98.3,1.6,0,0
2023-12-26 09:30:00,76.9,"[np.float64(795.5), np.float64(754.1), np.float64(802.0), np.float64(829.2), np.float64(750.8)]",awake,98.3,25.5,0,0
2023-12-26 10:00:00,78.0,"[np.float64(842.5), np.float64(820.3), np.float64(761.6), np.float64(724.7), np.float64(818.5)]",awake,97.1,30.3,0,0
2023-12-26 10:30:00,76.3,"[np.float64(760.0), np.float64(766.1), np.float64(797.1), np.float64(819.9), np.float64(833.7)]",awake,98.5,26.1,0,0
2023-12-26 11:00:00,76.9,"[np.float64(780.6), np.float64(833.3), np.float64(845.1), np.float64(874.6), np.float64(776.1)]",awake,97.7,16.0,0,0
2023-12-26 11:30:00,78.5,"[np.float64(759.3), np.float64(800.0), np.float64(679.2), np.float64(750.3), np.float64(775.6)]",awake,97.6,19.0,0,0
2023-12-26 12:00:00,71.3,"[np.float64(773.7), np.float64(769.6), np.float64(815.1), np.float64(789.6), np.float64(812.4)]",awake,98.1,26.5,0,0
2023-12-26 12:30:00,73.0,"[np.float64(861.7), np.float64(815.5), np.float64(849.5), np.float64(837.8), np.float64(814.2)]",awake,98.0,18.0,0,0
2023-12-26 13:00:00,73.0,"[np.float64(826.1), np.float64(820.6), np.float64(731.8), np.float64(796.0), np.float64(785.4)]",awake,98.1,24.7,0,0
2023-12-26 13:30:00,77.9,"[np.float64(819.9), np.float64(828.3), np.float64(804.6), np.float64(810.3), np.float64(830.2)]",awake,98.3,23.8,0,0
2023-12-26 14:00:00,71.7,"[np.float64(715.6), np.float64(754.4), np.float64(864.3), np.float64(856.7), np.float64(779.7)]",awake,98.3,6.6,0,0
2023-12-26 14:30:00,74.2,"[np.float64(737.1), np.float64(777.8), np.float64(816.5), np.float64(791.8), np.float64(832.5)]",awake,98.5,18.0,0,0
2023-12-26 15:00:00,68.3,"[np.float64(819.0), np.float64(813.8), np.float64(776.1), np.float64(871.5), np.float64(802.4)]",awake,97.5,36.0,0,0
2023-12-26 15:30:00,95.3,"[np.float64(792.7), np.float64(822.2), np.float64(790.5), np.float64(788.4), np.float64(751.3)]",awake,98.2,6.1,0,0
2023-12-26 16:00:00,78.4,"[np.float64(780.6), np.float64(767.3), np.float64(828.8), np.float64(777.3), np.float64(760.5)]",awake,98.0,17.0,0,0
2023-12-26 16:30:00,75.4,"[np.float64(824.1), np.float64(749.1), np.float64(776.3), np.float64(795.1), np.float64(803.2)]",awake,97.6,20.7,0,0
2023-12-26 17:00:00,83.1,"[np.float64(772.1), np.float64(807.7), np.float64(719.8), np.float64(775.4), np.float64(763.0)]",awake,98.4,21.6,0,0
2023-12-26 17:30:00,77.6,"[np.float64(824.2), np.float64(832.3), np.float64(817.5), np.float64(804.6), np.float64(890.4)]",awake,98.8,12.7,0,0
2023-12-26 18:00:00,77.7,"[np.float64(795.7), np.float64(794.1), np.float64(843.0), np.float64(820.2), np.float64(774.8)]",awake,98.2,18.1,0,0
2023-12-26 18:30:00,59.6,"[np.float64(830.3), np.float64(843.7), np.float64(796.1), np.float64(790.6), np.float64(789.4)]",awake,98.3,29.4,0,0
2023-12-26 19:00:00,70.3,"[np.float64(780.1), np.float64(776.1), np.float64(784.6), np.float64(684.7), np.float64(762.9)]",awake,97.3,32.9,0,0
2023-12-26 19:30:00,69.5,"[np.float64(800.4), np.float64(833.2), np.float64(836.7), np.float64(818.6), np.float64(788.0)]",awake,97.1,1.8,0,0
2023-12-26 20:00:00,59.8,"[np.float64(826.7), np.float64(793.4), np.float64(756.3), np.float64(744.1), np.float64(790.6)]",awake,98.8,20.1,0,0
2023-12-26 20:30:00,92.5,"[np.float64(864.2), np.float64(774.3), np.float64(809.9), np.float64(813.5), np.float64(811.4)]",awake,97.6,39.0,0,0
2023-12-26 21:00:00,67.9,"[np.float64(787.8), np.float64(813.3), np.float64(740.1), np.float64(801.9), np.float64(896.1)]",awake,98.1,17.9,0,0
2023-12-26 21:30:00,78.7,"[np.float64(829.9), np.float64(863.1), np.float64(804.1), np.float64(785.4), np.float64(760.0)]",awake,97.5,34.5,0,0
2023-12-26 22:00:00,61.3,"[np.float64(1109.1), np.float64(982.8), np.float64(973.6), np.float64(1008.6), np.float64(1045.7)]",light,95.4,2.6,480,450
2023-12-26 22:30:00,57.3,"[np.float64(939.2), np.float64(1073.5), np.float64(962.5), np.float64(912.4), np.float64(1007.0)]",light,96.2,4.2,480,450
2023-12-26 23:00:00,59.2,"[np.float64(1104.9), np.float64(968.0), np.float64(1038.0), np.float64(1014.2), np.float64(992.5)]",light,94.9,4.4,480,450
2023-12-26 23:30:00,52.3,"[np.float64(1035.6), np.float64(1040.1), np.float64(1009.6), np.float64(1052.4), np.float64(983.1)]",light,96.2,2.7,480,450
2023-12-27 00:00:00,55.0,"[np.float64(1072.1), np.float64(1023.7), np.float64(1002.6), np.float64(985.0), np.float64(957.1)]",deep,96.0,3.3,480,450
2023-12-27 00:30:00,57.8,"[np.float64(903.0), np.float64(1043.3), np.float64(979.1), np.float64(939.2), np.float64(1063.8)]",deep,95.3,3.2,480,450
2023-12-27 01:00:00,53.2,"[np.float64(1050.5), np.float64(989.2), np.float64(1052.8), np.float64(996.5), np.float64(954.4)]",deep,95.8,3.4,480,450
2023-12-27 01:30:00,62.8,"[np.float64(986.2), np.float64(963.2), np.float64(932.6), np.float64(993.1), np.float64(941.8)]",deep,96.5,5.1,480,450
2023-12-27 02:00:00,60.4,"[np.float64(955.6), np.float64(1026.1), np.float64(1010.5), np.float64(1010.5), np.float64(979.9)]",rem,95.4,5.5,480,450
2023-12-27 02:30:00,51.8,"[np.float64(921.2), np.float64(1017.8), np.float64(1077.1), np.float64(980.7), np.float64(921.8)]",rem,95.4,3.2,480,450
2023-12-27 03:00:00,54.7,"[np.float64(928.1), np.float64(978.5), np.float64(950.1), np.float64(1028.7), np.float64(981.2)]",rem,96.7,5.0,480,450
2023-12-27 03:30:00,67.8,"[np.float64(1045.3), np.float64(1057.9), np.float64(1046.9), np.float64(1100.9), np.float64(1049.9)]",rem,96.5,4.2,480,450
2023-12-27 04:00:00,50.7,"[np.float64(1077.0), np.float64(1076.3), np.float64(972.0), np.float64(1068.9), np.float64(1030.2)]",light,96.0,5.2,480,450
2023-12-27 04:30:00,51.0,"[np.float64(1012.8), np.float64(1039.7), np.float64(892.5), np.float64(972.0), np.float64(992.7)]",light,96.7,5.5,480,450
2023-12-27 05:00:00,57.3,"[np.float64(1044.8), np.float64(1026.8), np.float64(902.5), np.float64(1004.7), np.float64(940.7)]",light,96.8,5.3,480,450
2023-12-27 05:30:00,57.8,"[np.float64(1056.8), np.float64(998.3), np.float64(951.2), np.float64(1002.5), np.float64(985.2)]",light,96.3,4.4,480,450
2023-12-27 06:00:00,82.3,"[np.float64(799.6), np.float64(783.8), np.float64(806.2), np.float64(848.0), np.float64(836.0)]",awake,98.5,24.4,0,0
2023-12-27 06:30:00,69.3,"[np.float64(837.8), np.float64(808.8), np.float64(778.5), np.float64(821.5), np.float64(846.3)]",awake,98.0,11.4,0,0
2023-12-27 07:00:00,137.9,"[np.float64(424.5), np.float64(414.2), np.float64(394.0), np.float64(421.1), np.float64(453.6)]",awake,97.2,81.3,0,0
2023-12-27 07:30:00,113.7,"[np.float64(361.0), np.float64(436.4), np.float64(411.9), np.float64(464.6), np.float64(451.0)]",awake,98.0,87.6,0,0
2023-12-27 08:00:00,138.1,"[np.float64(439.6), np.float64(442.9), np.float64(382.2), np.float64(418.1), np.float64(416.9)]",awake,97.7,82.3,0,0
2023-12-27 08:30:00,142.8,"[np.float64(452.0), np.float64(414.7), np.float64(446.4), np.float64(390.4), np.float64(449.8)]",awake,96.6,95.4,0,0
2023-12-27 09:00:00,91.7,"[np.float64(798.2), np.float64(820.1), np.float64(794.7), np.float64(808.7), np.float64(842.1)]",awake,97.9,19.5,0,0
2023-12-27 09:30:00,73.6,"[np.float64(743.8), np.float64(868.6), np.float64(835.9), np.float64(803.1), np.float64(857.1)]",awake,98.9,1.0,0,0
2023-12-27 10:00:00,73.3,"[np.float64(904.3), np.float64(782.6), np.float64(819.6), np.float64(820.4), np.float64(836.6)]",awake,97.5,30.7,0,0
2023-12-27 10:30:00,70.7,"[np.float64(863.0), np.float64(751.4), np.float64(810.3), np.float64(791.5), np.float64(817.5)]",awake,98.1,31.1,0,0
2023-12-27 11:00:00,88.7,"[np.float64(749.9), np.float64(795.1), np.float64(795.4), np.float64(770.1), np.float64(850.0)]",awake,98.8,29.5,0,0
2023-12-27 11:30:00,65.5,"[np.float64(718.4), np.float64(789.6), np.float64(781.9), np.float64(795.0), np.float64(690.7)]",awake,99.0,25.7,0,0
2023-12-27 12:00:00,78.6,"[np.float64(760.0), np.float64(766.0), np.float64(734.7), np.float64(808.9), np.float64(803.3)]",awake,98.2,16.9,0,0
2023-12-27 12:30:00,78.7,"[np.float64(771.9), np.float64(764.3), np.float64(747.5), np.float64(812.0), np.float64(716.9)]",awake,97.9,32.0,0,0
2023-12-27 13:00:00,73.0,"[np.float64(778.3), np.float64(773.2), np.float64(826.7), np.float64(821.6), np.float64(798.3)]",awake,98.8,19.9,0,0
2023-12-27 13:30:00,73.0,"[np.float64(797.4), np.float64(797.8), np.float64(818.4), np.float64(754.9), np.float64(798.3)]",awake,98.6,14.4,0,0
2023-12-27 14:00:00,77.4,"[np.float64(761.8), np.float64(800.4), np.float64(877.1), np.float64(846.6), np.float64(850.2)]",awake,98.1,14.7,0,0
2023-12-27 14:30:00,75.1,"[np.float64(864.0), np.float64(822.5), np.float64(749.6), np.float64(869.3), np.float64(780.7)]",awake,97.0,21.4,0,0
2023-12-27 15:00:00,82.3,"[np.float64(809.3), np.float64(724.0), np.float64(786.3), np.float64(815.7), np.float64(901.1)]",awake,97.3,2.4,0,0
2023-12-27 15:30:00,65.3,"[np.float64(798.0), np.float64(902.2), np.float64(797.4), np.float64(858.2), np.float64(770.0)]",awake,98.6,9.8,0,0
2023-12-27 16:00:00,79.9,"[np.float64(761.0), np.float64(810.7), np.float64(759.9), np.float64(804.8), np.float64(843.2)]",awake,98.8,40.4,0,0
2023-12-27 16:30:00,72.1,"[np.float64(819.2), np.float64(780.9), np.float64(819.6), np.float64(841.0), np.float64(835.4)]",awake,98.4,13.0,0,0
2023-12-27 17:00:00,84.6,"[np.float64(785.8), np.float64(818.2), np.float64(738.8), np.float64(785.6), np.float64(810.8)]",awake,97.4,21.8,0,0
2023-12-27 17:30:00,86.3,"[np.float64(778.6), np.float64(804.2), np.float64(796.4), np.float64(798.2), np.float64(846.1)]",awake,97.9,10.5,0,0
2023-12-27 18:00:00,79.6,"[np.float64(789.3), np.float64(696.5), np.float64(765.6), np.float64(838.6), np.float64(847.1)]",awake,98.3,39.6,0,0
2023-12-27 18:30:00,82.1,"[np.float64(810.4), np.float64(798.1), np.float64(910.9), np.float64(777.5), np.float64(777.6)]",awake,97.9,12.4,0,0
2023-12-27 19:00:00,77.6,"[np.float64(715.7), np.float64(827.9), np.float64(789.6), np.float64(786.5), np.float64(790.1)]",awake,98.6,6.6,0,0
2023-12-27 19:30:00,77.1,"[np.float64(852.3), np.float64(741.4), np.float64(786.2), np.float64(694.9), np.float64(824.6)]",awake,98.9,19.2,0,0
2023-12-27 20:00:00,72.3,"[np.float64(812.8), np.float64(808.4), np.float64(770.7), np.float64(731.3), np.float64(799.2)]",awake,98.2,27.5,0,0
2023-12-27 20:30:00,68.2,"[np.float64(831.5), np.float64(799.2), np.float64(832.2), np.float64(820.4), np.float64(846.5)]",awake,97.6,23.1,0,0
2023-12-27 21:00:00,85.2,"[np.float64(848.0), np.float64(775.5), np.float64(795.3), np.float64(806.8), np.float64(761.1)]",awake,97.7,29.9,0,0
2023-12-27 21:30:00,58.5,"[np.float64(822.5), np.float64(808.2), np.float64(836.6), np.float64(805.7), np.float64(879.9)]",awake,98.3,25.9,0,0
2023-12-27 22:00:00,64.1,"[np.float64(1048.0), np.float64(982.2), np.float64(990.7), np.float64(951.6), np.float64(1105.9)]",light,94.5,8.1,480,450
2023-12-27 22:30:00,54.1,"[np.float64(917.0), np.float64(1058.9), np.float64(949.6), np.float64(1024.9), np.float64(944.9)]",light,95.8,4.1,480,450
2023-12-27 23:00:00,62.4,"[np.float64(960.6), np.float64(937.8), np.float64(901.8), np.float64(1009.8), np.float64(955.6)]",light,96.3,7.8,480,450
2023-12-27 23:30:00,65.7,"[np.float64(1014.5), np.float64(1092.3), np.float64(1011.1), np.float64(1021.6), np.float64(961.5)]",light,95.2,4.3,480,450
2023-12-28 00:00:00,58.4,"[np.float64(976.5), np.float64(1104.2), np.float64(932.1), np.float64(981.1), np.float64(1070.7)]",deep,96.4,5.8,480,450
2023-12-28 00:30:00,71.6,"[np.float64(1001.2), np.float64(889.6), np.float64(1038.5), np.float64(1004.5), np.float64(927.4)]",deep,96.2,3.0,480,450
2023-12-28 01:00:00,56.3,"[np.float64(989.5), np.float64(1018.6), np.float64(1028.3), np.float64(963.0), np.float64(893.4)]",deep,96.0,2.2,480,450
2023-12-28 01:30:00,58.1,"[np.float64(1024.1), np.float64(965.9), np.float64(1066.5), np.float64(948.9), np.float64(935.6)]",deep,96.2,4.6,480,450
2023-12-28 02:00:00,65.1,"[np.float64(1029.5), np.float64(964.5), np.float64(1073.9), np.float64(999.9), np.float64(958.3)]",rem,96.7,7.2,480,450
2023-12-28 02:30:00,72.3,"[np.float64(999.7), np.float64(922.7), np.float64(976.4), np.float64(981.9), np.float64(967.4)]",rem,95.8,3.7,480,450
2023-12-28 03:00:00,74.3,"[np.float64(1042.6), np.float64(990.3), np.float64(998.9), np.float64(955.0), np.float64(1077.8)]",rem,95.4,6.2,480,450
2023-12-28 03:30:00,54.1,"[np.float64(1015.0), np.float64(1022.2), np.float64(1049.1), np.float64(961.0), np.float64(943.8)]",rem,96.1,5.2,480,450
2023-12-28 04:00:00,62.8,"[np.float64(1041.7), np.float64(976.9), np.float64(988.2), np.float64(1000.4), np.float64(991.0)]",light,97.1,5.0,480,450
2023-12-28 04:30:00,58.5,"[np.float64(970.3), np.float64(1087.9), np.float64(910.4), np.float64(936.9), np.float64(1002.3)]",light,96.0,0.0,480,450
2023-12-28 05:00:00,67.8,"[np.float64(992.7), np.float64(967.3), np.float64(923.6), np.float64(1094.4), np.float64(990.2)]",light,96.3,2.2,480,450
2023-12-28 05:30:00,57.3,"[np.float64(942.1), np.float64(1086.4), np.float64(1007.5), np.float64(994.3), np.float64(1047.4)]",light,95.5,3.5,480,450
2023-12-28 06:00:00,77.3,"[np.float64(775.4), np.float64(815.4), np.float64(773.2), np.float64(802.4), np.float64(783.9)]",awake,98.0,35.3,0,0
2023-12-28 06:30:00,64.1,"[np.float64(803.7), np.float64(746.4), np.float64(907.4), np.float64(806.1), np.float64(818.1)]",awake,98.3,15.8,0,0
2023-12-28 07:00:00,152.2,"[np.float64(386.8), np.float64(441.4), np.float64(453.8), np.float64(445.1), np.float64(408.6)]",awake,97.4,95.6,0,0
2023-12-28 07:30:00,133.2,"[np.float64(414.2), np.float64(444.2), np.float64(385.3), np.float64(491.7), np.float64(455.0)]",awake,97.7,74.8,0,0
2023-12-28 08:00:00,129.7,"[np.float64(449.9), np.float64(391.9), np.float64(470.4), np.float64(428.9), np.float64(424.0)]",awake,97.5,83.8,0,0
2023-12-28 08:30:00,122.4,"[np.float64(390.0), np.float64(371.7), np.float64(462.7), np.float64(403.3), np.float64(446.9)]",awake,98.4,83.6,0,0
2023-12-28 09:00:00,79.9,"[np.float64(888.5), np.float64(799.6), np.float64(796.1), np.float64(820.9), np.float64(761.6)]",awake,97.4,24.3,0,0
2023-12-28 09:30:00,60.4,"[np.float64(787.5), np.float64(820.2), np.float64(818.5), np.float64(795.9), np.float64(837.7)]",awake,98.7,12.7,0,0
2023-12-28 10:00:00,72.4,"[np.float64(732.7), np.float64(780.0), np.float64(749.2), np.float64(811.0), np.float64(798.3)]",awake,97.9,20.0,0,0
2023-12-28 10:30:00,84.6,"[np.float64(832.9), np.float64(778.7), np.float64(842.1), np.float64(844.3), np.float64(800.4)]",awake,97.8,21.6,0,0
2023-12-28 11:00:00,69.6,"[np.float64(855.7), np.float64(831.6), np.float64(763.9), np.float64(800.6), np.float64(822.6)]",awake,97.0,12.2,0,0
2023-12-28 11:30:00,75.4,"[np.float64(797.7), np.float64(836.3), np.float64(756.2), np.float64(793.8), np.float64(794.3)]",awake,97.9,14.4,0,0
2023-12-28 12:00:00,68.6,"[np.float64(825.3), np.float64(881.4), np.float64(769.2), np.float64(836.9), np.float64(753.1)]",awake,97.6,12.4,0,0
2023-12-28 12:30:00,87.0,"[np.float64(859.8), np.float64(809.9), np.float64(833.0), np.float64(839.7), np.float64(809.3)]",awake,98.3,19.1,0,0
2023-12-28 13:00:00,72.7,"[np.float64(819.7), np.float64(788.4), np.float64(773.8), np.float64(735.1), np.float64(795.1)]",awake,97.8,0.0,0,0
2023-12-28 13:30:00,73.9,"[np.float64(745.6), np.float64(783.8), np.float64(770.6), np.float64(810.9), np.float64(788.4)]",awake,96.8,14.2,0,0
2023-12-28 14:00:00,75.0,"[np.float64(788.2), np.float64(820.9), np.float64(783.4), np.float64(737.9), np.float64(805.8)]",awake,97.1,26.5,0,0
2023-12-28 14:30:00,57.4,"[np.float64(735.1), np.float64(778.0), np.float64(773.8), np.float64(839.7), np.float64(807.2)]",awake,98.1,25.7,0,0
2023-12-28 15:00:00,80.6,"[np.float64(807.2), np.float64(820.1), np.float64(798.2), np.float64(726.8), np.float64(863.5)]",awake,98.5,16.0,0,0
2023-12-28 15:30:00,66.8,"[np.float64(748.1), np.float64(805.2), np.float64(848.6), np.float64(797.2), np.float64(830.1)]",awake,97.1,13.9,0,0
2023-12-28 16:00:00,77.3,"[np.float64(769.7), np.float64(772.8), np.float64(759.5), np.float64(729.9), np.float64(687.6)]",awake,97.6,13.0,0,0
2023-12-28 16:30:00,67.7,"[np.float64(827.3), np.float64(699.3), np.float64(758.6), np.float64(818.3), np.float64(848.5)]",awake,97.9,17.6,0,0
2023-12-28 17:00:00,68.0,"[np.float64(831.3), np.float64(782.0), np.float64(768.4), np.float64(795.7), np.float64(827.3)]",awake,97.5,23.9,0,0
2023-12-28 17:30:00,66.5,"[np.float64(829.1), np.float64(784.3), np.float64(787.3), np.float64(769.6), np.float64(765.0)]",awake,97.0,9.6,0,0
2023-12-28 18:00:00,71.9,"[np.float64(811.6), np.float64(742.9), np.float64(796.6), np.float64(774.2), np.float64(819.7)]",awake,97.2,14.2,0,0
2023-12-28 18:30:00,73.1,"[np.float64(742.5), np.float64(738.9), np.float64(782.7), np.float64(798.9), np.float64(792.4)]",awake,98.0,11.4,0,0
2023-12-28 19:00:00,82.0,"[np.float64(779.4), np.float64(809.0), np.float64(850.5), np.float64(788.0), np.float64(719.0)]",awake,97.2,18.3,0,0
2023-12-28 19:30:00,85.0,"[np.float64(809.6), np.float64(838.4), np.float64(762.4), np.float64(717.9), np.float64(834.1)]",awake,98.5,35.1,0,0
2023-12-28 20:00:00,77.0,"[np.float64(864.1), np.float64(798.6), np.float64(823.7), np.float64(745.9), np.float64(753.3)]",awake,98.7,22.1,0,0
2023-12-28 20:30:00,68.2,"[np.float64(756.5), np.float64(775.3), np.float64(758.4), np.float64(810.0), np.float64(782.4)]",awake,98.2,40.3,0,0
2023-12-28 21:00:00,81.3,"[np.float64(789.4), np.float64(824.5), np.float64(715.7), np.float64(810.9), np.float64(835.7)]",awake,98.3,35.9,0,0
2023-12-28 21:30:00,65.3,"[np.float64(761.4), np.float64(875.9), np.float64(822.7), np.float64(689.2), np.float64(802.4)]",awake,97.5,28.2,0,0
2023-12-28 22:00:00,64.2,"[np.float64(927.3), np.float64(923.2), np.float64(1040.8), np.float64(893.7), np.float64(976.7)]",light,96.2,5.3,480,450
2023-12-28 22:30:00,49.8,"[np.float64(966.4), np.float64(1043.0), np.float64(1019.9), np.float64(1040.1), np.float64(999.5)]",light,95.9,4.2,480,450
2023-12-28 23:00:00,56.7,"[np.float64(1007.1), np.float64(1045.0), np.float64(1065.5), np.float64(1049.4), np.float64(998.8)]",light,95.2,8.7,480,450
2023-12-28 23:30:00,58.8,"[np.float64(1061.9), np.float64(1013.3), np.float64(961.0), np.float64(999.2), np.float64(983.8)]",light,95.7,4.3,480,450
2023-12-29 00:00:00,65.9,"[np.float64(1034.2), np.float64(913.5), np.float64(881.5), np.float64(984.7), np.float64(914.5)]",deep,95.9,4.2,480,450
2023-12-29 00:30:00,48.9,"[np.float64(1018.6), np.float64(999.3), np.float64(946.0), np.float64(979.1), np.float64(1062.1)]",deep,96.1,5.4,480,450
2023-12-29 01:00:00,51.3,"[np.float64(967.5), np.float64(1030.9), np.float64(1048.2), np.float64(983.5), np.float64(1036.7)]",deep,95.9,6.2,480,450
2023-12-29 01:30:00,57.8,"[np.float64(1016.1), np.float64(1024.3), np.float64(1010.6), np.float64(989.1), np.float64(1052.5)]",deep,95.4,5.7,480,450
2023-12-29 02:00:00,57.4,"[np.float64(1013.6), np.float64(984.2), np.float64(997.5), np.float64(1095.1), np.float64(1034.6)]",rem,95.4,2.6,480,450
2023-12-29 02:30:00,55.7,"[np.float64(970.5), np.float64(1006.7), np.float64(959.7), np.float64(962.6), np.float64(890.2)]",rem,95.9,4.2,480,450
2023-12-29 03:00:00,55.2,"[np.float64(1019.3), np.float64(970.5), np.float64(1095.8), np.float64(1036.6), np.float64(1043.5)]",rem,96.0,7.1,480,450
2023-12-29 03:30:00,55.1,"[np.float64(981.9), np.float64(1027.4), np.float64(956.9), np.float64(959.2), np.float64(982.1)]",rem,96.3,6.7,480,450
2023-12-29 04:00:00,60.0,"[np.float64(968.6), np.float64(1013.8), np.float64(978.2), np.float64(993.7), np.float64(1075.1)]",light,95.4,3.0,480,450
2023-12-29 04:30:00,59.5,"[np.float64(995.3), np.float64(991.9), np.float64(963.9), np.float64(1129.3), np.float64(1023.1)]",light,95.5,4.3,480,450
2023-12-29 05:00:00,67.4,"[np.float64(1019.5), np.float64(1041.0), np.float64(1038.8), np.float64(993.5), np.float64(1003.2)]",light,95.9,5.6,480,450
2023-12-29 05:30:00,61.3,"[np.float64(888.8), np.float64(961.0), np.float64(986.4), np.float64(1000.0), np.float64(995.6)]",light,95.2,7.9,480,450
2023-12-29 06:00:00,67.4,"[np.float64(779.9), np.float64(767.8), np.float64(824.0), np.float64(819.4), np.float64(811.6)]",awake,99.0,7.3,0,0
2023-12-29 06:30:00,64.5,"[np.float64(769.6), np.float64(793.5), np.float64(802.5), np.float64(739.6), np.float64(829.3)]",awake,98.2,23.5,0,0
2023-12-29 07:00:00,136.1,"[np.float64(467.5), np.float64(457.9), np.float64(454.4), np.float64(425.5), np.float64(446.4)]",awake,98.3,78.8,0,0
2023-12-29 07:30:00,138.5,"[np.float64(450.1), np.float64(433.2), np.float64(446.8), np.float64(423.1), np.float64(400.3)]",awake,97.7,79.4,0,0
2023-12-29 08:00:00,143.0,"[np.float64(435.0), np.float64(458.7), np.float64(389.4), np.float64(477.2), np.float64(387.1)]",awake,98.1,90.6,0,0
2023-12-29 08:30:00,128.6,"[np.float64(462.8), np.float64(416.9), np.float64(423.6), np.float64(512.7), np.float64(427.0)]",awake,97.8,80.0,0,0
2023-12-29 09:00:00,74.1,"[np.float64(751.4), np.float64(776.2), np.float64(867.1), np.float64(790.8), np.float64(776.1)]",awake,98.6,19.0,0,0
2023-12-29 09:30:00,77.2,"[np.float64(889.3), np.float64(842.6), np.float64(761.8), np.float64(828.8), np.float64(850.9)]",awake,97.9,22.7,0,0
2023-12-29 10:00:00,87.2,"[np.float64(798.6), np.float64(811.9), np.float64(717.1), np.float64(821.4), np.float64(798.8)]",awake,97.7,35.3,0,0
2023-12-29 10:30:00,71.8,"[np.float64(802.0), np.float64(816.0), np.float64(752.0), np.float64(812.4), np.float64(791.7)]",awake,97.8,12.0,0,0
2023-12-29 11:00:00,65.6,"[np.float64(765.2), np.float64(738.8), np.float64(781.3), np.float64(802.4), np.float64(741.3)]",awake,99.0,23.1,0,0
2023-12-29 11:30:00,76.5,"[np.float64(750.8), np.float64(807.4), np.float64(762.0), np.float64(860.1), np.float64(824.5)]",awake,97.9,0.0,0,0
2023-12-29 12:00:00,70.4,"[np.float64(810.1), np.float64(841.6), np.float64(807.3), np.float64(798.5), np.float64(798.7)]",awake,98.0,18.1,0,0
2023-12-29 12:30:00,88.5,"[np.float64(748.3), np.float64(801.9), np.float64(805.3), np.float64(818.1), np.float64(749.5)]",awake,98.6,22.6,0,0
2023-12-29 13:00:00,77.4,"[np.float64(869.6), np.float64(861.5), np.float64(765.5), np.float64(735.0), np.float64(780.3)]",awake,98.5,10.0,0,0
2023-12-29 13:30:00,62.3,"[np.float64(782.6), np.float64(822.4), np.float64(828.4), np.float64(844.3), np.float64(780.9)]",awake,98.0,23.7,0,0
2023-12-29 14:00:00,71.0,"[np.float64(731.7), np.float64(729.9), np.float64(792.4), np.float64(817.2), np.float64(779.1)]",awake,97.9,33.8,0,0
2023-12-29 14:30:00,74.1,"[np.float64(782.0), np.float64(832.9), np.float64(761.6), np.float64(789.1), np.float64(817.7)]",awake,98.5,0.0,0,0
2023-12-29 15:00:00,76.3,"[np.float64(811.1), np.float64(793.5), np.float64(758.7), np.float64(762.5), np.float64(814.8)]",awake,97.5,30.2,0,0
2023-12-29 15:30:00,85.8,"[np.float64(801.2), np.float64(746.2), np.float64(724.2), np.float64(883.0), np.float64(775.6)]",awake,97.8,17.9,0,0
2023-12-29 16:00:00,72.4,"[np.float64(794.1), np.float64(777.2), np.float64(772.7), np.float64(774.6), np.float64(746.2)]",awake,98.3,14.0,0,0
2023-12-29 16:30:00,67.1,"[np.float64(801.3), np.float64(874.2), np.float64(782.0), np.float64(775.0), np.float64(789.7)]",awake,98.4,13.6,0,0
2023-12-29 17:00:00,86.5,"[np.float64(730.8), np.float64(830.7), np.float64(822.3), np.float64(721.8), np.float64(892.5)]",awake,98.0,15.9,0,0
2023-12-29 17:30:00,84.0,"[np.float64(858.1), np.float64(819.3), np.float64(813.6), np.float64(847.9), np.float64(779.3)]",awake,98.3,12.4,0,0
2023-12-29 18:00:00,88.4,"[np.float64(783.2), np.float64(812.8), np.float64(768.0), np.float64(880.1), np.float64(830.0)]",awake,98.2,15.3,0,0
2023-12-29 18:30:00,71.9,"[np.float64(791.2), np.float64(799.8), np.float64(773.0), np.float64(870.7), np.float64(715.5)]",awake,97.6,12.0,0,0
2023-12-29 19:00:00,94.5,"[np.float64(746.6), np.float64(785.5), np.float64(784.8), np.float64(766.3), np.float64(789.2)]",awake,98.8,23.5,0,0
2023-12-29 19:30:00,79.3,"[np.float64(818.9), np.float64(809.1), np.float64(750.7), np.float64(809.1), np.float64(791.5)]",awake,98.3,15.9,0,0
2023-12-29 20:00:00,82.5,"[np.float64(794.8), np.float64(837.5), np.float64(723.0), np.float64(775.1), np.float64(735.5)]",awake,97.5,17.0,0,0
2023-12-29 20:30:00,79.4,"[np.float64(855.5), np.float64(865.3), np.float64(804.7), np.float64(783.9), np.float64(829.3)]",awake,97.2,5.4,0,0
2023-12-29 21:00:00,73.0,"[np.float64(702.6), np.float64(807.7), np.float64(723.6), np.float64(804.1), np.float64(801.1)]",awake,98.2,26.5,0,0
2023-12-29 21:30:00,86.1,"[np.float64(804.0), np.float64(789.7), np.float64(768.7), np.float64(725.4), np.float64(916.2)]",awake,97.8,23.3,0,0
2023-12-29 22:00:00,52.2,"[np.float64(901.2), np.float64(1003.1), np.float64(961.8), np.float64(857.7), np.float64(1054.6)]",light,95.9,2.4,480,450
2023-12-29 22:30:00,59.4,"[np.float64(1085.7), np.float64(934.7), np.float64(1015.6), np.float64(930.1), np.float64(985.8)]",light,95.7,5.4,480,450
2023-12-29 23:00:00,53.7,"[np.float64(1034.1), np.float64(1052.9), np.float64(1098.1), np.float64(1029.3), np.float64(1064.9)]",light,95.9,7.4,480,450
2023-12-29 23:30:00,60.8,"[np.float64(1072.6), np.float64(949.4), np.float64(1005.5), np.float64(1011.7), np.float64(951.1)]",light,96.0,3.5,480,450
2023-12-30 00:00:00,66.1,"[np.float64(906.4), np.float64(1077.6), np.float64(959.8), np.float64(969.9), np.float64(974.1)]",deep,95.4,5.1,480,450
2023-12-30 00:30:00,53.0,"[np.float64(886.4), np.float64(963.9), np.float64(1027.7), np.float64(1020.5), np.float64(1011.2)]",deep,96.1,4.7,480,450
2023-12-30 01:00:00,47.9,"[np.float64(956.0), np.float64(1083.4), np.float64(997.4), np.float64(1068.6), np.float64(954.0)]",deep,95.8,4.7,480,450
2023-12-30 01:30:00,62.3,"[np.float64(935.7), np.float64(1007.1), np.float64(950.7), np.float64(1075.7), np.float64(998.9)]",deep,96.8,3.7,480,450
2023-12-30 02:00:00,60.5,"[np.float64(1076.5), np.float64(1016.1), np.float64(938.3), np.float64(1075.1), np.float64(1051.3)]",rem,94.5,6.4,480,450
2023-12-30 02:30:00,51.6,"[np.float64(1119.1), np.float64(1055.4), np.float64(919.1), np.float64(1022.7), np.float64(1051.7)]",rem,96.1,4.9,480,450
2023-12-30 03:00:00,66.7,"[np.float64(954.8), np.float64(957.6), np.float64(1008.4), np.float64(963.9), np.float64(979.5)]",rem,95.8,2.6,480,450
2023-12-30 03:30:00,49.4,"[np.float64(941.4), np.float64(992.2), np.float64(991.8), np.float64(1029.9), np.float64(1063.7)]",rem,96.9,3.7,480,450
2023-12-30 04:00:00,52.2,"[np.float64(1036.6), np.float64(1013.3), np.float64(953.5), np.float64(1014.4), np.float64(963.1)]",light,96.2,3.7,480,450
2023-12-30 04:30:00,56.6,"[np.float64(1064.6), np.float64(1087.4), np.float64(1076.9), np.float64(1002.7), np.float64(1062.3)]",light,96.7,7.5,480,450
2023-12-30 05:00:00,62.5,"[np.float64(1006.8), np.float64(940.4), np.float64(1097.3), np.float64(997.2), np.float64(1048.3)]",light,97.3,6.7,480,450
2023-12-30 05:30:00,54.1,"[np.float64(916.5), np.float64(1061.3), np.float64(933.4), np.float64(953.5), np.float64(991.5)]",light,95.9,5.6,480,450
2023-12-30 06:00:00,78.7,"[np.float64(768.0), np.float64(697.7), np.float64(852.4), np.float64(769.4), np.float64(857.4)]",awake,97.7,15.6,0,0
2023-12-30 06:30:00,64.9,"[np.float64(817.3), np.float64(759.2), np.float64(912.2), np.float64(817.1), np.float64(784.0)]",awake,97.8,10.1,0,0
2023-12-30 07:00:00,74.9,"[np.float64(785.7), np.float64(867.5), np.float64(791.0), np.float64(803.6), np.float64(803.0)]",awake,98.2,32.7,0,0
2023-12-30 07:30:00,75.7,"[np.float64(797.8), np.float64(806.0), np.float64(803.3), np.float64(791.9), np.float64(803.7)]",awake,98.3,16.2,0,0
2023-12-30 08:00:00,80.8,"[np.float64(776.9), np.float64(804.9), np.float64(802.0), np.float64(773.1), np.float64(802.1)]",awake,98.3,15.2,0,0
2023-12-30 08:30:00,75.9,"[np.float64(881.5), np.float64(739.9), np.float64(830.4), np.float64(780.8), np.float64(896.7)]",awake,97.9,1.2,0,0
2023-12-30 09:00:00,75.8,"[np.float64(819.1), np.float64(815.7), np.float64(779.6), np.float64(800.8), np.float64(823.8)]",awake,98.2,12.2,0,0
2023-12-30 09:30:00,67.0,"[np.float64(823.5), np.float64(794.4), np.float64(809.1), np.float64(809.1), np.float64(767.3)]",awake,98.1,24.2,0,0
2023-12-30 10:00:00,80.4,"[np.float64(803.2), np.float64(887.0), np.float64(868.2), np.float64(764.2), np.float64(846.2)]",awake,98.5,0.0,0,0
2023-12-30 10:30:00,68.2,"[np.float64(837.3), np.float64(809.1), np.float64(784.1), np.float64(724.2), np.float64(775.7)]",awake,97.6,24.7,0,0
2023-12-30 11:00:00,79.0,"[np.float64(760.3), np.float64(756.0), np.float64(747.6), np.float64(735.1), np.float64(772.1)]",awake,97.8,10.3,0,0
2023-12-30 11:30:00,83.5,"[np.float64(801.8), np.float64(834.1), np.float64(774.1), np.float64(761.2), np.float64(822.7)]",awake,98.2,12.6,0,0
2023-12-30 12:00:00,69.5,"[np.float64(886.8), np.float64(833.9), np.float64(824.8), np.float64(775.1), np.float64(835.6)]",awake,98.7,16.3,0,0
2023-12-30 12:30:00,84.9,"[np.float64(753.2), np.float64(775.8), np.float64(834.0), np.float64(886.6), np.float64(804.5)]",awake,97.2,10.8,0,0
2023-12-30 13:00:00,79.8,"[np.float64(774.6), np.float64(765.4), np.float64(801.0), np.float64(798.0), np.float64(810.2)]",awake,97.6,1.3,0,0
2023-12-30 13:30:00,75.9,"[np.float64(783.3), np.float64(916.8), np.float64(821.3), np.float64(780.5), np.float64(807.9)]",awake,98.3,27.9,0,0
2023-12-30 14:00:00,70.9,"[np.float64(728.4), np.float64(807.3), np.float64(810.1), np.float64(711.0), np.float64(802.4)]",awake,97.8,29.5,0,0
2023-12-30 14:30:00,84.3,"[np.float64(760.4), np.float64(826.4), np.float64(787.6), np.float64(734.9), np.float64(821.5)]",awake,98.1,24.3,0,0
2023-12-30 15:00:00,61.9,"[np.float64(786.3), np.float64(822.5), np.float64(808.1), np.float64(825.3), np.float64(784.3)]",awake,98.1,10.2,0,0
2023-12-30 15:30:00,80.9,"[np.float64(786.0), np.float64(796.5), np.float64(770.4), np.float64(855.7), np.float64(851.1)]",awake,98.2,41.4,0,0
2023-12-30 16:00:00,73.0,"[np.float64(832.5), np.float64(778.2), np.float64(859.7), np.float64(816.4), np.float64(830.8)]",awake,98.3,23.5,0,0
2023-12-30 16:30:00,79.8,"[np.float64(818.1), np.float64(800.8), np.float64(785.3), np.float64(849.5), np.float64(837.2)]",awake,98.9,4.8,0,0
2023-12-30 17:00:00,62.4,"[np.float64(798.3), np.float64(816.4), np.float64(762.2), np.float64(761.0), np.float64(805.5)]",awake,97.9,12.0,0,0
2023-12-30 17:30:00,66.7,"[np.float64(791.8), np.float64(829.9), np.float64(840.7), np.float64(814.6), np.float64(787.5)]",awake,98.7,30.3,0,0
2023-12-30 18:00:00,85.1,"[np.float64(732.9), np.float64(799.0), np.float64(721.9), np.float64(790.5), np.float64(781.0)]",awake,98.0,10.2,0,0
2023-12-30 18:30:00,90.1,"[np.float64(777.8), np.float64(801.5), np.float64(816.9), np.float64(702.0), np.float64(753.2)]",awake,97.8,9.9,0,0
2023-12-30 19:00:00,75.5,"[np.float64(757.1), np.float64(740.9), np.float64(794.7), np.float64(838.7), np.float64(858.8)]",awake,97.4,17.9,0,0
2023-12-30 19:30:00,66.1,"[np.float64(779.0), np.float64(758.2), np.float64(764.0), np.float64(869.8), np.float64(865.2)]",awake,98.1,23.9,0,0
2023-12-30 20:00:00,80.4,"[np.float64(788.3), np.float64(752.2), np.float64(849.4), np.float64(770.6), np.float64(818.0)]",awake,98.4,19.6,0,0
2023-12-30 20:30:00,90.2,"[np.float64(802.9), np.float64(812.6), np.float64(730.9), np.float64(837.1), np.float64(761.6)]",awake,99.0,29.2,0,0
2023-12-30 21:00:00,72.0,"[np.float64(776.0), np.float64(801.9), np.float64(816.2), np.float64(779.0), np.float64(785.6)]",awake,98.0,16.4,0,0
2023-12-30 21:30:00,72.8,"[np.float64(836.1), np.float64(744.4), np.float64(876.7), np.float64(821.4), np.float64(752.5)]",awake,98.4,26.3,0,0
2023-12-30 22:00:00,57.5,"[np.float64(1016.7), np.float64(996.0), np.float64(1045.1), np.float64(1041.5), np.float64(1008.7)]",light,95.7,8.3,480,450
2023-12-30 22:30:00,60.6,"[np.float64(1071.4), np.float64(936.9), np.float64(998.6), np.float64(1041.7), np.float64(929.5)]",light,96.1,4.8,480,450
2023-12-30 23:00:00,56.4,"[np.float64(974.0), np.float64(965.6), np.float64(1051.8), np.float64(1025.1), np.float64(918.9)]",light,96.4,2.3,480,450
2023-12-30 23:30:00,67.8,"[np.float64(961.1), np.float64(980.4), np.float64(943.4), np.float64(987.3), np.float64(994.0)]",light,96.8,5.7,480,450
